2025-10-11 11:58:54,631 [INFO] Activator:176 - 


2025-10-11 11:58:54,637 [INFO] Activator:177 - !SESSION log4j initialized
2025-10-11 11:58:59,851 [INFO] LogOutputStream:77 - [STDOUT_REDIRECT] 
2025-10-11 11:59:02,983 [INFO] ApplicationProperties:184 - Using Application install path: C:\ST\STM32CubeIDE_1.19.0\STM32CubeIDE\plugins\com.st.stm32cube.common.mx_6.15.0.202507011659
2025-10-11 11:59:02,999 [INFO] DbMcusXml:78 - Set database path to: C:\ST\STM32CubeIDE_1.19.0\STM32CubeIDE\plugins\com.st.stm32cube.common.mx_6.15.0.202507011659\\db\/mcu/
2025-10-11 11:59:03,001 [INFO] ApiDb:274 - Set plugin database path to: C:\ST\STM32CubeIDE_1.19.0\STM32CubeIDE\plugins\com.st.stm32cube.common.mx_6.15.0.202507011659\\db\/plugins/boardmanager/
2025-10-11 11:59:03,001 [WARN] ApiDb:259 - Overriding images path with different value:  => C:\ST\STM32CubeIDE_1.19.0\STM32CubeIDE\plugins\com.st.stm32cube.common.mx_6.15.0.202507011659\\db\/plugins/mcufinder/images/
2025-10-11 11:59:03,010 [INFO] ApiDb:250 - Set database path to: C:\Users\Paulo\.stmcufinder\plugins\mcufinder//mcu/
2025-10-11 11:59:03,011 [INFO] DbMcusAds:125 - Set database path to: C:\Users\Paulo\.stmcufinder\plugins\mcufinder//mcu/
2025-10-11 11:59:03,013 [INFO] CrossReferenceDbSqlite:203 - Set database path to: C:\Users\Paulo\.stmcufinder\plugins\mcufinder//mcu/cs/
2025-10-11 11:59:03,112 [INFO] RulesReader:64 - Compatibility file has been processed (317 Rules)
2025-10-11 11:59:03,185 [INFO] DbMcusXml:78 - Set database path to: C:\ST\STM32CubeIDE_1.19.0\STM32CubeIDE\plugins\com.st.stm32cube.common.mx_6.15.0.202507011659\\db\/mcu/
2025-10-11 11:59:03,185 [INFO] ApiDb:274 - Set plugin database path to: C:\ST\STM32CubeIDE_1.19.0\STM32CubeIDE\plugins\com.st.stm32cube.common.mx_6.15.0.202507011659\\db\/plugins/boardmanager/
2025-10-11 11:59:03,185 [INFO] ApiDb:261 - Set plugin images path to: C:\ST\STM32CubeIDE_1.19.0\STM32CubeIDE\plugins\com.st.stm32cube.common.mx_6.15.0.202507011659\\db\/plugins/mcufinder/images/
2025-10-11 11:59:03,185 [WARN] DbFile:41 - Overriding database path with different value: C:\Users\Paulo\.stmcufinder\plugins\mcufinder/ => C:\Users\Paulo\.stmcufinder\plugins\mcufinder
2025-10-11 11:59:03,185 [INFO] ApiDb:250 - Set database path to: C:\Users\Paulo\.stmcufinder\plugins\mcufinder//mcu/
2025-10-11 11:59:03,185 [WARN] DbFile:41 - Overriding database path with different value: C:\Users\Paulo\.stmcufinder\plugins\mcufinder/ => C:\Users\Paulo\.stmcufinder\plugins\mcufinder
2025-10-11 11:59:03,185 [INFO] DbMcusAds:125 - Set database path to: C:\Users\Paulo\.stmcufinder\plugins\mcufinder//mcu/
2025-10-11 11:59:03,185 [WARN] DbFile:41 - Overriding database path with different value: C:\Users\Paulo\.stmcufinder\plugins\mcufinder/ => C:\Users\Paulo\.stmcufinder\plugins\mcufinder
2025-10-11 11:59:03,185 [WARN] DbFile:41 - Overriding database path with different value: C:\Users\Paulo\.stmcufinder\plugins\mcufinder/ => C:\Users\Paulo\.stmcufinder\plugins\mcufinder
2025-10-11 11:59:03,185 [INFO] CrossReferenceDbSqlite:203 - Set database path to: C:\Users\Paulo\.stmcufinder\plugins\mcufinder//mcu/cs/
2025-10-11 11:59:03,267 [INFO] MainPanel:274 - HeapMemory: 268435456
2025-10-11 11:59:03,381 [INFO] DbMcusXml:78 - Set database path to: C:\ST\STM32CubeIDE_1.19.0\STM32CubeIDE\plugins\com.st.stm32cube.common.mx_6.15.0.202507011659\\db\/mcu/
2025-10-11 11:59:03,381 [INFO] ApiDb:274 - Set plugin database path to: C:\ST\STM32CubeIDE_1.19.0\STM32CubeIDE\plugins\com.st.stm32cube.common.mx_6.15.0.202507011659\\db\/plugins/boardmanager/
2025-10-11 11:59:03,381 [INFO] ApiDb:261 - Set plugin images path to: C:\ST\STM32CubeIDE_1.19.0\STM32CubeIDE\plugins\com.st.stm32cube.common.mx_6.15.0.202507011659\\db\/plugins/mcufinder/images/
2025-10-11 11:59:03,381 [WARN] DbFile:41 - Overriding database path with different value: C:\Users\Paulo\.stmcufinder\plugins\mcufinder/ => C:\Users\Paulo\.stmcufinder\plugins\mcufinder
2025-10-11 11:59:03,381 [INFO] ApiDb:250 - Set database path to: C:\Users\Paulo\.stmcufinder\plugins\mcufinder//mcu/
2025-10-11 11:59:03,381 [WARN] DbFile:41 - Overriding database path with different value: C:\Users\Paulo\.stmcufinder\plugins\mcufinder/ => C:\Users\Paulo\.stmcufinder\plugins\mcufinder
2025-10-11 11:59:03,381 [INFO] DbMcusAds:125 - Set database path to: C:\Users\Paulo\.stmcufinder\plugins\mcufinder//mcu/
2025-10-11 11:59:03,381 [WARN] DbFile:41 - Overriding database path with different value: C:\Users\Paulo\.stmcufinder\plugins\mcufinder/ => C:\Users\Paulo\.stmcufinder\plugins\mcufinder
2025-10-11 11:59:03,381 [WARN] DbFile:41 - Overriding database path with different value: C:\Users\Paulo\.stmcufinder\plugins\mcufinder/ => C:\Users\Paulo\.stmcufinder\plugins\mcufinder
2025-10-11 11:59:03,382 [INFO] CrossReferenceDbSqlite:203 - Set database path to: C:\Users\Paulo\.stmcufinder\plugins\mcufinder//mcu/cs/
2025-10-11 11:59:03,399 [INFO] ApplicationProperties:184 - Using Application install path: C:\ST\STM32CubeIDE_1.19.0\STM32CubeIDE\plugins\com.st.stm32cube.common.mx_6.15.0.202507011659
2025-10-11 11:59:03,400 [INFO] PluginManage:196 - Search for loadable plugins [exclusion list=, ]
2025-10-11 11:59:03,401 [INFO] PluginManage:310 - Check plugin analytics
2025-10-11 11:59:03,574 [INFO] AnalyticsPlugin:253 - Accepted Software Licenses: 
2025-10-11 11:59:03,574 [INFO] AnalyticsPlugin:255 - Accepted CMSIS Pack Licenses: STMicroelectronics.X-CUBE-NFC10.1.0.0
2025-10-11 11:59:03,574 [INFO] AnalyticsPlugin:257 - Accepted Firmware Licenses: FW.F4.1.28.0,FW.F4.1.27.0
2025-10-11 11:59:03,576 [INFO] PluginManage:359 - Loaded plugin analytics (category:tool,tabindex:-1)
2025-10-11 11:59:03,577 [INFO] PluginManage:310 - Check plugin cadmodel
2025-10-11 11:59:03,583 [INFO] CADModel:105 - Init CAD model plugin
2025-10-11 11:59:03,583 [INFO] PluginManage:359 - Loaded plugin cadmodel (category:power,tabindex:5)
2025-10-11 11:59:03,583 [INFO] PluginManage:310 - Check plugin clock
2025-10-11 11:59:03,593 [INFO] PluginManage:359 - Loaded plugin clock (category:base,tabindex:2)
2025-10-11 11:59:03,593 [INFO] PluginManage:310 - Check plugin ddr
2025-10-11 11:59:03,596 [INFO] PluginManage:359 - Loaded plugin ddr (category:tool,tabindex:6)
2025-10-11 11:59:03,596 [INFO] PluginManage:310 - Check plugin filemanager
2025-10-11 11:59:03,734 [INFO] PluginManage:359 - Loaded plugin filemanager (category:base,tabindex:10)
2025-10-11 11:59:03,734 [INFO] PluginManage:310 - Check plugin ipmanager
2025-10-11 11:59:03,739 [INFO] PluginManage:359 - Loaded plugin ipmanager (category:base,tabindex:5)
2025-10-11 11:59:03,739 [INFO] PluginManage:310 - Check plugin lpbam
2025-10-11 11:59:03,747 [INFO] PluginManage:359 - Loaded plugin lpbam (category:base,tabindex:0)
2025-10-11 11:59:03,747 [INFO] PluginManage:310 - Check plugin memorymap
2025-10-11 11:59:03,766 [INFO] PluginManage:359 - Loaded plugin memorymap (category:base,tabindex:4)
2025-10-11 11:59:03,766 [INFO] PluginManage:310 - Check plugin pinoutandconfiguration
2025-10-11 11:59:03,775 [INFO] PluginManage:359 - Loaded plugin pinoutandconfiguration (category:base,tabindex:1)
2025-10-11 11:59:03,776 [INFO] PluginManage:310 - Check plugin pinoutconfig
2025-10-11 11:59:03,856 [WARN] SupportedApi:132 - Cannot load RTOS API schema: s4s-elt-must-match.1: The content of 'definitions' must match (annotation?, (simpleType | complexType)?, (unique | key | keyref)*)). A problem was found starting at: attribute.
2025-10-11 11:59:03,985 [INFO] PluginManage:359 - Loaded plugin pinoutconfig (category:base,tabindex:0)
2025-10-11 11:59:03,985 [INFO] PluginManage:310 - Check plugin power
2025-10-11 11:59:03,994 [INFO] PluginManage:359 - Loaded plugin power (category:power,tabindex:4)
2025-10-11 11:59:03,994 [INFO] PluginManage:310 - Check plugin projectmanager
2025-10-11 11:59:04,007 [INFO] PluginManage:359 - Loaded plugin projectmanager (category:projectmanager,tabindex:4)
2025-10-11 11:59:04,007 [INFO] PluginManage:310 - Check plugin rif
2025-10-11 11:59:04,017 [INFO] PluginManage:359 - Loaded plugin rif (category:base,tabindex:3)
2025-10-11 11:59:04,017 [INFO] PluginManage:310 - Check plugin thirdparty
2025-10-11 11:59:04,146 [INFO] PluginManage:359 - Loaded plugin thirdparty (category:base,tabindex:-1)
2025-10-11 11:59:04,146 [WARN] IntegrityCheckThread:84 - waiting for thirdparty lock release [integrity check]
2025-10-11 11:59:04,146 [INFO] PluginManage:310 - Check plugin tools
2025-10-11 11:59:04,146 [INFO] IntegrityCheckThread:86 - entering critical section [integrity check]
2025-10-11 11:59:04,146 [INFO] ThirdPartyUpdaterWithRetryManager:70 - Updater plugin not ready yet. [1/15]
2025-10-11 11:59:04,148 [INFO] PluginManage:359 - Loaded plugin tools (category:base,tabindex:7)
2025-10-11 11:59:04,148 [INFO] PluginManage:310 - Check plugin tutovideos
2025-10-11 11:59:04,342 [INFO] PluginManage:359 - Loaded plugin tutovideos (category:base,tabindex:-1)
2025-10-11 11:59:04,342 [INFO] PluginManage:310 - Check plugin updater
2025-10-11 11:59:04,362 [INFO] PluginManage:359 - Loaded plugin updater (category:base,tabindex:12)
2025-10-11 11:59:04,362 [INFO] PluginManage:310 - Check plugin userauth
2025-10-11 11:59:04,366 [INFO] UserAuth:118 - Init User Auth plugin
2025-10-11 11:59:04,367 [INFO] PluginManage:359 - Loaded plugin userauth (category:base,tabindex:14)
2025-10-11 11:59:04,367 [INFO] PluginManage:283 - PluginManage : Loaded plugins [18]
2025-10-11 11:59:04,562 [INFO] PinOutPanel:1589 - setPackage(No Configuration,No Configuration)
2025-10-11 11:59:04,640 [INFO] CADModel:165 - CPN selected for project level
2025-10-11 11:59:04,640 [INFO] CADModel:114 - Register for checkConnection events
2025-10-11 11:59:04,658 [INFO] IPUIPlugin:80 - create IPUIPlugin
2025-10-11 11:59:04,658 [INFO] PluginManager:220 - loadIPPluginJar : add adc
2025-10-11 11:59:04,662 [INFO] IPUIPlugin:80 - create IPUIPlugin
2025-10-11 11:59:04,662 [INFO] PluginManager:220 - loadIPPluginJar : add aes
2025-10-11 11:59:04,666 [INFO] IPUIPlugin:80 - create IPUIPlugin
2025-10-11 11:59:04,666 [INFO] PluginManager:220 - loadIPPluginJar : add can
2025-10-11 11:59:04,669 [INFO] IPUIPlugin:80 - create IPUIPlugin
2025-10-11 11:59:04,669 [INFO] PluginManager:220 - loadIPPluginJar : add comp
2025-10-11 11:59:04,672 [INFO] IPUIPlugin:80 - create IPUIPlugin
2025-10-11 11:59:04,672 [INFO] PluginManager:220 - loadIPPluginJar : add cryp
2025-10-11 11:59:04,675 [INFO] IPUIPlugin:80 - create IPUIPlugin
2025-10-11 11:59:04,675 [INFO] PluginManager:220 - loadIPPluginJar : add ddr_ctrl_phy
2025-10-11 11:59:04,678 [INFO] IPUIPlugin:80 - create IPUIPlugin
2025-10-11 11:59:04,678 [INFO] PluginManager:220 - loadIPPluginJar : add dfsdm
2025-10-11 11:59:04,683 [INFO] IPUIPlugin:80 - create IPUIPlugin
2025-10-11 11:59:04,683 [INFO] PluginManager:220 - loadIPPluginJar : add dma
2025-10-11 11:59:04,686 [INFO] IPUIPlugin:80 - create IPUIPlugin
2025-10-11 11:59:04,687 [INFO] PluginManager:220 - loadIPPluginJar : add dma3
2025-10-11 11:59:04,690 [INFO] IPUIPlugin:80 - create IPUIPlugin
2025-10-11 11:59:04,690 [INFO] PluginManager:220 - loadIPPluginJar : add extmemmanager
2025-10-11 11:59:04,692 [INFO] IPUIPlugin:80 - create IPUIPlugin
2025-10-11 11:59:04,692 [INFO] PluginManager:220 - loadIPPluginJar : add fatfs
2025-10-11 11:59:04,696 [INFO] IPUIPlugin:80 - create IPUIPlugin
2025-10-11 11:59:04,697 [INFO] PluginManager:220 - loadIPPluginJar : add fmc
2025-10-11 11:59:04,707 [INFO] IPUIPlugin:80 - create IPUIPlugin
2025-10-11 11:59:04,707 [INFO] PluginManager:220 - loadIPPluginJar : add freertos
2025-10-11 11:59:04,709 [INFO] IPUIPlugin:80 - create IPUIPlugin
2025-10-11 11:59:04,709 [INFO] PluginManager:220 - loadIPPluginJar : add genericplugin
2025-10-11 11:59:04,712 [INFO] IPUIPlugin:80 - create IPUIPlugin
2025-10-11 11:59:04,712 [INFO] PluginManager:220 - loadIPPluginJar : add gfxmmu
2025-10-11 11:59:04,717 [INFO] IPUIPlugin:80 - create IPUIPlugin
2025-10-11 11:59:04,717 [INFO] PluginManager:220 - loadIPPluginJar : add gic
2025-10-11 11:59:04,722 [INFO] IPUIPlugin:80 - create IPUIPlugin
2025-10-11 11:59:04,722 [INFO] PluginManager:220 - loadIPPluginJar : add gpio
2025-10-11 11:59:04,725 [INFO] IPUIPlugin:80 - create IPUIPlugin
2025-10-11 11:59:04,725 [INFO] PluginManager:220 - loadIPPluginJar : add gtzc
2025-10-11 11:59:04,728 [INFO] IPUIPlugin:80 - create IPUIPlugin
2025-10-11 11:59:04,728 [INFO] PluginManager:220 - loadIPPluginJar : add hash
2025-10-11 11:59:04,734 [INFO] IPUIPlugin:80 - create IPUIPlugin
2025-10-11 11:59:04,734 [INFO] PluginManager:220 - loadIPPluginJar : add i2c
2025-10-11 11:59:04,738 [INFO] IPUIPlugin:80 - create IPUIPlugin
2025-10-11 11:59:04,738 [INFO] PluginManager:220 - loadIPPluginJar : add i2s
2025-10-11 11:59:04,741 [INFO] IPUIPlugin:80 - create IPUIPlugin
2025-10-11 11:59:04,742 [INFO] PluginManager:220 - loadIPPluginJar : add i3c
2025-10-11 11:59:04,748 [INFO] IPUIPlugin:80 - create IPUIPlugin
2025-10-11 11:59:04,748 [INFO] PluginManager:220 - loadIPPluginJar : add ipddr
2025-10-11 11:59:04,755 [INFO] IPUIPlugin:80 - create IPUIPlugin
2025-10-11 11:59:04,755 [INFO] PluginManager:220 - loadIPPluginJar : add linkedlist
2025-10-11 11:59:04,758 [INFO] IPUIPlugin:80 - create IPUIPlugin
2025-10-11 11:59:04,758 [INFO] PluginManager:220 - loadIPPluginJar : add lorawan
2025-10-11 11:59:04,760 [INFO] IPUIPlugin:80 - create IPUIPlugin
2025-10-11 11:59:04,760 [INFO] PluginManager:220 - loadIPPluginJar : add ltdc
2025-10-11 11:59:04,765 [INFO] IPUIPlugin:80 - create IPUIPlugin
2025-10-11 11:59:04,766 [INFO] PluginManager:220 - loadIPPluginJar : add mdma
2025-10-11 11:59:04,770 [INFO] IPUIPlugin:80 - create IPUIPlugin
2025-10-11 11:59:04,771 [INFO] PluginManager:220 - loadIPPluginJar : add nvic
2025-10-11 11:59:04,773 [INFO] IPUIPlugin:80 - create IPUIPlugin
2025-10-11 11:59:04,774 [INFO] PluginManager:220 - loadIPPluginJar : add opamp
2025-10-11 11:59:04,777 [INFO] IPUIPlugin:80 - create IPUIPlugin
2025-10-11 11:59:04,777 [INFO] PluginManager:220 - loadIPPluginJar : add openamp
2025-10-11 11:59:04,780 [INFO] IPUIPlugin:80 - create IPUIPlugin
2025-10-11 11:59:04,780 [INFO] PluginManager:220 - loadIPPluginJar : add pdm2pcm
2025-10-11 11:59:04,785 [INFO] IPUIPlugin:80 - create IPUIPlugin
2025-10-11 11:59:04,787 [INFO] PluginManager:220 - loadIPPluginJar : add plateformsettings
2025-10-11 11:59:04,789 [INFO] IPUIPlugin:80 - create IPUIPlugin
2025-10-11 11:59:04,789 [INFO] PluginManager:220 - loadIPPluginJar : add quadspi
2025-10-11 11:59:04,792 [INFO] IPUIPlugin:80 - create IPUIPlugin
2025-10-11 11:59:04,792 [INFO] PluginManager:220 - loadIPPluginJar : add radio
2025-10-11 11:59:04,796 [INFO] IPUIPlugin:80 - create IPUIPlugin
2025-10-11 11:59:04,796 [INFO] PluginManager:220 - loadIPPluginJar : add resmgrutility
2025-10-11 11:59:04,799 [INFO] IPUIPlugin:80 - create IPUIPlugin
2025-10-11 11:59:04,799 [INFO] PluginManager:220 - loadIPPluginJar : add sai
2025-10-11 11:59:04,802 [INFO] IPUIPlugin:80 - create IPUIPlugin
2025-10-11 11:59:04,802 [INFO] PluginManager:220 - loadIPPluginJar : add spi
2025-10-11 11:59:04,808 [INFO] IPUIPlugin:80 - create IPUIPlugin
2025-10-11 11:59:04,809 [INFO] PluginManager:220 - loadIPPluginJar : add stm32_wpan
2025-10-11 11:59:04,810 [INFO] IPUIPlugin:80 - create IPUIPlugin
2025-10-11 11:59:04,810 [INFO] PluginManager:220 - loadIPPluginJar : add tim
2025-10-11 11:59:04,813 [INFO] IPUIPlugin:80 - create IPUIPlugin
2025-10-11 11:59:04,813 [INFO] PluginManager:220 - loadIPPluginJar : add touchsensing
2025-10-11 11:59:04,815 [INFO] IPUIPlugin:80 - create IPUIPlugin
2025-10-11 11:59:04,815 [INFO] PluginManager:220 - loadIPPluginJar : add tracer_emb
2025-10-11 11:59:04,817 [INFO] IPUIPlugin:80 - create IPUIPlugin
2025-10-11 11:59:04,817 [INFO] PluginManager:220 - loadIPPluginJar : add ts
2025-10-11 11:59:04,819 [INFO] IPUIPlugin:80 - create IPUIPlugin
2025-10-11 11:59:04,819 [INFO] PluginManager:220 - loadIPPluginJar : add tsc
2025-10-11 11:59:04,821 [INFO] IPUIPlugin:80 - create IPUIPlugin
2025-10-11 11:59:04,821 [INFO] PluginManager:220 - loadIPPluginJar : add ucpd
2025-10-11 11:59:04,823 [INFO] IPUIPlugin:80 - create IPUIPlugin
2025-10-11 11:59:04,823 [INFO] PluginManager:220 - loadIPPluginJar : add usart
2025-10-11 11:59:04,826 [INFO] IPUIPlugin:80 - create IPUIPlugin
2025-10-11 11:59:04,827 [INFO] PluginManager:220 - loadIPPluginJar : add usbx
2025-10-11 11:59:04,943 [FATAL] Updater:351 - Updater called before beeing initialized
2025-10-11 11:59:04,975 [INFO] RulesReader:64 - Compatibility file has been processed (317 Rules)
2025-10-11 11:59:04,984 [INFO] RulesReader:64 - Compatibility file has been processed (317 Rules)
2025-10-11 11:59:04,992 [INFO] CADModel:165 - CPN selected for project level
2025-10-11 11:59:04,992 [INFO] CADModel:114 - Register for checkConnection events
2025-10-11 11:59:04,992 [FATAL] Updater:351 - Updater called before beeing initialized
2025-10-11 11:59:04,992 [ERROR] CADModel:125 - Updater not yet initialized, retry later 
2025-10-11 11:59:05,136 [FATAL] Updater:351 - Updater called before beeing initialized
2025-10-11 11:59:05,139 [INFO] CADModel:165 - CPN selected for project level
2025-10-11 11:59:05,139 [INFO] CADModel:114 - Register for checkConnection events
2025-10-11 11:59:05,139 [FATAL] Updater:351 - Updater called before beeing initialized
2025-10-11 11:59:05,139 [ERROR] CADModel:125 - Updater not yet initialized, retry later 
2025-10-11 11:59:05,141 [FATAL] Updater:351 - Updater called before beeing initialized
2025-10-11 11:59:05,234 [FATAL] Updater:351 - Updater called before beeing initialized
2025-10-11 11:59:05,237 [INFO] DbMcusAds:53 - JSON generation date=Thu Oct 02 06:36:05 ART 2025 (1759397765645)
2025-10-11 11:59:05,238 [FATAL] Updater:351 - Updater called before beeing initialized
2025-10-11 11:59:05,281 [WARN] DetailPanel:346 - Failed to get advertising image, set to default
2025-10-11 11:59:05,374 [FATAL] Updater:351 - Updater called before beeing initialized
2025-10-11 11:59:05,376 [FATAL] Updater:351 - Updater called before beeing initialized
2025-10-11 11:59:05,376 [FATAL] Updater:351 - Updater called before beeing initialized
2025-10-11 11:59:05,376 [WARN] DetailPanel:346 - Failed to get advertising image, set to default
2025-10-11 11:59:05,377 [FATAL] Updater:351 - Updater called before beeing initialized
2025-10-11 11:59:05,415 [ERROR] Updater:1198 - MainUpdater not yet initialized. External WinMGr cannot be set.
2025-10-11 11:59:05,418 [INFO] Updater:1134 - Updater Version found : 6.15.0
2025-10-11 11:59:05,431 [INFO] ApplicationProperties:184 - Using Application install path: C:\ST\STM32CubeIDE_1.19.0\STM32CubeIDE\plugins\com.st.stm32cube.common.mx_6.15.0.202507011659
2025-10-11 11:59:07,000 [ERROR] LogOutputStream:75 - [STDERR_REDIRECT] Oct 11, 2025 11:59:06 AM java.util.prefs.WindowsPreferences <init>
2025-10-11 11:59:07,001 [ERROR] LogOutputStream:75 - [STDERR_REDIRECT] WARNING: Could not open/create prefs root node Software\JavaSoft\Prefs at root 0xffffffff80000002. Windows RegCreateKeyEx(...) returned error code 5.
2025-10-11 11:59:07,001 [ERROR] LogOutputStream:75 - [STDERR_REDIRECT] 
2025-10-11 11:59:07,149 [INFO] ThirdPartyUpdaterWithRetryManager:70 - Updater plugin not ready yet. [2/15]
2025-10-11 11:59:07,237 [INFO] MainUpdater:2872 - connection check result : 10
2025-10-11 11:59:07,238 [INFO] MainUpdater:289 - Updater Check For Update Now.
2025-10-11 11:59:07,238 [INFO] MicroXplorer:498 - Change Database Version : DB.6.0.150
2025-10-11 11:59:07,243 [INFO] McuFinderGlobals:63 - Set McuFinder mode to 2 (CubeIDE integrated)
2025-10-11 11:59:07,244 [INFO] UserAuth:487 - Internet connection configuration mode: 1
2025-10-11 11:59:07,272 [INFO] JxBrowserEngine:152 - Initiate JxBrowser Engine with user profile folder
2025-10-11 11:59:07,409 [INFO] CheckServerUpdateThread:120 - End of CheckServer Thread
2025-10-11 11:59:08,273 [INFO] WebApp:169 - Instantiating new browser for Auth
2025-10-11 11:59:09,109 [INFO] WebApp:463 - Apply proxy settings
2025-10-11 11:59:09,109 [INFO] WebApp:548 - Chromium requires no authentication
2025-10-11 11:59:09,149 [INFO] WebApp:491 - Direct internet connection detected
2025-10-11 11:59:09,215 [INFO] WebApp:900 - Register for checkConnection events
2025-10-11 11:59:09,215 [INFO] WebApp:463 - Apply proxy settings
2025-10-11 11:59:09,215 [INFO] WebApp:548 - Chromium requires no authentication
2025-10-11 11:59:09,216 [INFO] WebApp:491 - Direct internet connection detected
2025-10-11 11:59:09,387 [INFO] WebApp:191 - Connection restablished
2025-10-11 11:59:09,521 [INFO] WebApp:225 - Starting web application
2025-10-11 11:59:09,521 [INFO] WebApp:593 - Web application path used C:\ST\STM32CubeIDE_1.19.0\STM32CubeIDE\plugins\com.st.stm32cube.common.mx_6.15.0.202507011659\db\plugins\mcufinder\reactClient1\index.html
2025-10-11 11:59:09,614 [INFO] UserAuth:487 - Internet connection configuration mode: 1
2025-10-11 11:59:10,370 [WARN] PackLoader:240 - Cannot read IP mode file for STMicroelectronics.FP-SNS-MOTENVWB1.1.4.0
2025-10-11 11:59:10,379 [WARN] PackLoader:240 - Cannot read IP mode file for STMicroelectronics.FP-ATR-ASTRA1.2.0.2
2025-10-11 11:59:10,388 [WARN] PackLoader:240 - Cannot read IP mode file for STMicroelectronics.X-CUBE-SMBUS.2.1.0
2025-10-11 11:59:10,393 [WARN] PackLoader:240 - Cannot read IP mode file for STMicroelectronics.X-CUBE-ST60.1.0.0
2025-10-11 11:59:10,421 [WARN] PackLoader:240 - Cannot read IP mode file for STMicroelectronics.X-CUBE-AZRTOS-F7.1.1.0
2025-10-11 11:59:10,429 [WARN] PackLoader:240 - Cannot read IP mode file for Cesanta.I-CUBE-Mongoose.7.19.0
2025-10-11 11:59:10,439 [WARN] PackLoader:240 - Cannot read IP mode file for WES.I-CUBE-Cesium.1.4.0
2025-10-11 11:59:10,462 [WARN] PackLoader:240 - Cannot read IP mode file for Infineon.AIROC-Wi-Fi-Bluetooth-STM32.1.7.1
2025-10-11 11:59:10,489 [WARN] PackLoader:240 - Cannot read IP mode file for STMicroelectronics.X-CUBE-AZRTOS-H7.3.4.0
2025-10-11 11:59:10,503 [WARN] PackLoader:240 - Cannot read IP mode file for STMicroelectronics.X-CUBE-DISPLAY.3.0.0
2025-10-11 11:59:10,526 [WARN] PackLoader:240 - Cannot read IP mode file for STMicroelectronics.X-CUBE-NFC10.1.0.0
2025-10-11 11:59:10,627 [WARN] PackLoader:240 - Cannot read IP mode file for emotas.I-CUBE-CANOPEN.1.3.0
2025-10-11 11:59:10,632 [WARN] PackLoader:240 - Cannot read IP mode file for STMicroelectronics.FP-SNS-STBOX1.2.1.0
2025-10-11 11:59:10,639 [WARN] PackLoader:240 - Cannot read IP mode file for STMicroelectronics.FP-SNS-SMARTAG2.1.2.0
2025-10-11 11:59:10,644 [WARN] PackLoader:240 - Cannot read IP mode file for STMicroelectronics.FP-SNS-FLIGHT1.5.1.0
2025-10-11 11:59:10,654 [INFO] LogOutputStream:77 - [STDOUT_REDIRECT] 1 : Invalid condition id : UX_CORESTACK_Condition cause : null
2025-10-11 11:59:10,654 [INFO] LogOutputStream:77 - [STDOUT_REDIRECT] 1 : Invalid condition id : UX_CORESTACK_Condition cause : null
2025-10-11 11:59:10,655 [INFO] LogOutputStream:77 - [STDOUT_REDIRECT] 1 : Invalid condition id : UX_CORESTACK_Condition cause : null
2025-10-11 11:59:10,658 [INFO] LogOutputStream:77 - [STDOUT_REDIRECT] 1 : Invalid condition id : UX_CORESTACK_Condition cause : null
2025-10-11 11:59:10,659 [INFO] LogOutputStream:77 - [STDOUT_REDIRECT] 1 : Invalid condition id : UX_CORESTACK_Condition cause : null
2025-10-11 11:59:10,672 [WARN] PackLoader:240 - Cannot read IP mode file for STMicroelectronics.X-CUBE-AZRTOS-WL.2.0.0
2025-10-11 11:59:10,679 [WARN] PackLoader:240 - Cannot read IP mode file for STMicroelectronics.FP-SNS-MOTENV1.5.0.0
2025-10-11 11:59:10,686 [WARN] PackLoader:240 - Cannot read IP mode file for STMicroelectronics.X-CUBE-BLE2.3.3.0
2025-10-11 11:59:10,695 [WARN] PackLoader:240 - Cannot read IP mode file for STMicroelectronics.X-CUBE-NFC9.1.0.0
2025-10-11 11:59:10,703 [WARN] PackLoader:240 - Cannot read IP mode file for wolfSSL.I-CUBE-wolfSSL.5.8.2
2025-10-11 11:59:10,709 [WARN] PackLoader:240 - Cannot read IP mode file for STMicroelectronics.X-CUBE-BLE1.7.1.0
2025-10-11 11:59:10,714 [WARN] PackLoader:240 - Cannot read IP mode file for wolfSSL.I-CUBE-wolfMQTT.1.19.2
2025-10-11 11:59:10,719 [WARN] PackLoader:240 - Cannot read IP mode file for STMicroelectronics.X-CUBE-EEPRMA1.5.2.0
2025-10-11 11:59:10,737 [WARN] PackLoader:240 - Cannot read IP mode file for STMicroelectronics.X-CUBE-AZRTOS-G0.1.1.0
2025-10-11 11:59:10,743 [WARN] PackLoader:240 - Cannot read IP mode file for STMicroelectronics.X-CUBE-SAFEA1.1.2.2
2025-10-11 11:59:10,749 [WARN] PackLoader:240 - Cannot read IP mode file for STMicroelectronics.X-CUBE-NFC4.3.0.0
2025-10-11 11:59:10,759 [WARN] PackLoader:240 - Cannot read IP mode file for EmbeddedOffice.I-CUBE-FS-RTOS.1.0.1
2025-10-11 11:59:10,763 [WARN] PackLoader:240 - Cannot read IP mode file for STMicroelectronics.X-CUBE-WB05N.2.0.0
2025-10-11 11:59:10,766 [WARN] PackLoader:240 - Cannot read IP mode file for wolfSSL.I-CUBE-wolfTPM.3.8.0
2025-10-11 11:59:10,772 [WARN] PackLoader:240 - Cannot read IP mode file for STMicroelectronics.X-CUBE-TCPP.4.2.0
2025-10-11 11:59:10,776 [WARN] PackLoader:240 - Cannot read IP mode file for RealThread.X-CUBE-RT-Thread_Nano.4.1.1
2025-10-11 11:59:10,781 [WARN] PackLoader:240 - Cannot read IP mode file for STMicroelectronics.FP-ATR-SIGFOX1.3.2.0
2025-10-11 11:59:10,786 [WARN] PackLoader:240 - Cannot read IP mode file for ITTIA_DB.I-CUBE-ITTIADB.8.9.0
2025-10-11 11:59:10,791 [WARN] PackLoader:240 - Cannot read IP mode file for STMicroelectronics.X-CUBE-ST67W61.1.0.0
2025-10-11 11:59:10,795 [WARN] PackLoader:240 - Cannot read IP mode file for STMicroelectronics.X-CUBE-AI.10.2.0
2025-10-11 11:59:10,816 [WARN] PackLoader:240 - Cannot read IP mode file for SEGGER.I-CUBE-embOS.1.3.1
2025-10-11 11:59:10,851 [WARN] PackLoader:240 - Cannot read IP mode file for STMicroelectronics.X-CUBE-ALGOBUILD.1.4.0
2025-10-11 11:59:10,917 [WARN] PackLoader:240 - Cannot read IP mode file for STMicroelectronics.X-CUBE-MEMS1.11.3.0
2025-10-11 11:59:11,093 [WARN] PackLoader:240 - Cannot read IP mode file for STMicroelectronics.X-CUBE-PM33A1.1.0.0
2025-10-11 11:59:11,106 [WARN] PackLoader:240 - Cannot read IP mode file for STMicroelectronics.X-CUBE-AZRTOS-F4.1.1.0
2025-10-11 11:59:11,111 [WARN] PackLoader:240 - Cannot read IP mode file for Avnet-IotConnect.X-CUBE-IoTC-DA16k-PMOD.1.0.0
2025-10-11 11:59:11,115 [WARN] PackLoader:240 - Cannot read IP mode file for STMicroelectronics.X-CUBE-ISPU.2.1.0
2025-10-11 11:59:11,120 [WARN] PackLoader:240 - Cannot read IP mode file for STMicroelectronics.X-CUBE-NFC12.1.0.0
2025-10-11 11:59:11,132 [WARN] PackLoader:240 - Cannot read IP mode file for STMicroelectronics.X-CUBE-AZRTOS-L5.2.0.0
2025-10-11 11:59:11,139 [WARN] PackLoader:240 - Cannot read IP mode file for STMicroelectronics.X-CUBE-NFC6.3.1.0
2025-10-11 11:59:11,144 [WARN] PackLoader:240 - Cannot read IP mode file for STMicroelectronics.X-CUBE-FREERTOS.1.3.1
2025-10-11 11:59:11,150 [WARN] PackLoader:240 - Cannot read IP mode file for STMicroelectronics.X-CUBE-TOUCHGFX.4.26.0
2025-10-11 11:59:11,154 [WARN] PackLoader:240 - Cannot read IP mode file for STMicroelectronics.FP-SNS-STAIOTCFT.1.0.0
2025-10-11 11:59:11,159 [WARN] PackLoader:240 - Cannot read IP mode file for STMicroelectronics.X-CUBE-DPower.1.3.0
2025-10-11 11:59:11,172 [WARN] ConditionMgr:438 - getConditionDescription Invalid condition id : LAN8742 Phy interface Condition cause : null
2025-10-11 11:59:11,173 [WARN] PackLoader:240 - Cannot read IP mode file for STMicroelectronics.X-CUBE-AZRTOS-L4.2.0.0
2025-10-11 11:59:11,174 [WARN] ConditionMgr:1044 - genDependencies : Invalid condition id : LAN8742 Phy interface Condition cause : null
2025-10-11 11:59:11,175 [WARN] ConditionMgr:1044 - genDependencies : Invalid condition id : LAN8742 Phy interface Condition cause : null
2025-10-11 11:59:11,175 [WARN] ConditionMgr:1044 - genDependencies : Invalid condition id : LAN8742 Phy interface Condition cause : null
2025-10-11 11:59:11,184 [WARN] PackLoader:240 - Cannot read IP mode file for STMicroelectronics.X-CUBE-SFXS2LP1.4.0.0
2025-10-11 11:59:11,203 [WARN] PackLoader:240 - Cannot read IP mode file for STMicroelectronics.X-CUBE-BLEMGR.4.1.0
2025-10-11 11:59:11,221 [WARN] ConditionMgr:438 - getConditionDescription Invalid condition id : UX DEVICE CLASS RTOS Condition cause : null
2025-10-11 11:59:11,221 [WARN] ConditionMgr:438 - getConditionDescription Invalid condition id : UX DEVICE CLASS RTOS Condition cause : null
2025-10-11 11:59:11,224 [WARN] PackLoader:240 - Cannot read IP mode file for STMicroelectronics.X-CUBE-AZRTOS-WB.2.0.0
2025-10-11 11:59:11,224 [WARN] ConditionMgr:1044 - genDependencies : Invalid condition id : UX DEVICE CLASS RTOS Condition cause : null
2025-10-11 11:59:11,226 [WARN] ConditionMgr:1044 - genDependencies : Invalid condition id : UX DEVICE CLASS RTOS Condition cause : null
2025-10-11 11:59:11,226 [WARN] ConditionMgr:1044 - genDependencies : Invalid condition id : UX DEVICE CLASS RTOS Condition cause : null
2025-10-11 11:59:11,226 [WARN] ConditionMgr:1044 - genDependencies : Invalid condition id : UX DEVICE CLASS RTOS Condition cause : null
2025-10-11 11:59:11,226 [WARN] ConditionMgr:1044 - genDependencies : Invalid condition id : UX DEVICE CLASS RTOS Condition cause : null
2025-10-11 11:59:11,232 [WARN] PackLoader:240 - Cannot read IP mode file for STMicroelectronics.X-CUBE-GNSS1.7.0.1
2025-10-11 11:59:11,237 [WARN] PackLoader:240 - Cannot read IP mode file for STMicroelectronics.X-CUBE-TOUCHGFX.4.25.0
2025-10-11 11:59:11,241 [WARN] ConditionMgr:438 - getConditionDescription Invalid condition id : Cortex-A Device cause : null
2025-10-11 11:59:11,252 [WARN] ConditionMgr:1044 - genDependencies : Invalid condition id : Cortex-A Device cause : null
2025-10-11 11:59:11,252 [WARN] ConditionMgr:1044 - genDependencies : Invalid condition id : Cortex-A Device cause : null
2025-10-11 11:59:11,252 [WARN] ConditionMgr:1044 - genDependencies : Invalid condition id : Cortex-A Device cause : null
2025-10-11 11:59:11,263 [WARN] PackLoader:240 - Cannot read IP mode file for STMicroelectronics.X-CUBE-SUBG2.5.0.0
2025-10-11 11:59:11,281 [WARN] PackLoader:240 - Cannot read IP mode file for STMicroelectronics.X-CUBE-AZRTOS-H7RS.1.1.0
2025-10-11 11:59:11,286 [WARN] PackLoader:240 - Cannot read IP mode file for Cesanta.I-CUBE-Mongoose.7.13.0
2025-10-11 11:59:11,299 [WARN] PackLoader:240 - Cannot read IP mode file for STMicroelectronics.X-CUBE-AZRTOS-G4.2.0.0
2025-10-11 11:59:11,304 [WARN] PackLoader:240 - Cannot read IP mode file for wolfSSL.I-CUBE-wolfSSH.1.4.20
2025-10-11 11:59:11,310 [WARN] PackLoader:240 - Cannot read IP mode file for STMicroelectronics.X-CUBE-NFC7.2.0.0
2025-10-11 11:59:11,327 [WARN] PackLoader:240 - Cannot read IP mode file for STMicroelectronics.X-CUBE-IPS.3.1.0
2025-10-11 11:59:11,337 [WARN] PackLoader:240 - Cannot read IP mode file for STMicroelectronics.X-CUBE-ALS.1.0.2
2025-10-11 11:59:11,343 [WARN] PackLoader:240 - Cannot read IP mode file for STMicroelectronics.X-CUBE-STSE01.1.0.0
2025-10-11 11:59:11,350 [WARN] PackLoader:240 - Cannot read IP mode file for portGmbH.I-Cube-SoM-uGOAL.1.1.0
2025-10-11 11:59:11,361 [WARN] PackLoader:240 - Cannot read IP mode file for STMicroelectronics.X-CUBE-TOF1.3.4.3
2025-10-11 11:59:11,373 [INFO] ThirdParty:978 - Integrity check success = true
2025-10-11 11:59:11,373 [INFO] IntegrityCheckThread:100 - exiting critical section [integrity check]
2025-10-11 11:59:11,373 [INFO] IntegrityCheckThread:103 - End integrity checks thread
2025-10-11 12:04:20,625 [INFO] WebApp:194 - Connection lost
2025-10-11 12:04:20,815 [INFO] WebApp:191 - Connection restablished
2025-10-11 12:04:25,989 [INFO] WebApp:194 - Connection lost
2025-10-11 12:04:26,341 [INFO] WebApp:191 - Connection restablished
2025-10-11 12:42:04,592 [ERROR] LogOutputStream:75 - [STDERR_REDIRECT] 
2025-10-11 12:42:04,593 [ERROR] LogOutputStream:75 - [STDERR_REDIRECT] 
2025-10-11 13:04:27,312 [INFO] Activator:176 - 


2025-10-11 13:04:27,314 [INFO] Activator:177 - !SESSION log4j initialized
2025-10-11 13:04:31,768 [INFO] LogOutputStream:77 - [STDOUT_REDIRECT] 
2025-10-11 13:04:32,658 [INFO] ApplicationProperties:184 - Using Application install path: C:\ST\STM32CubeIDE_1.19.0\STM32CubeIDE\plugins\com.st.stm32cube.common.mx_6.15.0.202507011659
2025-10-11 13:04:32,670 [INFO] DbMcusXml:78 - Set database path to: C:\ST\STM32CubeIDE_1.19.0\STM32CubeIDE\plugins\com.st.stm32cube.common.mx_6.15.0.202507011659\\db\/mcu/
2025-10-11 13:04:32,670 [INFO] ApiDb:274 - Set plugin database path to: C:\ST\STM32CubeIDE_1.19.0\STM32CubeIDE\plugins\com.st.stm32cube.common.mx_6.15.0.202507011659\\db\/plugins/boardmanager/
2025-10-11 13:04:32,670 [WARN] ApiDb:259 - Overriding images path with different value:  => C:\ST\STM32CubeIDE_1.19.0\STM32CubeIDE\plugins\com.st.stm32cube.common.mx_6.15.0.202507011659\\db\/plugins/mcufinder/images/
2025-10-11 13:04:32,674 [INFO] ApiDb:250 - Set database path to: C:\Users\Paulo\.stmcufinder\plugins\mcufinder//mcu/
2025-10-11 13:04:32,675 [INFO] DbMcusAds:125 - Set database path to: C:\Users\Paulo\.stmcufinder\plugins\mcufinder//mcu/
2025-10-11 13:04:32,677 [INFO] CrossReferenceDbSqlite:203 - Set database path to: C:\Users\Paulo\.stmcufinder\plugins\mcufinder//mcu/cs/
2025-10-11 13:04:32,761 [INFO] RulesReader:64 - Compatibility file has been processed (317 Rules)
2025-10-11 13:04:32,820 [INFO] DbMcusXml:78 - Set database path to: C:\ST\STM32CubeIDE_1.19.0\STM32CubeIDE\plugins\com.st.stm32cube.common.mx_6.15.0.202507011659\\db\/mcu/
2025-10-11 13:04:32,820 [INFO] ApiDb:274 - Set plugin database path to: C:\ST\STM32CubeIDE_1.19.0\STM32CubeIDE\plugins\com.st.stm32cube.common.mx_6.15.0.202507011659\\db\/plugins/boardmanager/
2025-10-11 13:04:32,820 [INFO] ApiDb:261 - Set plugin images path to: C:\ST\STM32CubeIDE_1.19.0\STM32CubeIDE\plugins\com.st.stm32cube.common.mx_6.15.0.202507011659\\db\/plugins/mcufinder/images/
2025-10-11 13:04:32,820 [WARN] DbFile:41 - Overriding database path with different value: C:\Users\Paulo\.stmcufinder\plugins\mcufinder/ => C:\Users\Paulo\.stmcufinder\plugins\mcufinder
2025-10-11 13:04:32,820 [INFO] ApiDb:250 - Set database path to: C:\Users\Paulo\.stmcufinder\plugins\mcufinder//mcu/
2025-10-11 13:04:32,820 [WARN] DbFile:41 - Overriding database path with different value: C:\Users\Paulo\.stmcufinder\plugins\mcufinder/ => C:\Users\Paulo\.stmcufinder\plugins\mcufinder
2025-10-11 13:04:32,820 [INFO] DbMcusAds:125 - Set database path to: C:\Users\Paulo\.stmcufinder\plugins\mcufinder//mcu/
2025-10-11 13:04:32,820 [WARN] DbFile:41 - Overriding database path with different value: C:\Users\Paulo\.stmcufinder\plugins\mcufinder/ => C:\Users\Paulo\.stmcufinder\plugins\mcufinder
2025-10-11 13:04:32,820 [WARN] DbFile:41 - Overriding database path with different value: C:\Users\Paulo\.stmcufinder\plugins\mcufinder/ => C:\Users\Paulo\.stmcufinder\plugins\mcufinder
2025-10-11 13:04:32,820 [INFO] CrossReferenceDbSqlite:203 - Set database path to: C:\Users\Paulo\.stmcufinder\plugins\mcufinder//mcu/cs/
2025-10-11 13:04:32,875 [INFO] MainPanel:274 - HeapMemory: 268435456
2025-10-11 13:04:32,947 [INFO] DbMcusXml:78 - Set database path to: C:\ST\STM32CubeIDE_1.19.0\STM32CubeIDE\plugins\com.st.stm32cube.common.mx_6.15.0.202507011659\\db\/mcu/
2025-10-11 13:04:32,947 [INFO] ApiDb:274 - Set plugin database path to: C:\ST\STM32CubeIDE_1.19.0\STM32CubeIDE\plugins\com.st.stm32cube.common.mx_6.15.0.202507011659\\db\/plugins/boardmanager/
2025-10-11 13:04:32,948 [INFO] ApiDb:261 - Set plugin images path to: C:\ST\STM32CubeIDE_1.19.0\STM32CubeIDE\plugins\com.st.stm32cube.common.mx_6.15.0.202507011659\\db\/plugins/mcufinder/images/
2025-10-11 13:04:32,948 [WARN] DbFile:41 - Overriding database path with different value: C:\Users\Paulo\.stmcufinder\plugins\mcufinder/ => C:\Users\Paulo\.stmcufinder\plugins\mcufinder
2025-10-11 13:04:32,948 [INFO] ApiDb:250 - Set database path to: C:\Users\Paulo\.stmcufinder\plugins\mcufinder//mcu/
2025-10-11 13:04:32,948 [WARN] DbFile:41 - Overriding database path with different value: C:\Users\Paulo\.stmcufinder\plugins\mcufinder/ => C:\Users\Paulo\.stmcufinder\plugins\mcufinder
2025-10-11 13:04:32,948 [INFO] DbMcusAds:125 - Set database path to: C:\Users\Paulo\.stmcufinder\plugins\mcufinder//mcu/
2025-10-11 13:04:32,948 [WARN] DbFile:41 - Overriding database path with different value: C:\Users\Paulo\.stmcufinder\plugins\mcufinder/ => C:\Users\Paulo\.stmcufinder\plugins\mcufinder
2025-10-11 13:04:32,948 [WARN] DbFile:41 - Overriding database path with different value: C:\Users\Paulo\.stmcufinder\plugins\mcufinder/ => C:\Users\Paulo\.stmcufinder\plugins\mcufinder
2025-10-11 13:04:32,948 [INFO] CrossReferenceDbSqlite:203 - Set database path to: C:\Users\Paulo\.stmcufinder\plugins\mcufinder//mcu/cs/
2025-10-11 13:04:32,962 [INFO] ApplicationProperties:184 - Using Application install path: C:\ST\STM32CubeIDE_1.19.0\STM32CubeIDE\plugins\com.st.stm32cube.common.mx_6.15.0.202507011659
2025-10-11 13:04:32,964 [INFO] PluginManage:196 - Search for loadable plugins [exclusion list=, ]
2025-10-11 13:04:32,964 [INFO] PluginManage:310 - Check plugin analytics
2025-10-11 13:04:33,130 [INFO] AnalyticsPlugin:253 - Accepted Software Licenses: 
2025-10-11 13:04:33,130 [INFO] AnalyticsPlugin:255 - Accepted CMSIS Pack Licenses: STMicroelectronics.X-CUBE-NFC10.1.0.0
2025-10-11 13:04:33,130 [INFO] AnalyticsPlugin:257 - Accepted Firmware Licenses: FW.F4.1.28.0,FW.F4.1.27.0
2025-10-11 13:04:33,133 [INFO] PluginManage:359 - Loaded plugin analytics (category:tool,tabindex:-1)
2025-10-11 13:04:33,133 [INFO] PluginManage:310 - Check plugin cadmodel
2025-10-11 13:04:33,136 [INFO] CADModel:105 - Init CAD model plugin
2025-10-11 13:04:33,137 [INFO] PluginManage:359 - Loaded plugin cadmodel (category:power,tabindex:5)
2025-10-11 13:04:33,137 [INFO] PluginManage:310 - Check plugin clock
2025-10-11 13:04:33,146 [INFO] PluginManage:359 - Loaded plugin clock (category:base,tabindex:2)
2025-10-11 13:04:33,146 [INFO] PluginManage:310 - Check plugin ddr
2025-10-11 13:04:33,150 [INFO] PluginManage:359 - Loaded plugin ddr (category:tool,tabindex:6)
2025-10-11 13:04:33,150 [INFO] PluginManage:310 - Check plugin filemanager
2025-10-11 13:04:33,261 [INFO] PluginManage:359 - Loaded plugin filemanager (category:base,tabindex:10)
2025-10-11 13:04:33,261 [INFO] PluginManage:310 - Check plugin ipmanager
2025-10-11 13:04:33,267 [INFO] PluginManage:359 - Loaded plugin ipmanager (category:base,tabindex:5)
2025-10-11 13:04:33,267 [INFO] PluginManage:310 - Check plugin lpbam
2025-10-11 13:04:33,273 [INFO] PluginManage:359 - Loaded plugin lpbam (category:base,tabindex:0)
2025-10-11 13:04:33,273 [INFO] PluginManage:310 - Check plugin memorymap
2025-10-11 13:04:33,281 [INFO] PluginManage:359 - Loaded plugin memorymap (category:base,tabindex:4)
2025-10-11 13:04:33,281 [INFO] PluginManage:310 - Check plugin pinoutandconfiguration
2025-10-11 13:04:33,287 [INFO] PluginManage:359 - Loaded plugin pinoutandconfiguration (category:base,tabindex:1)
2025-10-11 13:04:33,287 [INFO] PluginManage:310 - Check plugin pinoutconfig
2025-10-11 13:04:33,359 [WARN] SupportedApi:132 - Cannot load RTOS API schema: s4s-elt-must-match.1: The content of 'definitions' must match (annotation?, (simpleType | complexType)?, (unique | key | keyref)*)). A problem was found starting at: attribute.
2025-10-11 13:04:33,483 [INFO] PluginManage:359 - Loaded plugin pinoutconfig (category:base,tabindex:0)
2025-10-11 13:04:33,483 [INFO] PluginManage:310 - Check plugin power
2025-10-11 13:04:33,490 [INFO] PluginManage:359 - Loaded plugin power (category:power,tabindex:4)
2025-10-11 13:04:33,490 [INFO] PluginManage:310 - Check plugin projectmanager
2025-10-11 13:04:33,504 [INFO] PluginManage:359 - Loaded plugin projectmanager (category:projectmanager,tabindex:4)
2025-10-11 13:04:33,504 [INFO] PluginManage:310 - Check plugin rif
2025-10-11 13:04:33,512 [INFO] PluginManage:359 - Loaded plugin rif (category:base,tabindex:3)
2025-10-11 13:04:33,512 [INFO] PluginManage:310 - Check plugin thirdparty
2025-10-11 13:04:33,616 [INFO] PluginManage:359 - Loaded plugin thirdparty (category:base,tabindex:-1)
2025-10-11 13:04:33,617 [INFO] PluginManage:310 - Check plugin tools
2025-10-11 13:04:33,616 [WARN] IntegrityCheckThread:84 - waiting for thirdparty lock release [integrity check]
2025-10-11 13:04:33,617 [INFO] IntegrityCheckThread:86 - entering critical section [integrity check]
2025-10-11 13:04:33,617 [INFO] ThirdPartyUpdaterWithRetryManager:70 - Updater plugin not ready yet. [1/15]
2025-10-11 13:04:33,618 [INFO] PluginManage:359 - Loaded plugin tools (category:base,tabindex:7)
2025-10-11 13:04:33,618 [INFO] PluginManage:310 - Check plugin tutovideos
2025-10-11 13:04:33,764 [INFO] PluginManage:359 - Loaded plugin tutovideos (category:base,tabindex:-1)
2025-10-11 13:04:33,764 [INFO] PluginManage:310 - Check plugin updater
2025-10-11 13:04:33,782 [INFO] PluginManage:359 - Loaded plugin updater (category:base,tabindex:12)
2025-10-11 13:04:33,782 [INFO] PluginManage:310 - Check plugin userauth
2025-10-11 13:04:33,786 [INFO] UserAuth:118 - Init User Auth plugin
2025-10-11 13:04:33,786 [INFO] PluginManage:359 - Loaded plugin userauth (category:base,tabindex:14)
2025-10-11 13:04:33,787 [INFO] PluginManage:283 - PluginManage : Loaded plugins [18]
2025-10-11 13:04:33,952 [INFO] PinOutPanel:1589 - setPackage(No Configuration,No Configuration)
2025-10-11 13:04:34,014 [INFO] CADModel:165 - CPN selected for project level
2025-10-11 13:04:34,014 [INFO] CADModel:114 - Register for checkConnection events
2025-10-11 13:04:34,027 [INFO] IPUIPlugin:80 - create IPUIPlugin
2025-10-11 13:04:34,028 [INFO] PluginManager:220 - loadIPPluginJar : add adc
2025-10-11 13:04:34,031 [INFO] IPUIPlugin:80 - create IPUIPlugin
2025-10-11 13:04:34,031 [INFO] PluginManager:220 - loadIPPluginJar : add aes
2025-10-11 13:04:34,033 [INFO] IPUIPlugin:80 - create IPUIPlugin
2025-10-11 13:04:34,034 [INFO] PluginManager:220 - loadIPPluginJar : add can
2025-10-11 13:04:34,035 [INFO] IPUIPlugin:80 - create IPUIPlugin
2025-10-11 13:04:34,035 [INFO] PluginManager:220 - loadIPPluginJar : add comp
2025-10-11 13:04:34,038 [INFO] IPUIPlugin:80 - create IPUIPlugin
2025-10-11 13:04:34,038 [INFO] PluginManager:220 - loadIPPluginJar : add cryp
2025-10-11 13:04:34,040 [INFO] IPUIPlugin:80 - create IPUIPlugin
2025-10-11 13:04:34,040 [INFO] PluginManager:220 - loadIPPluginJar : add ddr_ctrl_phy
2025-10-11 13:04:34,043 [INFO] IPUIPlugin:80 - create IPUIPlugin
2025-10-11 13:04:34,043 [INFO] PluginManager:220 - loadIPPluginJar : add dfsdm
2025-10-11 13:04:34,049 [INFO] IPUIPlugin:80 - create IPUIPlugin
2025-10-11 13:04:34,050 [INFO] PluginManager:220 - loadIPPluginJar : add dma
2025-10-11 13:04:34,053 [INFO] IPUIPlugin:80 - create IPUIPlugin
2025-10-11 13:04:34,054 [INFO] PluginManager:220 - loadIPPluginJar : add dma3
2025-10-11 13:04:34,056 [INFO] IPUIPlugin:80 - create IPUIPlugin
2025-10-11 13:04:34,056 [INFO] PluginManager:220 - loadIPPluginJar : add extmemmanager
2025-10-11 13:04:34,057 [INFO] IPUIPlugin:80 - create IPUIPlugin
2025-10-11 13:04:34,058 [INFO] PluginManager:220 - loadIPPluginJar : add fatfs
2025-10-11 13:04:34,061 [INFO] IPUIPlugin:80 - create IPUIPlugin
2025-10-11 13:04:34,061 [INFO] PluginManager:220 - loadIPPluginJar : add fmc
2025-10-11 13:04:34,065 [INFO] IPUIPlugin:80 - create IPUIPlugin
2025-10-11 13:04:34,066 [INFO] PluginManager:220 - loadIPPluginJar : add freertos
2025-10-11 13:04:34,067 [INFO] IPUIPlugin:80 - create IPUIPlugin
2025-10-11 13:04:34,067 [INFO] PluginManager:220 - loadIPPluginJar : add genericplugin
2025-10-11 13:04:34,068 [INFO] IPUIPlugin:80 - create IPUIPlugin
2025-10-11 13:04:34,068 [INFO] PluginManager:220 - loadIPPluginJar : add gfxmmu
2025-10-11 13:04:34,072 [INFO] IPUIPlugin:80 - create IPUIPlugin
2025-10-11 13:04:34,072 [INFO] PluginManager:220 - loadIPPluginJar : add gic
2025-10-11 13:04:34,075 [INFO] IPUIPlugin:80 - create IPUIPlugin
2025-10-11 13:04:34,075 [INFO] PluginManager:220 - loadIPPluginJar : add gpio
2025-10-11 13:04:34,077 [INFO] IPUIPlugin:80 - create IPUIPlugin
2025-10-11 13:04:34,077 [INFO] PluginManager:220 - loadIPPluginJar : add gtzc
2025-10-11 13:04:34,079 [INFO] IPUIPlugin:80 - create IPUIPlugin
2025-10-11 13:04:34,079 [INFO] PluginManager:220 - loadIPPluginJar : add hash
2025-10-11 13:04:34,081 [INFO] IPUIPlugin:80 - create IPUIPlugin
2025-10-11 13:04:34,081 [INFO] PluginManager:220 - loadIPPluginJar : add i2c
2025-10-11 13:04:34,083 [INFO] IPUIPlugin:80 - create IPUIPlugin
2025-10-11 13:04:34,083 [INFO] PluginManager:220 - loadIPPluginJar : add i2s
2025-10-11 13:04:34,085 [INFO] IPUIPlugin:80 - create IPUIPlugin
2025-10-11 13:04:34,085 [INFO] PluginManager:220 - loadIPPluginJar : add i3c
2025-10-11 13:04:34,088 [INFO] IPUIPlugin:80 - create IPUIPlugin
2025-10-11 13:04:34,088 [INFO] PluginManager:220 - loadIPPluginJar : add ipddr
2025-10-11 13:04:34,094 [INFO] IPUIPlugin:80 - create IPUIPlugin
2025-10-11 13:04:34,094 [INFO] PluginManager:220 - loadIPPluginJar : add linkedlist
2025-10-11 13:04:34,097 [INFO] IPUIPlugin:80 - create IPUIPlugin
2025-10-11 13:04:34,098 [INFO] PluginManager:220 - loadIPPluginJar : add lorawan
2025-10-11 13:04:34,099 [INFO] IPUIPlugin:80 - create IPUIPlugin
2025-10-11 13:04:34,099 [INFO] PluginManager:220 - loadIPPluginJar : add ltdc
2025-10-11 13:04:34,103 [INFO] IPUIPlugin:80 - create IPUIPlugin
2025-10-11 13:04:34,103 [INFO] PluginManager:220 - loadIPPluginJar : add mdma
2025-10-11 13:04:34,106 [INFO] IPUIPlugin:80 - create IPUIPlugin
2025-10-11 13:04:34,106 [INFO] PluginManager:220 - loadIPPluginJar : add nvic
2025-10-11 13:04:34,109 [INFO] IPUIPlugin:80 - create IPUIPlugin
2025-10-11 13:04:34,109 [INFO] PluginManager:220 - loadIPPluginJar : add opamp
2025-10-11 13:04:34,111 [INFO] IPUIPlugin:80 - create IPUIPlugin
2025-10-11 13:04:34,111 [INFO] PluginManager:220 - loadIPPluginJar : add openamp
2025-10-11 13:04:34,113 [INFO] IPUIPlugin:80 - create IPUIPlugin
2025-10-11 13:04:34,114 [INFO] PluginManager:220 - loadIPPluginJar : add pdm2pcm
2025-10-11 13:04:34,118 [INFO] IPUIPlugin:80 - create IPUIPlugin
2025-10-11 13:04:34,122 [INFO] PluginManager:220 - loadIPPluginJar : add plateformsettings
2025-10-11 13:04:34,123 [INFO] IPUIPlugin:80 - create IPUIPlugin
2025-10-11 13:04:34,124 [INFO] PluginManager:220 - loadIPPluginJar : add quadspi
2025-10-11 13:04:34,125 [INFO] IPUIPlugin:80 - create IPUIPlugin
2025-10-11 13:04:34,126 [INFO] PluginManager:220 - loadIPPluginJar : add radio
2025-10-11 13:04:34,129 [INFO] IPUIPlugin:80 - create IPUIPlugin
2025-10-11 13:04:34,129 [INFO] PluginManager:220 - loadIPPluginJar : add resmgrutility
2025-10-11 13:04:34,131 [INFO] IPUIPlugin:80 - create IPUIPlugin
2025-10-11 13:04:34,132 [INFO] PluginManager:220 - loadIPPluginJar : add sai
2025-10-11 13:04:34,133 [INFO] IPUIPlugin:80 - create IPUIPlugin
2025-10-11 13:04:34,133 [INFO] PluginManager:220 - loadIPPluginJar : add spi
2025-10-11 13:04:34,138 [INFO] IPUIPlugin:80 - create IPUIPlugin
2025-10-11 13:04:34,138 [INFO] PluginManager:220 - loadIPPluginJar : add stm32_wpan
2025-10-11 13:04:34,140 [INFO] IPUIPlugin:80 - create IPUIPlugin
2025-10-11 13:04:34,140 [INFO] PluginManager:220 - loadIPPluginJar : add tim
2025-10-11 13:04:34,142 [INFO] IPUIPlugin:80 - create IPUIPlugin
2025-10-11 13:04:34,142 [INFO] PluginManager:220 - loadIPPluginJar : add touchsensing
2025-10-11 13:04:34,144 [INFO] IPUIPlugin:80 - create IPUIPlugin
2025-10-11 13:04:34,144 [INFO] PluginManager:220 - loadIPPluginJar : add tracer_emb
2025-10-11 13:04:34,146 [INFO] IPUIPlugin:80 - create IPUIPlugin
2025-10-11 13:04:34,146 [INFO] PluginManager:220 - loadIPPluginJar : add ts
2025-10-11 13:04:34,147 [INFO] IPUIPlugin:80 - create IPUIPlugin
2025-10-11 13:04:34,147 [INFO] PluginManager:220 - loadIPPluginJar : add tsc
2025-10-11 13:04:34,148 [INFO] IPUIPlugin:80 - create IPUIPlugin
2025-10-11 13:04:34,149 [INFO] PluginManager:220 - loadIPPluginJar : add ucpd
2025-10-11 13:04:34,150 [INFO] IPUIPlugin:80 - create IPUIPlugin
2025-10-11 13:04:34,151 [INFO] PluginManager:220 - loadIPPluginJar : add usart
2025-10-11 13:04:34,153 [INFO] IPUIPlugin:80 - create IPUIPlugin
2025-10-11 13:04:34,153 [INFO] PluginManager:220 - loadIPPluginJar : add usbx
2025-10-11 13:04:34,272 [FATAL] Updater:351 - Updater called before beeing initialized
2025-10-11 13:04:34,301 [INFO] RulesReader:64 - Compatibility file has been processed (317 Rules)
2025-10-11 13:04:34,309 [INFO] RulesReader:64 - Compatibility file has been processed (317 Rules)
2025-10-11 13:04:34,316 [INFO] CADModel:165 - CPN selected for project level
2025-10-11 13:04:34,316 [INFO] CADModel:114 - Register for checkConnection events
2025-10-11 13:04:34,316 [FATAL] Updater:351 - Updater called before beeing initialized
2025-10-11 13:04:34,316 [ERROR] CADModel:125 - Updater not yet initialized, retry later 
2025-10-11 13:04:34,435 [FATAL] Updater:351 - Updater called before beeing initialized
2025-10-11 13:04:34,437 [INFO] CADModel:165 - CPN selected for project level
2025-10-11 13:04:34,437 [INFO] CADModel:114 - Register for checkConnection events
2025-10-11 13:04:34,437 [FATAL] Updater:351 - Updater called before beeing initialized
2025-10-11 13:04:34,437 [ERROR] CADModel:125 - Updater not yet initialized, retry later 
2025-10-11 13:04:34,440 [FATAL] Updater:351 - Updater called before beeing initialized
2025-10-11 13:04:34,543 [FATAL] Updater:351 - Updater called before beeing initialized
2025-10-11 13:04:34,546 [INFO] DbMcusAds:53 - JSON generation date=Thu Oct 02 06:36:05 ART 2025 (1759397765645)
2025-10-11 13:04:34,546 [FATAL] Updater:351 - Updater called before beeing initialized
2025-10-11 13:04:34,571 [WARN] DetailPanel:346 - Failed to get advertising image, set to default
2025-10-11 13:04:34,630 [FATAL] Updater:351 - Updater called before beeing initialized
2025-10-11 13:04:34,632 [FATAL] Updater:351 - Updater called before beeing initialized
2025-10-11 13:04:34,632 [FATAL] Updater:351 - Updater called before beeing initialized
2025-10-11 13:04:34,632 [WARN] DetailPanel:346 - Failed to get advertising image, set to default
2025-10-11 13:04:34,633 [FATAL] Updater:351 - Updater called before beeing initialized
2025-10-11 13:04:34,665 [ERROR] Updater:1198 - MainUpdater not yet initialized. External WinMGr cannot be set.
2025-10-11 13:04:34,666 [INFO] Updater:1134 - Updater Version found : 6.15.0
2025-10-11 13:04:34,677 [INFO] ApplicationProperties:184 - Using Application install path: C:\ST\STM32CubeIDE_1.19.0\STM32CubeIDE\plugins\com.st.stm32cube.common.mx_6.15.0.202507011659
2025-10-11 13:04:36,245 [ERROR] LogOutputStream:75 - [STDERR_REDIRECT] Oct 11, 2025 1:04:36 PM java.util.prefs.WindowsPreferences <init>
2025-10-11 13:04:36,246 [ERROR] LogOutputStream:75 - [STDERR_REDIRECT] WARNING: Could not open/create prefs root node Software\JavaSoft\Prefs at root 0xffffffff80000002. Windows RegCreateKeyEx(...) returned error code 5.
2025-10-11 13:04:36,246 [ERROR] LogOutputStream:75 - [STDERR_REDIRECT] 
2025-10-11 13:04:36,429 [INFO] MainUpdater:2872 - connection check result : 10
2025-10-11 13:04:36,429 [INFO] MainUpdater:289 - Updater Check For Update Now.
2025-10-11 13:04:36,430 [INFO] MicroXplorer:498 - Change Database Version : DB.6.0.150
2025-10-11 13:04:36,434 [INFO] McuFinderGlobals:63 - Set McuFinder mode to 2 (CubeIDE integrated)
2025-10-11 13:04:36,434 [INFO] UserAuth:487 - Internet connection configuration mode: 1
2025-10-11 13:04:36,450 [INFO] JxBrowserEngine:152 - Initiate JxBrowser Engine with user profile folder
2025-10-11 13:04:36,605 [INFO] CheckServerUpdateThread:120 - End of CheckServer Thread
2025-10-11 13:04:36,816 [WARN] PackLoader:240 - Cannot read IP mode file for STMicroelectronics.FP-SNS-MOTENVWB1.1.4.0
2025-10-11 13:04:36,826 [WARN] PackLoader:240 - Cannot read IP mode file for STMicroelectronics.FP-ATR-ASTRA1.2.0.2
2025-10-11 13:04:36,835 [WARN] PackLoader:240 - Cannot read IP mode file for STMicroelectronics.X-CUBE-SMBUS.2.1.0
2025-10-11 13:04:36,841 [WARN] PackLoader:240 - Cannot read IP mode file for STMicroelectronics.X-CUBE-ST60.1.0.0
2025-10-11 13:04:36,890 [WARN] PackLoader:240 - Cannot read IP mode file for STMicroelectronics.X-CUBE-AZRTOS-F7.1.1.0
2025-10-11 13:04:36,899 [WARN] PackLoader:240 - Cannot read IP mode file for Cesanta.I-CUBE-Mongoose.7.19.0
2025-10-11 13:04:36,909 [WARN] PackLoader:240 - Cannot read IP mode file for WES.I-CUBE-Cesium.1.4.0
2025-10-11 13:04:36,936 [WARN] PackLoader:240 - Cannot read IP mode file for Infineon.AIROC-Wi-Fi-Bluetooth-STM32.1.7.1
2025-10-11 13:04:36,967 [WARN] PackLoader:240 - Cannot read IP mode file for STMicroelectronics.X-CUBE-AZRTOS-H7.3.4.0
2025-10-11 13:04:36,982 [WARN] PackLoader:240 - Cannot read IP mode file for STMicroelectronics.X-CUBE-DISPLAY.3.0.0
2025-10-11 13:04:36,999 [WARN] PackLoader:240 - Cannot read IP mode file for STMicroelectronics.X-CUBE-NFC10.1.0.0
2025-10-11 13:04:37,063 [INFO] WebApp:169 - Instantiating new browser for Auth
2025-10-11 13:04:37,121 [WARN] PackLoader:240 - Cannot read IP mode file for emotas.I-CUBE-CANOPEN.1.3.0
2025-10-11 13:04:37,130 [WARN] PackLoader:240 - Cannot read IP mode file for STMicroelectronics.FP-SNS-STBOX1.2.1.0
2025-10-11 13:04:37,139 [WARN] PackLoader:240 - Cannot read IP mode file for STMicroelectronics.FP-SNS-SMARTAG2.1.2.0
2025-10-11 13:04:37,146 [WARN] PackLoader:240 - Cannot read IP mode file for STMicroelectronics.FP-SNS-FLIGHT1.5.1.0
2025-10-11 13:04:37,155 [INFO] LogOutputStream:77 - [STDOUT_REDIRECT] 1 : Invalid condition id : UX_CORESTACK_Condition cause : null
2025-10-11 13:04:37,155 [INFO] LogOutputStream:77 - [STDOUT_REDIRECT] 1 : Invalid condition id : UX_CORESTACK_Condition cause : null
2025-10-11 13:04:37,156 [INFO] LogOutputStream:77 - [STDOUT_REDIRECT] 1 : Invalid condition id : UX_CORESTACK_Condition cause : null
2025-10-11 13:04:37,158 [INFO] LogOutputStream:77 - [STDOUT_REDIRECT] 1 : Invalid condition id : UX_CORESTACK_Condition cause : null
2025-10-11 13:04:37,159 [INFO] LogOutputStream:77 - [STDOUT_REDIRECT] 1 : Invalid condition id : UX_CORESTACK_Condition cause : null
2025-10-11 13:04:37,162 [WARN] PackLoader:240 - Cannot read IP mode file for STMicroelectronics.X-CUBE-AZRTOS-WL.2.0.0
2025-10-11 13:04:37,169 [WARN] PackLoader:240 - Cannot read IP mode file for STMicroelectronics.FP-SNS-MOTENV1.5.0.0
2025-10-11 13:04:37,175 [WARN] PackLoader:240 - Cannot read IP mode file for STMicroelectronics.X-CUBE-BLE2.3.3.0
2025-10-11 13:04:37,184 [WARN] PackLoader:240 - Cannot read IP mode file for STMicroelectronics.X-CUBE-NFC9.1.0.0
2025-10-11 13:04:37,191 [WARN] PackLoader:240 - Cannot read IP mode file for wolfSSL.I-CUBE-wolfSSL.5.8.2
2025-10-11 13:04:37,197 [WARN] PackLoader:240 - Cannot read IP mode file for STMicroelectronics.X-CUBE-BLE1.7.1.0
2025-10-11 13:04:37,202 [WARN] PackLoader:240 - Cannot read IP mode file for wolfSSL.I-CUBE-wolfMQTT.1.19.2
2025-10-11 13:04:37,210 [WARN] PackLoader:240 - Cannot read IP mode file for STMicroelectronics.X-CUBE-EEPRMA1.5.2.0
2025-10-11 13:04:37,238 [WARN] PackLoader:240 - Cannot read IP mode file for STMicroelectronics.X-CUBE-AZRTOS-G0.1.1.0
2025-10-11 13:04:37,248 [WARN] PackLoader:240 - Cannot read IP mode file for STMicroelectronics.X-CUBE-SAFEA1.1.2.2
2025-10-11 13:04:37,255 [WARN] PackLoader:240 - Cannot read IP mode file for STMicroelectronics.X-CUBE-NFC4.3.0.0
2025-10-11 13:04:37,265 [WARN] PackLoader:240 - Cannot read IP mode file for EmbeddedOffice.I-CUBE-FS-RTOS.1.0.1
2025-10-11 13:04:37,270 [WARN] PackLoader:240 - Cannot read IP mode file for STMicroelectronics.X-CUBE-WB05N.2.0.0
2025-10-11 13:04:37,275 [WARN] PackLoader:240 - Cannot read IP mode file for wolfSSL.I-CUBE-wolfTPM.3.8.0
2025-10-11 13:04:37,283 [WARN] PackLoader:240 - Cannot read IP mode file for STMicroelectronics.X-CUBE-TCPP.4.2.0
2025-10-11 13:04:37,290 [WARN] PackLoader:240 - Cannot read IP mode file for RealThread.X-CUBE-RT-Thread_Nano.4.1.1
2025-10-11 13:04:37,294 [WARN] PackLoader:240 - Cannot read IP mode file for STMicroelectronics.FP-ATR-SIGFOX1.3.2.0
2025-10-11 13:04:37,301 [WARN] PackLoader:240 - Cannot read IP mode file for ITTIA_DB.I-CUBE-ITTIADB.8.9.0
2025-10-11 13:04:37,310 [WARN] PackLoader:240 - Cannot read IP mode file for STMicroelectronics.X-CUBE-ST67W61.1.0.0
2025-10-11 13:04:37,315 [WARN] PackLoader:240 - Cannot read IP mode file for STMicroelectronics.X-CUBE-AI.10.2.0
2025-10-11 13:04:37,344 [WARN] PackLoader:240 - Cannot read IP mode file for SEGGER.I-CUBE-embOS.1.3.1
2025-10-11 13:04:37,390 [WARN] PackLoader:240 - Cannot read IP mode file for STMicroelectronics.X-CUBE-ALGOBUILD.1.4.0
2025-10-11 13:04:37,478 [WARN] PackLoader:240 - Cannot read IP mode file for STMicroelectronics.X-CUBE-MEMS1.11.3.0
2025-10-11 13:04:37,669 [WARN] PackLoader:240 - Cannot read IP mode file for STMicroelectronics.X-CUBE-PM33A1.1.0.0
2025-10-11 13:04:37,680 [WARN] PackLoader:240 - Cannot read IP mode file for STMicroelectronics.X-CUBE-AZRTOS-F4.1.1.0
2025-10-11 13:04:37,685 [WARN] PackLoader:240 - Cannot read IP mode file for Avnet-IotConnect.X-CUBE-IoTC-DA16k-PMOD.1.0.0
2025-10-11 13:04:37,689 [WARN] PackLoader:240 - Cannot read IP mode file for STMicroelectronics.X-CUBE-ISPU.2.1.0
2025-10-11 13:04:37,695 [WARN] PackLoader:240 - Cannot read IP mode file for STMicroelectronics.X-CUBE-NFC12.1.0.0
2025-10-11 13:04:37,712 [WARN] PackLoader:240 - Cannot read IP mode file for STMicroelectronics.X-CUBE-AZRTOS-L5.2.0.0
2025-10-11 13:04:37,721 [WARN] PackLoader:240 - Cannot read IP mode file for STMicroelectronics.X-CUBE-NFC6.3.1.0
2025-10-11 13:04:37,727 [WARN] PackLoader:240 - Cannot read IP mode file for STMicroelectronics.X-CUBE-FREERTOS.1.3.1
2025-10-11 13:04:37,733 [WARN] PackLoader:240 - Cannot read IP mode file for STMicroelectronics.X-CUBE-TOUCHGFX.4.26.0
2025-10-11 13:04:37,737 [WARN] PackLoader:240 - Cannot read IP mode file for STMicroelectronics.FP-SNS-STAIOTCFT.1.0.0
2025-10-11 13:04:37,740 [WARN] PackLoader:240 - Cannot read IP mode file for STMicroelectronics.X-CUBE-DPower.1.3.0
2025-10-11 13:04:37,757 [WARN] ConditionMgr:438 - getConditionDescription Invalid condition id : LAN8742 Phy interface Condition cause : null
2025-10-11 13:04:37,758 [WARN] PackLoader:240 - Cannot read IP mode file for STMicroelectronics.X-CUBE-AZRTOS-L4.2.0.0
2025-10-11 13:04:37,760 [WARN] ConditionMgr:1044 - genDependencies : Invalid condition id : LAN8742 Phy interface Condition cause : null
2025-10-11 13:04:37,760 [WARN] ConditionMgr:1044 - genDependencies : Invalid condition id : LAN8742 Phy interface Condition cause : null
2025-10-11 13:04:37,761 [WARN] ConditionMgr:1044 - genDependencies : Invalid condition id : LAN8742 Phy interface Condition cause : null
2025-10-11 13:04:37,770 [WARN] PackLoader:240 - Cannot read IP mode file for STMicroelectronics.X-CUBE-SFXS2LP1.4.0.0
2025-10-11 13:04:37,781 [WARN] PackLoader:240 - Cannot read IP mode file for STMicroelectronics.X-CUBE-BLEMGR.4.1.0
2025-10-11 13:04:37,793 [WARN] ConditionMgr:438 - getConditionDescription Invalid condition id : UX DEVICE CLASS RTOS Condition cause : null
2025-10-11 13:04:37,793 [WARN] ConditionMgr:438 - getConditionDescription Invalid condition id : UX DEVICE CLASS RTOS Condition cause : null
2025-10-11 13:04:37,794 [WARN] PackLoader:240 - Cannot read IP mode file for STMicroelectronics.X-CUBE-AZRTOS-WB.2.0.0
2025-10-11 13:04:37,795 [WARN] ConditionMgr:1044 - genDependencies : Invalid condition id : UX DEVICE CLASS RTOS Condition cause : null
2025-10-11 13:04:37,795 [WARN] ConditionMgr:1044 - genDependencies : Invalid condition id : UX DEVICE CLASS RTOS Condition cause : null
2025-10-11 13:04:37,795 [WARN] ConditionMgr:1044 - genDependencies : Invalid condition id : UX DEVICE CLASS RTOS Condition cause : null
2025-10-11 13:04:37,795 [WARN] ConditionMgr:1044 - genDependencies : Invalid condition id : UX DEVICE CLASS RTOS Condition cause : null
2025-10-11 13:04:37,795 [WARN] ConditionMgr:1044 - genDependencies : Invalid condition id : UX DEVICE CLASS RTOS Condition cause : null
2025-10-11 13:04:37,801 [WARN] PackLoader:240 - Cannot read IP mode file for STMicroelectronics.X-CUBE-GNSS1.7.0.1
2025-10-11 13:04:37,803 [WARN] PackLoader:240 - Cannot read IP mode file for STMicroelectronics.X-CUBE-TOUCHGFX.4.25.0
2025-10-11 13:04:37,807 [WARN] ConditionMgr:438 - getConditionDescription Invalid condition id : Cortex-A Device cause : null
2025-10-11 13:04:37,815 [WARN] ConditionMgr:1044 - genDependencies : Invalid condition id : Cortex-A Device cause : null
2025-10-11 13:04:37,815 [WARN] ConditionMgr:1044 - genDependencies : Invalid condition id : Cortex-A Device cause : null
2025-10-11 13:04:37,815 [WARN] ConditionMgr:1044 - genDependencies : Invalid condition id : Cortex-A Device cause : null
2025-10-11 13:04:37,820 [WARN] PackLoader:240 - Cannot read IP mode file for STMicroelectronics.X-CUBE-SUBG2.5.0.0
2025-10-11 13:04:37,835 [WARN] PackLoader:240 - Cannot read IP mode file for STMicroelectronics.X-CUBE-AZRTOS-H7RS.1.1.0
2025-10-11 13:04:37,840 [WARN] PackLoader:240 - Cannot read IP mode file for Cesanta.I-CUBE-Mongoose.7.13.0
2025-10-11 13:04:37,849 [WARN] PackLoader:240 - Cannot read IP mode file for STMicroelectronics.X-CUBE-AZRTOS-G4.2.0.0
2025-10-11 13:04:37,852 [WARN] PackLoader:240 - Cannot read IP mode file for wolfSSL.I-CUBE-wolfSSH.1.4.20
2025-10-11 13:04:37,855 [WARN] PackLoader:240 - Cannot read IP mode file for STMicroelectronics.X-CUBE-NFC7.2.0.0
2025-10-11 13:04:37,862 [WARN] PackLoader:240 - Cannot read IP mode file for STMicroelectronics.X-CUBE-IPS.3.1.0
2025-10-11 13:04:37,868 [WARN] PackLoader:240 - Cannot read IP mode file for STMicroelectronics.X-CUBE-ALS.1.0.2
2025-10-11 13:04:37,872 [WARN] PackLoader:240 - Cannot read IP mode file for STMicroelectronics.X-CUBE-STSE01.1.0.0
2025-10-11 13:04:37,877 [WARN] PackLoader:240 - Cannot read IP mode file for portGmbH.I-Cube-SoM-uGOAL.1.1.0
2025-10-11 13:04:37,893 [WARN] PackLoader:240 - Cannot read IP mode file for STMicroelectronics.X-CUBE-TOF1.3.4.3
2025-10-11 13:04:37,901 [INFO] ThirdParty:978 - Integrity check success = true
2025-10-11 13:04:37,901 [INFO] IntegrityCheckThread:100 - exiting critical section [integrity check]
2025-10-11 13:04:37,901 [INFO] IntegrityCheckThread:103 - End integrity checks thread
2025-10-11 13:04:38,122 [INFO] WebApp:463 - Apply proxy settings
2025-10-11 13:04:38,123 [INFO] WebApp:548 - Chromium requires no authentication
2025-10-11 13:04:38,128 [INFO] WebApp:491 - Direct internet connection detected
2025-10-11 13:04:38,144 [INFO] WebApp:900 - Register for checkConnection events
2025-10-11 13:04:38,145 [INFO] WebApp:463 - Apply proxy settings
2025-10-11 13:04:38,145 [INFO] WebApp:548 - Chromium requires no authentication
2025-10-11 13:04:38,146 [INFO] WebApp:491 - Direct internet connection detected
2025-10-11 13:04:38,255 [INFO] WebApp:225 - Starting web application
2025-10-11 13:04:38,255 [INFO] WebApp:593 - Web application path used C:\ST\STM32CubeIDE_1.19.0\STM32CubeIDE\plugins\com.st.stm32cube.common.mx_6.15.0.202507011659\db\plugins\mcufinder\reactClient1\index.html
2025-10-11 13:04:38,324 [INFO] UserAuth:487 - Internet connection configuration mode: 1
2025-10-11 13:04:38,434 [INFO] WebApp:191 - Connection restablished
2025-10-11 13:05:33,133 [INFO] McuFinderGlobals:63 - Set McuFinder mode to 2 (CubeIDE integrated)
2025-10-11 13:05:33,140 [INFO] MainUpdater:2872 - connection check result : 10
2025-10-11 13:05:33,141 [INFO] MainUpdater:2872 - connection check result : 10
2025-10-11 13:05:33,184 [INFO] MicroXplorer:468 - Change Database Path : 
2025-10-11 13:05:33,184 [INFO] MicroXplorer:498 - Change Database Version : DB.6.0.150
2025-10-11 13:05:33,189 [WARN] ThirdParty:871 - waiting for thirdparty lock release [close project]
2025-10-11 13:05:33,189 [INFO] ThirdParty:873 - entering critical section [close project]
2025-10-11 13:05:33,190 [INFO] ThirdParty:883 - exiting critical section [close project]
2025-10-11 13:05:33,191 [INFO] PinOutPanel:1589 - setPackage(No Configuration,No Configuration)
2025-10-11 13:05:33,192 [INFO] UtilMem:75 - Begin LoadConfig() Used Memory: 334547336 Bytes (359661568)
2025-10-11 13:05:33,193 [INFO] MicroXplorer:468 - Change Database Path : 
2025-10-11 13:05:33,193 [INFO] MicroXplorer:498 - Change Database Version : DB.6.0.150
2025-10-11 13:05:33,193 [INFO] OpenFileManager:355 - Change cursor
2025-10-11 13:05:33,202 [INFO] ThirdPartyDownloadManager:103 - Found SW packSTMicroelectronics.X-CUBE-NFC10.1.0.0up-to-date on disk
2025-10-11 13:05:33,221 [INFO] Mcu:2029 - Initializing MCU STM32F446R(C-E)Tx STM32F446RETx STM32F446RET6
2025-10-11 13:05:34,518 [INFO] Context:786 - Trying to add GPIOservice into a context  which must be forbidden
2025-10-11 13:05:35,011 [INFO] ApiDbMcu:532 - Load IP Config File for STMicroelectronics.X-CUBE-NFC10.1.0.0
2025-10-11 13:05:35,111 [INFO] ImportTextPane:234 - (OptionalMessage_ERROR) Pin25 (VP_RIF_VS_RIF1) cannot be retrieved for this MCU
2025-10-11 13:05:35,183 [INFO] RtosManager:558 - Registered RTOS mode: class=CMSIS, group=RTOS, mode=CMSIS_V1, owner=FREERTOS
2025-10-11 13:05:35,183 [INFO] RtosManager:558 - Registered RTOS mode: class=CMSIS, group=RTOS2, mode=CMSIS_V2, owner=FREERTOS
2025-10-11 13:05:35,183 [INFO] RtosManager:558 - Registered RTOS mode: class=RTOS, group=Core, mode=CMSIS_V1, owner=FREERTOS
2025-10-11 13:05:35,183 [INFO] RtosManager:558 - Registered RTOS mode: class=RTOS, group=Core, mode=CMSIS_V2, owner=FREERTOS
2025-10-11 13:05:35,184 [WARN] ModelIntegratedComponent:184 - Missing modes for component STMicroelectronics:FreeRTOS:0.0.1:STMicroelectronics:RTOS:FreeRTOS:Core:::10.2.0:
2025-10-11 13:05:35,206 [WARN] ModelIntegratedComponent:63 - No mode defined for component null
2025-10-11 13:05:35,206 [WARN] ModelIntegratedComponent:63 - No mode defined for component null
2025-10-11 13:05:35,206 [WARN] ModelIntegratedComponent:63 - No mode defined for component null
2025-10-11 13:05:35,206 [WARN] ModelIntegratedComponent:63 - No mode defined for component null
2025-10-11 13:05:35,206 [WARN] ModelIntegratedComponent:63 - No mode defined for component null
2025-10-11 13:05:35,206 [WARN] ModelIntegratedComponent:63 - No mode defined for component null
2025-10-11 13:05:35,206 [WARN] ModelIntegratedComponent:63 - No mode defined for component null
2025-10-11 13:05:35,206 [WARN] ModelIntegratedComponent:63 - No mode defined for component null
2025-10-11 13:05:35,206 [WARN] ModelIntegratedComponent:63 - No mode defined for component null
2025-10-11 13:05:35,206 [WARN] ModelIntegratedComponent:63 - No mode defined for component null
2025-10-11 13:05:35,206 [WARN] ModelIntegratedComponent:63 - No mode defined for component null
2025-10-11 13:05:35,206 [WARN] ModelIntegratedComponent:63 - No mode defined for component null
2025-10-11 13:05:35,206 [WARN] ModelIntegratedComponent:63 - No mode defined for component null
2025-10-11 13:05:35,206 [WARN] ModelIntegratedComponent:63 - No mode defined for component null
2025-10-11 13:05:35,206 [WARN] ModelIntegratedComponent:63 - No mode defined for component null
2025-10-11 13:05:35,206 [WARN] ModelIntegratedComponent:63 - No mode defined for component null
2025-10-11 13:05:35,206 [WARN] ModelIntegratedComponent:63 - No mode defined for component null
2025-10-11 13:05:35,206 [WARN] ModelIntegratedComponent:63 - No mode defined for component null
2025-10-11 13:05:35,207 [WARN] ModelIntegratedComponent:63 - No mode defined for component null
2025-10-11 13:05:35,207 [WARN] ModelIntegratedComponent:63 - No mode defined for component null
2025-10-11 13:05:35,207 [WARN] ModelIntegratedComponent:63 - No mode defined for component null
2025-10-11 13:05:35,207 [WARN] ModelIntegratedComponent:63 - No mode defined for component null
2025-10-11 13:05:35,207 [WARN] ModelIntegratedComponent:63 - No mode defined for component null
2025-10-11 13:05:35,207 [WARN] ModelIntegratedComponent:63 - No mode defined for component null
2025-10-11 13:05:35,207 [WARN] ModelIntegratedComponent:63 - No mode defined for component null
2025-10-11 13:05:35,207 [WARN] ModelIntegratedComponent:63 - No mode defined for component null
2025-10-11 13:05:35,207 [WARN] ModelIntegratedComponent:63 - No mode defined for component null
2025-10-11 13:05:35,207 [WARN] ModelIntegratedComponent:63 - No mode defined for component null
2025-10-11 13:05:35,207 [WARN] ModelIntegratedComponent:63 - No mode defined for component null
2025-10-11 13:05:35,207 [WARN] ModelIntegratedComponent:63 - No mode defined for component null
2025-10-11 13:05:35,207 [WARN] ModelIntegratedComponent:63 - No mode defined for component null
2025-10-11 13:05:35,207 [WARN] ModelIntegratedComponent:63 - No mode defined for component null
2025-10-11 13:05:35,207 [WARN] ModelIntegratedComponent:63 - No mode defined for component null
2025-10-11 13:05:35,207 [WARN] ModelIntegratedComponent:63 - No mode defined for component null
2025-10-11 13:05:35,207 [WARN] ModelIntegratedComponent:63 - No mode defined for component null
2025-10-11 13:05:35,207 [WARN] ModelPack:524 - Component already loaded: STMicroelectronics:HAL Drivers:0.0.0:STMicroelectronics:Device:STMicro_Driver:XSPI:HAL::0.0.1:HAL_XSPI
2025-10-11 13:05:35,747 [INFO] ThirdPartyModel:298 - Start build external matchings
2025-10-11 13:05:35,992 [INFO] ThirdPartyModel:316 - End build external matchings
2025-10-11 13:05:36,004 [INFO] ImportTextPane:234 - (OptionalMessage_ERROR) IP (RCC) : Invalid parameter (48MHZClocksFreq_Value)
2025-10-11 13:05:36,005 [INFO] ImportTextPane:234 - (OptionalMessage_ERROR) IP (RCC) : Invalid parameter (EthernetFreq_Value)
2025-10-11 13:05:36,006 [INFO] ImportTextPane:234 - (OptionalMessage_ERROR) IP (RCC) : Parameter (FLatency) has Id (AdvancedSettings) currently not set
2025-10-11 13:05:36,006 [INFO] ImportTextPane:234 - (OptionalMessage_ERROR) IP (RCC) : Invalid parameter (FamilyName)
2025-10-11 13:05:36,006 [INFO] ImportTextPane:234 - (OptionalMessage_ERROR) IP (RCC) : Invalid parameter (I2SClocksFreq_Value)
2025-10-11 13:05:36,007 [INFO] ImportTextPane:234 - (OptionalMessage_ERROR) IP (RCC) : Parameter (SDIOFreq_Value) has invalid value (168000000)
2025-10-11 13:05:36,007 [INFO] ImportTextPane:234 - (OptionalMessage_ERROR) IP (RCC) : Parameter (USBFreq_Value) has invalid value (168000000)
2025-10-11 13:05:36,008 [INFO] ImportTextPane:234 - (OptionalMessage_ERROR) IP (RCC) : Invalid parameter (VCOInputMFreq_Value)
2025-10-11 13:05:36,008 [INFO] ImportTextPane:234 - (OptionalMessage_ERROR) IP (RCC) : Invalid parameter (VcooutputI2S)
2025-10-11 13:05:36,281 [INFO] ApiDb:581 - Connected to CubeFinder SQLite database (C:\Users\Paulo\.stmcufinder\plugins\mcufinder\mcu\cube-finder-db.db)
2025-10-11 13:05:36,361 [INFO] ApiDb:668 - CubeFinder database Data Model version=2.1
2025-10-11 13:05:36,361 [INFO] ApiDb:669 - CubeFinder database Configuration version=3.0.39
2025-10-11 13:05:36,361 [INFO] ApiDb:670 - CubeFinder database generation date=2025-08-25 (1756130511)
2025-10-11 13:05:36,361 [INFO] ApiDb:671 - CubeFinder database FW Pack versions=[FP-ATR-ASTRA1_V2.0.0, FP-SNS-FLIGHT1_V5.1.0, FP-SNS-MOTENV1_V5.0.0, FP-SNS-MOTENVWB1_V1.4.0, FP-SNS-SMARTAG2_V1.2.0, FP-SNS-STBOX1_V2.1.0, STM32Cube_FW_C0_V1.4.0, STM32Cube_FW_F4_V1.28.3, STM32Cube_FW_F7_V1.17.4, STM32Cube_FW_G0_V1.6.2, STM32Cube_FW_G4_V1.6.1, STM32Cube_FW_H5_V1.5.0, STM32Cube_FW_H7RS_V1.2.0, STM32Cube_FW_H7_V1.12.1, STM32Cube_FW_L0_V1.12.2, STM32Cube_FW_L4_V1.18.1, STM32Cube_FW_L5_V1.5.1, STM32Cube_FW_N6_V1.2.0, STM32Cube_FW_U0_V1.3.0, STM32Cube_FW_U3_V1.2.0, STM32Cube_FW_U5_V1.8.0, STM32Cube_FW_WB0_V1.3.0, STM32Cube_FW_WBA_V1.7.0, STM32Cube_FW_WB_V1.23.0, STM32Cube_FW_WL3_V1.2.0, STM32Cube_FW_WL_V1.3.1, X-CUBE-ALGOBUILD_V1.4.0, X-CUBE-ALS_V1.0.2, X-CUBE-AZRTOS-F4_V1.1.0, X-CUBE-AZRTOS-F7_V1.1.0, X-CUBE-AZRTOS-G0_V1.1.0, X-CUBE-AZRTOS-G4_V2.0.0, X-CUBE-AZRTOS-H7RS_V1.1.0, X-CUBE-AZRTOS-H7_V3.4.0, X-CUBE-AZRTOS-L4_V2.0.0, X-CUBE-AZRTOS-L5_V2.0.0, X-CUBE-AZRTOS-WB_V2.0.0, X-CUBE-AZRTOS-WL_V2.0.0, X-CUBE-BLE1_V7.1.0, X-CUBE-BLE2_V3.3.0, X-CUBE-BLEMGR_V4.1.0, X-CUBE-EEPRMA1_V5.2.0, X-CUBE-FREERTOS_V1.3.1, X-CUBE-GNSS1_V6.0.0, X-CUBE-MEMS1_V11.3.0, X-CUBE-NFC4_V3.0.0, X-CUBE-NFC7_V2.0.0, X-CUBE-SFXS2LP1_V4.0.0, X-CUBE-ST67W61_V1.0.0, X-CUBE-SUBG2_V5.0.0, X-CUBE-TOF1_V3.4.3]
2025-10-11 13:05:36,464 [INFO] DbBoardsSqlite:226 - include board P-NUCLEO-WB55-NUCLEO as a kit item of type 'Nucleo-64'
2025-10-11 13:05:36,464 [INFO] DbBoardsSqlite:226 - include board P-NUCLEO-WB55-USBDONGLE as a kit item of type 'Nucleo USB Dongle'
2025-10-11 13:05:36,465 [INFO] DbBoardsSqlite:226 - include board STEVAL-IDP005V1 as a kit item of type 'Evaluation Board'
2025-10-11 13:05:36,465 [INFO] DbBoardsSqlite:226 - include board STEVAL-IDP005V2 as a kit item of type 'Evaluation Board'
2025-10-11 13:05:36,806 [INFO] ApiDb:240 - Found 880 in-development CPN: [B-G473E-ZEST1S, B-WB1M-WPAN1, B-WBA5M-WPAN, B-WL5M-SUBG1, NUCLEO-C031C6, NUCLEO-C051C8, NUCLEO-C071RB, NUCLEO-C092RC, NUCLEO-H503RB, NUCLEO-H533RE, NUCLEO-H563ZI, NUCLEO-H7S3L8, NUCLEO-N657X0-Q, NUCLEO-U031R8, NUCLEO-U083RC, NUCLEO-U385RG-Q, NUCLEO-U545RE-Q, NUCLEO-U5A5ZJ-Q, NUCLEO-WB05KZ, NUCLEO-WB07CC, NUCLEO-WB09KE, NUCLEO-WBA52CG, NUCLEO-WBA55CG, NUCLEO-WL33CC1, NUCLEO-WL33CC2, STEVAL-PROTEUS1, STEVAL-SMARTAG2, STEVAL-STWINBX1, STM320518-EVAL, STM32C0116-DK, STM32C011D6Y3TR, STM32C011D6Y6TR, STM32C011F4P3, STM32C011F4P6, STM32C011F4U3, STM32C011F4U6TR, STM32C011F6P3, STM32C011F6P6, STM32C011F6U3, STM32C011F6U6TR, STM32C011J4M3, STM32C011J4M6, STM32C011J6M3, STM32C011J6M6, STM32C0316-DK, STM32C031C4T3, STM32C031C4T6, STM32C031C4U3, STM32C031C4U6, STM32C031C6T3, STM32C031C6T6, STM32C031C6U3, STM32C031C6U6, STM32C031F4P3, STM32C031F4P6, STM32C031F6P3, STM32C031F6P6, STM32C031G4U3, STM32C031G4U6, STM32C031G6U3, STM32C031G6U6, STM32C031K4T3, STM32C031K4T6, STM32C031K4U3, STM32C031K4U6, STM32C031K6T3, STM32C031K6T6, STM32C031K6U3, STM32C031K6U6, STM32C051C6T6, STM32C051C6U6, STM32C051C8T6, STM32C051C8U6, STM32C051D8Y6TR, STM32C051F6P6, STM32C051F8P6, STM32C051G6U6, STM32C051G8U6, STM32C051K6T6, STM32C051K6U6, STM32C051K8T6, STM32C071C8T6, STM32C071C8T6N, STM32C071C8U6, STM32C071C8U6N, STM32C071CBT6, STM32C071CBT6N, STM32C071CBU6, STM32C071CBU6N, STM32C071F8P6, STM32C071F8P6N, STM32C071FBP6, STM32C071FBP6N, STM32C071FBY6TR, STM32C071G8U6, STM32C071G8U6N, STM32C071GBU6, STM32C071GBU6N, STM32C071K8T6, STM32C071K8T6N, STM32C071K8U6, STM32C071K8U6N, STM32C071KBT6, STM32C071KBT6N, STM32C071KBU6, STM32C071KBU6N, STM32C071R8T6, STM32C071R8T6N, STM32C071RBI6N, STM32C071RBT6, STM32C071RBT6N, STM32C091CBT6, STM32C091CBU6, STM32C091CCT6, STM32C091CCU6, STM32C091ECY6TR, STM32C091FBP6, STM32C091FCP6, STM32C091GBU6, STM32C091GCU6, STM32C091KBT6, STM32C091KBU6, STM32C091KCT6, STM32C091KCU6, STM32C091RBT6, STM32C091RCI6, STM32C091RCT6, STM32C092CBT6, STM32C092CBU6, STM32C092CCT6, STM32C092CCU6, STM32C092ECY6TR, STM32C092FBP6, STM32C092FCP6, STM32C092GBU6, STM32C092GCU6, STM32C092KBT6, STM32C092KBU6, STM32C092KCT6, STM32C092KCU6, STM32C092RBT6, STM32C092RCI6, STM32C092RCT6, STM32G071K8TXN, STM32G071K8UXN, STM32G081GBU6N, STM32G081KBT6N, STM32G081KBUXN, STM32G0B1CCT6N, STM32G0B1KCT6, STM32G0B1NEY6TR, STM32G0B1RCT6N, STM32G0C1CCT6, STM32G0C1CCT6N, STM32G0C1CCU6N, STM32G0C1CET6N, STM32G0C1CEU6N, STM32G0C1KCT6, STM32G0C1NEY6TR, STM32G0C1RCI6N, STM32G0C1RCT6N, STM32G0C1REI6N, STM32G0C1RET6N, STM32G0C1VCI6, STM32G0C1VEI6, STM32G411C6T3, STM32G411C6T6, STM32G411C6U3, STM32G411C6U6, STM32G411C8T3, STM32G411C8T6, STM32G411C8U3, STM32G411C8U6, STM32G411CBT3, STM32G411CBT6, STM32G411CBU3, STM32G411CBU6, STM32G411K6T3, STM32G411K6T6, STM32G411K6U3, STM32G411K6U6, STM32G411K8T3, STM32G411K8T6, STM32G411K8U3, STM32G411K8U6, STM32G411KBT3, STM32G411KBT6, STM32G411KBU3, STM32G411KBU6, STM32G411M6T3, STM32G411M6T6, STM32G411M8T3, STM32G411M8T6, STM32G411MBT3, STM32G411MBT6, STM32G411R6T3, STM32G411R6T6, STM32G411R8T3, STM32G411R8T6, STM32G411RBT3, STM32G411RBT6, STM32G414CBT3, STM32G414CBT6, STM32G414CBU3, STM32G414CBU6, STM32G414CCT3, STM32G414CCT6, STM32G414CCU3, STM32G414CCU6, STM32G414MBT3, STM32G414MBT6, STM32G414MCT3, STM32G414MCT6, STM32G414RBT3, STM32G414RBT6, STM32G414RCT3, STM32G414RCT6, STM32G414VBT3, STM32G414VBT6, STM32G414VCT3, STM32G414VCT6, STM32G431CBT3Z, STM32G431RBT3Z, STM32G471CCT6, STM32G471CCU6, STM32G471CET3, STM32G471CET6, STM32G471CEU3, STM32G471CEU6, STM32G471MCT6, STM32G471MET3, STM32G471MET6, STM32G471MEY6TR, STM32G471QCT6, STM32G471QET3, STM32G471RCT6, STM32G471RET3, STM32G471RET6, STM32G471VCH6, STM32G471VCI6, STM32G471VCT6, STM32G471VEH3, STM32G471VEH6, STM32G471VEI3, STM32G471VEI6, STM32G471VET3, STM32G471VET6, STM32G473QET3Z, STM32G473RET3Z, STM32G474CCT6, STM32G491RET3Z, STM32H503CBT6, STM32H503CBU6, STM32H503EBY6TR, STM32H503KBU6, STM32H503RBT6, STM32H523CCT6, STM32H523CCU6, STM32H523CET6, STM32H523CEU6, STM32H523HEY6TR, STM32H523RCT6, STM32H523RET6, STM32H523VCI6, STM32H523VCT6, STM32H523VEI6, STM32H523VET6, STM32H523ZCJ6, STM32H523ZCT6, STM32H523ZEJ6, STM32H523ZET6, STM32H533CET6, STM32H533CEU6, STM32H533HEY6TR, STM32H533RET6, STM32H533VEI6, STM32H533VET6, STM32H533ZEJ6, STM32H533ZET6, STM32H562AGI6, STM32H562AII6, STM32H562IGK6, STM32H562IGT6, STM32H562IIK6, STM32H562IIT6, STM32H562RGT6, STM32H562RGV6, STM32H562RIT6, STM32H562RIV6, STM32H562VGT6, STM32H562VIT6, STM32H562ZGT6, STM32H562ZIT6, STM32H563AGI6, STM32H563AII3Q, STM32H563AII6, STM32H563IGK6, STM32H563IGT6, STM32H563IIK3Q, STM32H563IIK6, STM32H563IIT3Q, STM32H563IIT6, STM32H563MIY3QTR, STM32H563RGT6, STM32H563RGV6, STM32H563RIT6, STM32H563RIV6, STM32H563VGT6, STM32H563VIT3Q, STM32H563VIT6, STM32H563ZGT6, STM32H563ZIT3Q, STM32H563ZIT6, STM32H573AII3Q, STM32H573AII6, STM32H573I-DK, STM32H573IIK3Q, STM32H573IIK6, STM32H573IIT3Q, STM32H573IIT6, STM32H573MIY3QTR, STM32H573RIT6, STM32H573RIV6, STM32H573VIT3Q, STM32H573VIT6, STM32H573ZIT3Q, STM32H573ZIT6, STM32H7R3A8I6, STM32H7R3I8K6, STM32H7R3I8T6, STM32H7R3L8H6, STM32H7R3L8H6H, STM32H7R3R8V6, STM32H7R3V8H6, STM32H7R3V8T6, STM32H7R3V8Y6TR, STM32H7R3Z8J6, STM32H7R3Z8T6, STM32H7R7A8I6, STM32H7R7I8K6, STM32H7R7I8T6, STM32H7R7L8H6, STM32H7R7L8H6H, STM32H7R7Z8J6, STM32H7S3A8I6, STM32H7S3I8K6, STM32H7S3I8T6, STM32H7S3L8H6, STM32H7S3L8H6H, STM32H7S3R8V6, STM32H7S3V8H6, STM32H7S3V8T6, STM32H7S3V8Y6TR, STM32H7S3Z8J6, STM32H7S3Z8T6, STM32H7S78-DK, STM32H7S7A8I6, STM32H7S7I8K6, STM32H7S7I8T6, STM32H7S7L8H6, STM32H7S7L8H6H, STM32H7S7Z8J6, STM32L4R5QGI6STR, STM32MP131AAE3, STM32MP131AAF3, STM32MP131AAG3, STM32MP131CAE3, STM32MP131CAF3, STM32MP131CAG3, STM32MP131DAE7, STM32MP131DAF7, STM32MP131DAG7, STM32MP131FAE7, STM32MP131FAF7, STM32MP131FAG7, STM32MP133AAE3, STM32MP133AAF3, STM32MP133AAG3, STM32MP133CAE3, STM32MP133CAF3, STM32MP133CAG3, STM32MP133DAE7, STM32MP133DAF7, STM32MP133DAG7, STM32MP133FAE7, STM32MP133FAF7, STM32MP133FAG7, STM32MP135AAE3, STM32MP135AAF3, STM32MP135AAG3, STM32MP135CAE3, STM32MP135CAF3, STM32MP135CAG3, STM32MP135DAE7, STM32MP135DAF7, STM32MP135DAG7, STM32MP135F-DK, STM32MP135FAE7, STM32MP135FAF7, STM32MP135FAF7T, STM32MP135FAF7U, STM32MP135FAG7, STM32MP211AAL3, STM32MP211AAM3, STM32MP211AAN3, STM32MP211AAO3, STM32MP211CAL3, STM32MP211CAM3, STM32MP211CAN3, STM32MP211CAO3, STM32MP211DAL3, STM32MP211DAM3, STM32MP211DAN3, STM32MP211DAO3, STM32MP211FAL3, STM32MP211FAM3, STM32MP211FAN3, STM32MP211FAO3, STM32MP213AAL3, STM32MP213AAM3, STM32MP213AAN3, STM32MP213AAO3, STM32MP213CAL3, STM32MP213CAM3, STM32MP213CAN3, STM32MP213CAO3, STM32MP213DAL3, STM32MP213DAM3, STM32MP213DAN3, STM32MP213DAO3, STM32MP213FAL3, STM32MP213FAM3, STM32MP213FAN3, STM32MP213FAO3, STM32MP215AAL3, STM32MP215AAM3, STM32MP215AAN3, STM32MP215AAO3, STM32MP215CAL3, STM32MP215CAM3, STM32MP215CAN3, STM32MP215CAO3, STM32MP215DAL3, STM32MP215DAM3, STM32MP215DAN3, STM32MP215DAO3, STM32MP215F-DK, STM32MP215FAL3, STM32MP215FAM3, STM32MP215FAN3, STM32MP215FAO3, STM32MP231AAJ3, STM32MP231AAK3, STM32MP231AAL3, STM32MP231CAJ3, STM32MP231CAK3, STM32MP231CAL3, STM32MP231DAJ3, STM32MP231DAK3, STM32MP231DAL3, STM32MP231FAJ3, STM32MP231FAK3, STM32MP231FAL3, STM32MP233AAJ3, STM32MP233AAK3, STM32MP233AAL3, STM32MP233CAJ3, STM32MP233CAK3, STM32MP233CAL3, STM32MP233DAJ3, STM32MP233DAK3, STM32MP233DAL3, STM32MP233FAJ3, STM32MP233FAK3, STM32MP233FAL3, STM32MP235AAJ3, STM32MP235AAK3, STM32MP235AAL3, STM32MP235CAJ3, STM32MP235CAK3, STM32MP235CAL3, STM32MP235DAJ3, STM32MP235DAK3, STM32MP235DAL3, STM32MP235FAJ3, STM32MP235FAK3, STM32MP235FAL3, STM32MP251AAI3, STM32MP251AAK3, STM32MP251AAL3, STM32MP251CAI3, STM32MP251CAK3, STM32MP251CAL3, STM32MP251DAI3, STM32MP251DAK3, STM32MP251DAL3, STM32MP251FAI3, STM32MP251FAK3, STM32MP251FAL3, STM32MP253AAI3, STM32MP253AAK3, STM32MP253AAL3, STM32MP253CAI3, STM32MP253CAK3, STM32MP253CAL3, STM32MP253DAI3, STM32MP253DAK3, STM32MP253DAL3, STM32MP253FAI3, STM32MP253FAK3, STM32MP253FAL3, STM32MP255AAI3, STM32MP255AAK3, STM32MP255AAL3, STM32MP255CAI3, STM32MP255CAK3, STM32MP255CAL3, STM32MP255DAI3, STM32MP255DAK3, STM32MP255DAL3, STM32MP255FAI3, STM32MP255FAK3, STM32MP255FAL3, STM32MP257AAI3, STM32MP257AAK3, STM32MP257AAL3, STM32MP257CAI3, STM32MP257CAK3, STM32MP257CAL3, STM32MP257DAI3, STM32MP257DAK3, STM32MP257DAL3, STM32MP257F-DK, STM32MP257F-EV1, STM32MP257FAI3, STM32MP257FAK3, STM32MP257FAL3, STM32N645A0H3Q, STM32N645B0H3Q, STM32N645I0H3Q, STM32N645L0H3Q, STM32N645X0H3Q, STM32N645Z0H3Q, STM32N647A0H3Q, STM32N647B0H3Q, STM32N647I0H3Q, STM32N647L0H3Q, STM32N647X0H3Q, STM32N647Z0H3Q, STM32N655A0H3Q, STM32N655B0H3Q, STM32N655I0H3Q, STM32N655L0H3Q, STM32N655X0H3Q, STM32N655Z0H3Q, STM32N6570-DK, STM32N657A0H3Q, STM32N657B0H3Q, STM32N657I0H3Q, STM32N657L0H3Q, STM32N657X0H3Q, STM32N657Z0H3Q, STM32U031C6T6, STM32U031C6U6, STM32U031C8T6, STM32U031C8U6, STM32U031F4P6, STM32U031F6P6, STM32U031F8P6, STM32U031G6Y6TR, STM32U031G8Y6TR, STM32U031K4U6, STM32U031K6U6, STM32U031K8U6, STM32U031R6I6, STM32U031R6T6, STM32U031R8I6, STM32U031R8T6, STM32U073C8T6, STM32U073C8U6, STM32U073CBT6, STM32U073CBU6, STM32U073CCT6, STM32U073CCU6, STM32U073H8Y6TR, STM32U073HBY6TR, STM32U073HCY6TR, STM32U073K8U6, STM32U073KBU6, STM32U073KCU6, STM32U073M8I6, STM32U073M8T6, STM32U073MBI6, STM32U073MBT6, STM32U073MCI6, STM32U073MCT6, STM32U073R8I6, STM32U073R8T6, STM32U073RBI6, STM32U073RBT6, STM32U073RCI6, STM32U073RCT6, STM32U083C-DK, STM32U083CCT6, STM32U083CCU6, STM32U083HCY6TR, STM32U083KCU6, STM32U083MCI6, STM32U083MCT6, STM32U083RCI6, STM32U083RCT6, STM32U375CET6, STM32U375CET6Q, STM32U375CEU6, STM32U375CEU6Q, STM32U375CEY6QTR, STM32U375CGT6, STM32U375CGT6Q, STM32U375CGU6, STM32U375CGU6Q, STM32U375CGY6QTR, STM32U375KEU6, STM32U375KGU6, STM32U375REI6, STM32U375REI6Q, STM32U375RET6, STM32U375RET6Q, STM32U375REY6GTR, STM32U375REY6QTR, STM32U375RGI6, STM32U375RGI6Q, STM32U375RGT6, STM32U375RGT6Q, STM32U375RGY6GTR, STM32U375RGY6QTR, STM32U375VEI6, STM32U375VEI6Q, STM32U375VET6, STM32U375VET6Q, STM32U375VGI6, STM32U375VGI6Q, STM32U375VGT6, STM32U375VGT6Q, STM32U385CGT6, STM32U385CGT6Q, STM32U385CGU6, STM32U385CGU6Q, STM32U385CGY6QTR, STM32U385KGU6, STM32U385RGI6, STM32U385RGI6Q, STM32U385RGT6, STM32U385RGT6Q, STM32U385RGY6GTR, STM32U385RGY6QTR, STM32U385VGI6, STM32U385VGI6Q, STM32U385VGT6, STM32U385VGT6Q, STM32U535CBT6, STM32U535CBT6Q, STM32U535CBU6, STM32U535CBU6Q, STM32U535CCT6, STM32U535CCT6Q, STM32U535CCU6, STM32U535CCU6Q, STM32U535CET6, STM32U535CET6Q, STM32U535CEU6, STM32U535CEU6Q, STM32U535JEY6QTR, STM32U535NCY6QTR, STM32U535NEY6QTR, STM32U535RBI6, STM32U535RBI6Q, STM32U535RBT6, STM32U535RBT6Q, STM32U535RCI6, STM32U535RCI6Q, STM32U535RCT6, STM32U535RCT6Q, STM32U535REI6, STM32U535REI6Q, STM32U535RET6, STM32U535RET6Q, STM32U535VCI6, STM32U535VCI6Q, STM32U535VCT6, STM32U535VCT6Q, STM32U535VEI6, STM32U535VEI6Q, STM32U535VET6, STM32U535VET6Q, STM32U545CET6, STM32U545CET6Q, STM32U545CEU6, STM32U545CEU6Q, STM32U545JEY6QTR, STM32U545NEY6QTR, STM32U545REI6, STM32U545REI6Q, STM32U545RET6, STM32U545RET6Q, STM32U545VEI6, STM32U545VEI6Q, STM32U545VET6, STM32U545VET6Q, STM32U595AIH6, STM32U595AIH6Q, STM32U595AJH6, STM32U595AJH6Q, STM32U595QII6, STM32U595QII6Q, STM32U595QJI6, STM32U595QJI6Q, STM32U595RIT6, STM32U595RIT6Q, STM32U595RJT6, STM32U595RJT6Q, STM32U595VIT6, STM32U595VIT6Q, STM32U595VJT6, STM32U595VJT6Q, STM32U595ZIT6, STM32U595ZIT6Q, STM32U595ZIY6QTR, STM32U595ZJT6, STM32U595ZJT6Q, STM32U595ZJY6QTR, STM32U599BJY6QTR, STM32U599NIH6Q, STM32U599NJH6Q, STM32U599VIT6Q, STM32U599VJT6, STM32U599VJT6Q, STM32U599ZIT6Q, STM32U599ZIY6QTR, STM32U599ZJT6Q, STM32U599ZJY6QTR, STM32U5A5AJH6, STM32U5A5AJH6Q, STM32U5A5QII3Q , STM32U5A5QJI6, STM32U5A5QJI6Q, STM32U5A5RJT6, STM32U5A5RJT6Q, STM32U5A5VJT6, STM32U5A5VJT6Q, STM32U5A5ZJT6, STM32U5A5ZJT6Q, STM32U5A5ZJY6QTR, STM32U5A9BJY6QTR, STM32U5A9J-DK, STM32U5A9NJH6Q, STM32U5A9VJT6Q, STM32U5A9ZJT6Q, STM32U5A9ZJY6QTR, STM32U5F7VIT6, STM32U5F7VIT6Q, STM32U5F7VJT6, STM32U5F7VJT6Q, STM32U5F9BJY6QTR, STM32U5F9NJH6Q, STM32U5F9VIT6Q, STM32U5F9VJT6Q, STM32U5F9ZIJ6QTR, STM32U5F9ZIT6Q, STM32U5F9ZJJ6QTR, STM32U5F9ZJT6Q, STM32U5G7VJT6, STM32U5G7VJT6Q, STM32U5G9BJY6QTR, STM32U5G9J-DK1, STM32U5G9J-DK2, STM32U5G9NJH6Q, STM32U5G9VJT6Q, STM32U5G9ZJJ6QTR, STM32U5G9ZJT6Q, STM32WB05KZV6TR, STM32WB05KZV7TR, STM32WB05TZF6TR, STM32WB05TZF7TR, STM32WB06CCF6TR, STM32WB06CCF7TR, STM32WB06CCV6TR, STM32WB06CCV7TR, STM32WB06KCV6TR, STM32WB06KCV7TR, STM32WB07CCF6TR, STM32WB07CCF7TR, STM32WB07CCV6TR, STM32WB07CCV7TR, STM32WB07KCV6TR, STM32WB07KCV7TR, STM32WB09KEV6TR, STM32WB09KEV7TR, STM32WB09TEF6TR, STM32WB09TEF7TR, STM32WB1MMCH6, STM32WBA50KGU6, STM32WBA50KGU6TR, STM32WBA52CEU6, STM32WBA52CEU6TR, STM32WBA52CEU7, STM32WBA52CEU7TR, STM32WBA52CGU6, STM32WBA52CGU6TR, STM32WBA52CGU6U, STM32WBA52CGU7, STM32WBA52CGU7TR, STM32WBA52KEU6, STM32WBA52KEU6TR, STM32WBA52KGU6, STM32WBA52KGU6TR, STM32WBA54CEU6, STM32WBA54CEU6TR, STM32WBA54CEU7, STM32WBA54CEU7TR, STM32WBA54CGU6, STM32WBA54CGU6TR, STM32WBA54CGU7, STM32WBA54CGU7TR, STM32WBA54KEU6, STM32WBA54KEU6TR, STM32WBA54KEU7, STM32WBA54KEU7TR, STM32WBA54KGU6, STM32WBA54KGU6TR, STM32WBA54KGU7, STM32WBA54KGU7TR, STM32WBA55CEU6, STM32WBA55CEU6TR, STM32WBA55CEU7, STM32WBA55CEU7TR, STM32WBA55CGU6, STM32WBA55CGU6TR, STM32WBA55CGU6U, STM32WBA55CGU7, STM32WBA55CGU7TR, STM32WBA55G-DK1, STM32WBA55HEF6, STM32WBA55HEF7, STM32WBA55HGF6, STM32WBA55HGF7, STM32WBA55UEI6, STM32WBA55UEI6TR, STM32WBA55UEI7, STM32WBA55UEI7TR, STM32WBA55UGI6, STM32WBA55UGI6TR, STM32WBA55UGI7, STM32WBA55UGI7TR, STM32WBA5MMGH6TR, STM32WBA62MGF6, STM32WBA62MIF6, STM32WBA65MGF7, STM32WBA65MIF6, STM32WBA65MIF7, STM32WL30K8V6, STM32WL30KBV6, STM32WL31C8V6, STM32WL31CBV6, STM32WL31K8V6, STM32WL31KBV6, STM32WL33C8V6, STM32WL33C8V6X, STM32WL33CBV6, STM32WL33CBV6X, STM32WL33CCV6, STM32WL33CCV6A, STM32WL33CCV6X, STM32WL33K8V7, STM32WL33K8V7X, STM32WL33KBV7 , STM32WL33KBV7X, STM32WL33KCV7, STM32WL33KCV7X, STM32WL5MOCH6, STM32WL5MOCH6TR]
2025-10-11 13:05:37,024 [INFO] BoardInfo:889 - No configuration file found for board P-NUCLEO-WB55
2025-10-11 13:05:37,025 [INFO] DbBoards:161 - Kit is not supported: P-NUCLEO-WB55
2025-10-11 13:05:37,031 [INFO] BoardInfo:889 - No configuration file found for board STEVAL-BFA001V1B
2025-10-11 13:05:37,032 [INFO] DbBoards:161 - Kit is not supported: STEVAL-BFA001V1B
2025-10-11 13:05:37,033 [INFO] BoardInfo:889 - No configuration file found for board STEVAL-BFA001V2B
2025-10-11 13:05:37,035 [INFO] DbBoards:161 - Kit is not supported: STEVAL-BFA001V2B
2025-10-11 13:05:37,308 [INFO] DbBoards:168 - Found 212 boards, 209 are supported
2025-10-11 13:05:37,309 [INFO] DbBoards:169 - Found 212 boards, 43 of them is supported for  Bsp
2025-10-11 13:05:37,312 [INFO] ApiDb:668 - CubeFinder database Data Model version=2.1
2025-10-11 13:05:37,313 [INFO] ApiDb:669 - CubeFinder database Configuration version=3.0.39
2025-10-11 13:05:37,313 [INFO] ApiDb:670 - CubeFinder database generation date=2025-08-25 (1756130511)
2025-10-11 13:05:37,313 [INFO] ApiDb:671 - CubeFinder database FW Pack versions=[FP-ATR-ASTRA1_V2.0.0, FP-SNS-FLIGHT1_V5.1.0, FP-SNS-MOTENV1_V5.0.0, FP-SNS-MOTENVWB1_V1.4.0, FP-SNS-SMARTAG2_V1.2.0, FP-SNS-STBOX1_V2.1.0, STM32Cube_FW_C0_V1.4.0, STM32Cube_FW_F4_V1.28.3, STM32Cube_FW_F7_V1.17.4, STM32Cube_FW_G0_V1.6.2, STM32Cube_FW_G4_V1.6.1, STM32Cube_FW_H5_V1.5.0, STM32Cube_FW_H7RS_V1.2.0, STM32Cube_FW_H7_V1.12.1, STM32Cube_FW_L0_V1.12.2, STM32Cube_FW_L4_V1.18.1, STM32Cube_FW_L5_V1.5.1, STM32Cube_FW_N6_V1.2.0, STM32Cube_FW_U0_V1.3.0, STM32Cube_FW_U3_V1.2.0, STM32Cube_FW_U5_V1.8.0, STM32Cube_FW_WB0_V1.3.0, STM32Cube_FW_WBA_V1.7.0, STM32Cube_FW_WB_V1.23.0, STM32Cube_FW_WL3_V1.2.0, STM32Cube_FW_WL_V1.3.1, X-CUBE-ALGOBUILD_V1.4.0, X-CUBE-ALS_V1.0.2, X-CUBE-AZRTOS-F4_V1.1.0, X-CUBE-AZRTOS-F7_V1.1.0, X-CUBE-AZRTOS-G0_V1.1.0, X-CUBE-AZRTOS-G4_V2.0.0, X-CUBE-AZRTOS-H7RS_V1.1.0, X-CUBE-AZRTOS-H7_V3.4.0, X-CUBE-AZRTOS-L4_V2.0.0, X-CUBE-AZRTOS-L5_V2.0.0, X-CUBE-AZRTOS-WB_V2.0.0, X-CUBE-AZRTOS-WL_V2.0.0, X-CUBE-BLE1_V7.1.0, X-CUBE-BLE2_V3.3.0, X-CUBE-BLEMGR_V4.1.0, X-CUBE-EEPRMA1_V5.2.0, X-CUBE-FREERTOS_V1.3.1, X-CUBE-GNSS1_V6.0.0, X-CUBE-MEMS1_V11.3.0, X-CUBE-NFC4_V3.0.0, X-CUBE-NFC7_V2.0.0, X-CUBE-SFXS2LP1_V4.0.0, X-CUBE-ST67W61_V1.0.0, X-CUBE-SUBG2_V5.0.0, X-CUBE-TOF1_V3.4.3]
2025-10-11 13:05:39,068 [INFO] ApiDb:240 - Found 880 in-development CPN: [B-G473E-ZEST1S, B-WB1M-WPAN1, B-WBA5M-WPAN, B-WL5M-SUBG1, NUCLEO-C031C6, NUCLEO-C051C8, NUCLEO-C071RB, NUCLEO-C092RC, NUCLEO-H503RB, NUCLEO-H533RE, NUCLEO-H563ZI, NUCLEO-H7S3L8, NUCLEO-N657X0-Q, NUCLEO-U031R8, NUCLEO-U083RC, NUCLEO-U385RG-Q, NUCLEO-U545RE-Q, NUCLEO-U5A5ZJ-Q, NUCLEO-WB05KZ, NUCLEO-WB07CC, NUCLEO-WB09KE, NUCLEO-WBA52CG, NUCLEO-WBA55CG, NUCLEO-WL33CC1, NUCLEO-WL33CC2, STEVAL-PROTEUS1, STEVAL-SMARTAG2, STEVAL-STWINBX1, STM320518-EVAL, STM32C0116-DK, STM32C011D6Y3TR, STM32C011D6Y6TR, STM32C011F4P3, STM32C011F4P6, STM32C011F4U3, STM32C011F4U6TR, STM32C011F6P3, STM32C011F6P6, STM32C011F6U3, STM32C011F6U6TR, STM32C011J4M3, STM32C011J4M6, STM32C011J6M3, STM32C011J6M6, STM32C0316-DK, STM32C031C4T3, STM32C031C4T6, STM32C031C4U3, STM32C031C4U6, STM32C031C6T3, STM32C031C6T6, STM32C031C6U3, STM32C031C6U6, STM32C031F4P3, STM32C031F4P6, STM32C031F6P3, STM32C031F6P6, STM32C031G4U3, STM32C031G4U6, STM32C031G6U3, STM32C031G6U6, STM32C031K4T3, STM32C031K4T6, STM32C031K4U3, STM32C031K4U6, STM32C031K6T3, STM32C031K6T6, STM32C031K6U3, STM32C031K6U6, STM32C051C6T6, STM32C051C6U6, STM32C051C8T6, STM32C051C8U6, STM32C051D8Y6TR, STM32C051F6P6, STM32C051F8P6, STM32C051G6U6, STM32C051G8U6, STM32C051K6T6, STM32C051K6U6, STM32C051K8T6, STM32C071C8T6, STM32C071C8T6N, STM32C071C8U6, STM32C071C8U6N, STM32C071CBT6, STM32C071CBT6N, STM32C071CBU6, STM32C071CBU6N, STM32C071F8P6, STM32C071F8P6N, STM32C071FBP6, STM32C071FBP6N, STM32C071FBY6TR, STM32C071G8U6, STM32C071G8U6N, STM32C071GBU6, STM32C071GBU6N, STM32C071K8T6, STM32C071K8T6N, STM32C071K8U6, STM32C071K8U6N, STM32C071KBT6, STM32C071KBT6N, STM32C071KBU6, STM32C071KBU6N, STM32C071R8T6, STM32C071R8T6N, STM32C071RBI6N, STM32C071RBT6, STM32C071RBT6N, STM32C091CBT6, STM32C091CBU6, STM32C091CCT6, STM32C091CCU6, STM32C091ECY6TR, STM32C091FBP6, STM32C091FCP6, STM32C091GBU6, STM32C091GCU6, STM32C091KBT6, STM32C091KBU6, STM32C091KCT6, STM32C091KCU6, STM32C091RBT6, STM32C091RCI6, STM32C091RCT6, STM32C092CBT6, STM32C092CBU6, STM32C092CCT6, STM32C092CCU6, STM32C092ECY6TR, STM32C092FBP6, STM32C092FCP6, STM32C092GBU6, STM32C092GCU6, STM32C092KBT6, STM32C092KBU6, STM32C092KCT6, STM32C092KCU6, STM32C092RBT6, STM32C092RCI6, STM32C092RCT6, STM32G071K8TXN, STM32G071K8UXN, STM32G081GBU6N, STM32G081KBT6N, STM32G081KBUXN, STM32G0B1CCT6N, STM32G0B1KCT6, STM32G0B1NEY6TR, STM32G0B1RCT6N, STM32G0C1CCT6, STM32G0C1CCT6N, STM32G0C1CCU6N, STM32G0C1CET6N, STM32G0C1CEU6N, STM32G0C1KCT6, STM32G0C1NEY6TR, STM32G0C1RCI6N, STM32G0C1RCT6N, STM32G0C1REI6N, STM32G0C1RET6N, STM32G0C1VCI6, STM32G0C1VEI6, STM32G411C6T3, STM32G411C6T6, STM32G411C6U3, STM32G411C6U6, STM32G411C8T3, STM32G411C8T6, STM32G411C8U3, STM32G411C8U6, STM32G411CBT3, STM32G411CBT6, STM32G411CBU3, STM32G411CBU6, STM32G411K6T3, STM32G411K6T6, STM32G411K6U3, STM32G411K6U6, STM32G411K8T3, STM32G411K8T6, STM32G411K8U3, STM32G411K8U6, STM32G411KBT3, STM32G411KBT6, STM32G411KBU3, STM32G411KBU6, STM32G411M6T3, STM32G411M6T6, STM32G411M8T3, STM32G411M8T6, STM32G411MBT3, STM32G411MBT6, STM32G411R6T3, STM32G411R6T6, STM32G411R8T3, STM32G411R8T6, STM32G411RBT3, STM32G411RBT6, STM32G414CBT3, STM32G414CBT6, STM32G414CBU3, STM32G414CBU6, STM32G414CCT3, STM32G414CCT6, STM32G414CCU3, STM32G414CCU6, STM32G414MBT3, STM32G414MBT6, STM32G414MCT3, STM32G414MCT6, STM32G414RBT3, STM32G414RBT6, STM32G414RCT3, STM32G414RCT6, STM32G414VBT3, STM32G414VBT6, STM32G414VCT3, STM32G414VCT6, STM32G431CBT3Z, STM32G431RBT3Z, STM32G471CCT6, STM32G471CCU6, STM32G471CET3, STM32G471CET6, STM32G471CEU3, STM32G471CEU6, STM32G471MCT6, STM32G471MET3, STM32G471MET6, STM32G471MEY6TR, STM32G471QCT6, STM32G471QET3, STM32G471RCT6, STM32G471RET3, STM32G471RET6, STM32G471VCH6, STM32G471VCI6, STM32G471VCT6, STM32G471VEH3, STM32G471VEH6, STM32G471VEI3, STM32G471VEI6, STM32G471VET3, STM32G471VET6, STM32G473QET3Z, STM32G473RET3Z, STM32G474CCT6, STM32G491RET3Z, STM32H503CBT6, STM32H503CBU6, STM32H503EBY6TR, STM32H503KBU6, STM32H503RBT6, STM32H523CCT6, STM32H523CCU6, STM32H523CET6, STM32H523CEU6, STM32H523HEY6TR, STM32H523RCT6, STM32H523RET6, STM32H523VCI6, STM32H523VCT6, STM32H523VEI6, STM32H523VET6, STM32H523ZCJ6, STM32H523ZCT6, STM32H523ZEJ6, STM32H523ZET6, STM32H533CET6, STM32H533CEU6, STM32H533HEY6TR, STM32H533RET6, STM32H533VEI6, STM32H533VET6, STM32H533ZEJ6, STM32H533ZET6, STM32H562AGI6, STM32H562AII6, STM32H562IGK6, STM32H562IGT6, STM32H562IIK6, STM32H562IIT6, STM32H562RGT6, STM32H562RGV6, STM32H562RIT6, STM32H562RIV6, STM32H562VGT6, STM32H562VIT6, STM32H562ZGT6, STM32H562ZIT6, STM32H563AGI6, STM32H563AII3Q, STM32H563AII6, STM32H563IGK6, STM32H563IGT6, STM32H563IIK3Q, STM32H563IIK6, STM32H563IIT3Q, STM32H563IIT6, STM32H563MIY3QTR, STM32H563RGT6, STM32H563RGV6, STM32H563RIT6, STM32H563RIV6, STM32H563VGT6, STM32H563VIT3Q, STM32H563VIT6, STM32H563ZGT6, STM32H563ZIT3Q, STM32H563ZIT6, STM32H573AII3Q, STM32H573AII6, STM32H573I-DK, STM32H573IIK3Q, STM32H573IIK6, STM32H573IIT3Q, STM32H573IIT6, STM32H573MIY3QTR, STM32H573RIT6, STM32H573RIV6, STM32H573VIT3Q, STM32H573VIT6, STM32H573ZIT3Q, STM32H573ZIT6, STM32H7R3A8I6, STM32H7R3I8K6, STM32H7R3I8T6, STM32H7R3L8H6, STM32H7R3L8H6H, STM32H7R3R8V6, STM32H7R3V8H6, STM32H7R3V8T6, STM32H7R3V8Y6TR, STM32H7R3Z8J6, STM32H7R3Z8T6, STM32H7R7A8I6, STM32H7R7I8K6, STM32H7R7I8T6, STM32H7R7L8H6, STM32H7R7L8H6H, STM32H7R7Z8J6, STM32H7S3A8I6, STM32H7S3I8K6, STM32H7S3I8T6, STM32H7S3L8H6, STM32H7S3L8H6H, STM32H7S3R8V6, STM32H7S3V8H6, STM32H7S3V8T6, STM32H7S3V8Y6TR, STM32H7S3Z8J6, STM32H7S3Z8T6, STM32H7S78-DK, STM32H7S7A8I6, STM32H7S7I8K6, STM32H7S7I8T6, STM32H7S7L8H6, STM32H7S7L8H6H, STM32H7S7Z8J6, STM32L4R5QGI6STR, STM32MP131AAE3, STM32MP131AAF3, STM32MP131AAG3, STM32MP131CAE3, STM32MP131CAF3, STM32MP131CAG3, STM32MP131DAE7, STM32MP131DAF7, STM32MP131DAG7, STM32MP131FAE7, STM32MP131FAF7, STM32MP131FAG7, STM32MP133AAE3, STM32MP133AAF3, STM32MP133AAG3, STM32MP133CAE3, STM32MP133CAF3, STM32MP133CAG3, STM32MP133DAE7, STM32MP133DAF7, STM32MP133DAG7, STM32MP133FAE7, STM32MP133FAF7, STM32MP133FAG7, STM32MP135AAE3, STM32MP135AAF3, STM32MP135AAG3, STM32MP135CAE3, STM32MP135CAF3, STM32MP135CAG3, STM32MP135DAE7, STM32MP135DAF7, STM32MP135DAG7, STM32MP135F-DK, STM32MP135FAE7, STM32MP135FAF7, STM32MP135FAF7T, STM32MP135FAF7U, STM32MP135FAG7, STM32MP211AAL3, STM32MP211AAM3, STM32MP211AAN3, STM32MP211AAO3, STM32MP211CAL3, STM32MP211CAM3, STM32MP211CAN3, STM32MP211CAO3, STM32MP211DAL3, STM32MP211DAM3, STM32MP211DAN3, STM32MP211DAO3, STM32MP211FAL3, STM32MP211FAM3, STM32MP211FAN3, STM32MP211FAO3, STM32MP213AAL3, STM32MP213AAM3, STM32MP213AAN3, STM32MP213AAO3, STM32MP213CAL3, STM32MP213CAM3, STM32MP213CAN3, STM32MP213CAO3, STM32MP213DAL3, STM32MP213DAM3, STM32MP213DAN3, STM32MP213DAO3, STM32MP213FAL3, STM32MP213FAM3, STM32MP213FAN3, STM32MP213FAO3, STM32MP215AAL3, STM32MP215AAM3, STM32MP215AAN3, STM32MP215AAO3, STM32MP215CAL3, STM32MP215CAM3, STM32MP215CAN3, STM32MP215CAO3, STM32MP215DAL3, STM32MP215DAM3, STM32MP215DAN3, STM32MP215DAO3, STM32MP215F-DK, STM32MP215FAL3, STM32MP215FAM3, STM32MP215FAN3, STM32MP215FAO3, STM32MP231AAJ3, STM32MP231AAK3, STM32MP231AAL3, STM32MP231CAJ3, STM32MP231CAK3, STM32MP231CAL3, STM32MP231DAJ3, STM32MP231DAK3, STM32MP231DAL3, STM32MP231FAJ3, STM32MP231FAK3, STM32MP231FAL3, STM32MP233AAJ3, STM32MP233AAK3, STM32MP233AAL3, STM32MP233CAJ3, STM32MP233CAK3, STM32MP233CAL3, STM32MP233DAJ3, STM32MP233DAK3, STM32MP233DAL3, STM32MP233FAJ3, STM32MP233FAK3, STM32MP233FAL3, STM32MP235AAJ3, STM32MP235AAK3, STM32MP235AAL3, STM32MP235CAJ3, STM32MP235CAK3, STM32MP235CAL3, STM32MP235DAJ3, STM32MP235DAK3, STM32MP235DAL3, STM32MP235FAJ3, STM32MP235FAK3, STM32MP235FAL3, STM32MP251AAI3, STM32MP251AAK3, STM32MP251AAL3, STM32MP251CAI3, STM32MP251CAK3, STM32MP251CAL3, STM32MP251DAI3, STM32MP251DAK3, STM32MP251DAL3, STM32MP251FAI3, STM32MP251FAK3, STM32MP251FAL3, STM32MP253AAI3, STM32MP253AAK3, STM32MP253AAL3, STM32MP253CAI3, STM32MP253CAK3, STM32MP253CAL3, STM32MP253DAI3, STM32MP253DAK3, STM32MP253DAL3, STM32MP253FAI3, STM32MP253FAK3, STM32MP253FAL3, STM32MP255AAI3, STM32MP255AAK3, STM32MP255AAL3, STM32MP255CAI3, STM32MP255CAK3, STM32MP255CAL3, STM32MP255DAI3, STM32MP255DAK3, STM32MP255DAL3, STM32MP255FAI3, STM32MP255FAK3, STM32MP255FAL3, STM32MP257AAI3, STM32MP257AAK3, STM32MP257AAL3, STM32MP257CAI3, STM32MP257CAK3, STM32MP257CAL3, STM32MP257DAI3, STM32MP257DAK3, STM32MP257DAL3, STM32MP257F-DK, STM32MP257F-EV1, STM32MP257FAI3, STM32MP257FAK3, STM32MP257FAL3, STM32N645A0H3Q, STM32N645B0H3Q, STM32N645I0H3Q, STM32N645L0H3Q, STM32N645X0H3Q, STM32N645Z0H3Q, STM32N647A0H3Q, STM32N647B0H3Q, STM32N647I0H3Q, STM32N647L0H3Q, STM32N647X0H3Q, STM32N647Z0H3Q, STM32N655A0H3Q, STM32N655B0H3Q, STM32N655I0H3Q, STM32N655L0H3Q, STM32N655X0H3Q, STM32N655Z0H3Q, STM32N6570-DK, STM32N657A0H3Q, STM32N657B0H3Q, STM32N657I0H3Q, STM32N657L0H3Q, STM32N657X0H3Q, STM32N657Z0H3Q, STM32U031C6T6, STM32U031C6U6, STM32U031C8T6, STM32U031C8U6, STM32U031F4P6, STM32U031F6P6, STM32U031F8P6, STM32U031G6Y6TR, STM32U031G8Y6TR, STM32U031K4U6, STM32U031K6U6, STM32U031K8U6, STM32U031R6I6, STM32U031R6T6, STM32U031R8I6, STM32U031R8T6, STM32U073C8T6, STM32U073C8U6, STM32U073CBT6, STM32U073CBU6, STM32U073CCT6, STM32U073CCU6, STM32U073H8Y6TR, STM32U073HBY6TR, STM32U073HCY6TR, STM32U073K8U6, STM32U073KBU6, STM32U073KCU6, STM32U073M8I6, STM32U073M8T6, STM32U073MBI6, STM32U073MBT6, STM32U073MCI6, STM32U073MCT6, STM32U073R8I6, STM32U073R8T6, STM32U073RBI6, STM32U073RBT6, STM32U073RCI6, STM32U073RCT6, STM32U083C-DK, STM32U083CCT6, STM32U083CCU6, STM32U083HCY6TR, STM32U083KCU6, STM32U083MCI6, STM32U083MCT6, STM32U083RCI6, STM32U083RCT6, STM32U375CET6, STM32U375CET6Q, STM32U375CEU6, STM32U375CEU6Q, STM32U375CEY6QTR, STM32U375CGT6, STM32U375CGT6Q, STM32U375CGU6, STM32U375CGU6Q, STM32U375CGY6QTR, STM32U375KEU6, STM32U375KGU6, STM32U375REI6, STM32U375REI6Q, STM32U375RET6, STM32U375RET6Q, STM32U375REY6GTR, STM32U375REY6QTR, STM32U375RGI6, STM32U375RGI6Q, STM32U375RGT6, STM32U375RGT6Q, STM32U375RGY6GTR, STM32U375RGY6QTR, STM32U375VEI6, STM32U375VEI6Q, STM32U375VET6, STM32U375VET6Q, STM32U375VGI6, STM32U375VGI6Q, STM32U375VGT6, STM32U375VGT6Q, STM32U385CGT6, STM32U385CGT6Q, STM32U385CGU6, STM32U385CGU6Q, STM32U385CGY6QTR, STM32U385KGU6, STM32U385RGI6, STM32U385RGI6Q, STM32U385RGT6, STM32U385RGT6Q, STM32U385RGY6GTR, STM32U385RGY6QTR, STM32U385VGI6, STM32U385VGI6Q, STM32U385VGT6, STM32U385VGT6Q, STM32U535CBT6, STM32U535CBT6Q, STM32U535CBU6, STM32U535CBU6Q, STM32U535CCT6, STM32U535CCT6Q, STM32U535CCU6, STM32U535CCU6Q, STM32U535CET6, STM32U535CET6Q, STM32U535CEU6, STM32U535CEU6Q, STM32U535JEY6QTR, STM32U535NCY6QTR, STM32U535NEY6QTR, STM32U535RBI6, STM32U535RBI6Q, STM32U535RBT6, STM32U535RBT6Q, STM32U535RCI6, STM32U535RCI6Q, STM32U535RCT6, STM32U535RCT6Q, STM32U535REI6, STM32U535REI6Q, STM32U535RET6, STM32U535RET6Q, STM32U535VCI6, STM32U535VCI6Q, STM32U535VCT6, STM32U535VCT6Q, STM32U535VEI6, STM32U535VEI6Q, STM32U535VET6, STM32U535VET6Q, STM32U545CET6, STM32U545CET6Q, STM32U545CEU6, STM32U545CEU6Q, STM32U545JEY6QTR, STM32U545NEY6QTR, STM32U545REI6, STM32U545REI6Q, STM32U545RET6, STM32U545RET6Q, STM32U545VEI6, STM32U545VEI6Q, STM32U545VET6, STM32U545VET6Q, STM32U595AIH6, STM32U595AIH6Q, STM32U595AJH6, STM32U595AJH6Q, STM32U595QII6, STM32U595QII6Q, STM32U595QJI6, STM32U595QJI6Q, STM32U595RIT6, STM32U595RIT6Q, STM32U595RJT6, STM32U595RJT6Q, STM32U595VIT6, STM32U595VIT6Q, STM32U595VJT6, STM32U595VJT6Q, STM32U595ZIT6, STM32U595ZIT6Q, STM32U595ZIY6QTR, STM32U595ZJT6, STM32U595ZJT6Q, STM32U595ZJY6QTR, STM32U599BJY6QTR, STM32U599NIH6Q, STM32U599NJH6Q, STM32U599VIT6Q, STM32U599VJT6, STM32U599VJT6Q, STM32U599ZIT6Q, STM32U599ZIY6QTR, STM32U599ZJT6Q, STM32U599ZJY6QTR, STM32U5A5AJH6, STM32U5A5AJH6Q, STM32U5A5QII3Q , STM32U5A5QJI6, STM32U5A5QJI6Q, STM32U5A5RJT6, STM32U5A5RJT6Q, STM32U5A5VJT6, STM32U5A5VJT6Q, STM32U5A5ZJT6, STM32U5A5ZJT6Q, STM32U5A5ZJY6QTR, STM32U5A9BJY6QTR, STM32U5A9J-DK, STM32U5A9NJH6Q, STM32U5A9VJT6Q, STM32U5A9ZJT6Q, STM32U5A9ZJY6QTR, STM32U5F7VIT6, STM32U5F7VIT6Q, STM32U5F7VJT6, STM32U5F7VJT6Q, STM32U5F9BJY6QTR, STM32U5F9NJH6Q, STM32U5F9VIT6Q, STM32U5F9VJT6Q, STM32U5F9ZIJ6QTR, STM32U5F9ZIT6Q, STM32U5F9ZJJ6QTR, STM32U5F9ZJT6Q, STM32U5G7VJT6, STM32U5G7VJT6Q, STM32U5G9BJY6QTR, STM32U5G9J-DK1, STM32U5G9J-DK2, STM32U5G9NJH6Q, STM32U5G9VJT6Q, STM32U5G9ZJJ6QTR, STM32U5G9ZJT6Q, STM32WB05KZV6TR, STM32WB05KZV7TR, STM32WB05TZF6TR, STM32WB05TZF7TR, STM32WB06CCF6TR, STM32WB06CCF7TR, STM32WB06CCV6TR, STM32WB06CCV7TR, STM32WB06KCV6TR, STM32WB06KCV7TR, STM32WB07CCF6TR, STM32WB07CCF7TR, STM32WB07CCV6TR, STM32WB07CCV7TR, STM32WB07KCV6TR, STM32WB07KCV7TR, STM32WB09KEV6TR, STM32WB09KEV7TR, STM32WB09TEF6TR, STM32WB09TEF7TR, STM32WB1MMCH6, STM32WBA50KGU6, STM32WBA50KGU6TR, STM32WBA52CEU6, STM32WBA52CEU6TR, STM32WBA52CEU7, STM32WBA52CEU7TR, STM32WBA52CGU6, STM32WBA52CGU6TR, STM32WBA52CGU6U, STM32WBA52CGU7, STM32WBA52CGU7TR, STM32WBA52KEU6, STM32WBA52KEU6TR, STM32WBA52KGU6, STM32WBA52KGU6TR, STM32WBA54CEU6, STM32WBA54CEU6TR, STM32WBA54CEU7, STM32WBA54CEU7TR, STM32WBA54CGU6, STM32WBA54CGU6TR, STM32WBA54CGU7, STM32WBA54CGU7TR, STM32WBA54KEU6, STM32WBA54KEU6TR, STM32WBA54KEU7, STM32WBA54KEU7TR, STM32WBA54KGU6, STM32WBA54KGU6TR, STM32WBA54KGU7, STM32WBA54KGU7TR, STM32WBA55CEU6, STM32WBA55CEU6TR, STM32WBA55CEU7, STM32WBA55CEU7TR, STM32WBA55CGU6, STM32WBA55CGU6TR, STM32WBA55CGU6U, STM32WBA55CGU7, STM32WBA55CGU7TR, STM32WBA55G-DK1, STM32WBA55HEF6, STM32WBA55HEF7, STM32WBA55HGF6, STM32WBA55HGF7, STM32WBA55UEI6, STM32WBA55UEI6TR, STM32WBA55UEI7, STM32WBA55UEI7TR, STM32WBA55UGI6, STM32WBA55UGI6TR, STM32WBA55UGI7, STM32WBA55UGI7TR, STM32WBA5MMGH6TR, STM32WBA62MGF6, STM32WBA62MIF6, STM32WBA65MGF7, STM32WBA65MIF6, STM32WBA65MIF7, STM32WL30K8V6, STM32WL30KBV6, STM32WL31C8V6, STM32WL31CBV6, STM32WL31K8V6, STM32WL31KBV6, STM32WL33C8V6, STM32WL33C8V6X, STM32WL33CBV6, STM32WL33CBV6X, STM32WL33CCV6, STM32WL33CCV6A, STM32WL33CCV6X, STM32WL33K8V7, STM32WL33K8V7X, STM32WL33KBV7 , STM32WL33KBV7X, STM32WL33KCV7, STM32WL33KCV7X, STM32WL5MOCH6, STM32WL5MOCH6TR]
2025-10-11 13:05:39,072 [INFO] DbMcus:218 - Found 4801 MCUs, 4801 are supported
2025-10-11 13:05:39,075 [INFO] ApiDb:423 - Load user favorites file C:\Users\Paulo/.stm32cubeide/favorites.mcus.txt: 0 item(s)
2025-10-11 13:05:39,076 [INFO] ApiDb:427 - User favorites MCUs=[]
2025-10-11 13:05:39,076 [INFO] DbMcus:224 - Set 0 / 0 favorites MCUs
2025-10-11 13:05:39,439 [INFO] ApiDb:423 - Load user favorites file C:\Users\Paulo/.stm32cubeide/favorites.boards.txt: 1 item(s)
2025-10-11 13:05:39,439 [INFO] ApiDb:427 - User favorites Boards=[NUCLEO-F446RE]
2025-10-11 13:05:39,440 [INFO] DbBoards:198 - Set 1 / 1 favorites Boards
2025-10-11 13:05:39,508 [INFO] UtilMem:75 - End LoadConfig() Used Memory: 277826096 Bytes (494927872)
2025-10-11 13:05:39,642 [WARN] ThirdParty:833 - waiting for thirdparty lock release [change project]
2025-10-11 13:05:39,643 [INFO] ThirdParty:835 - entering critical section [change project]
2025-10-11 13:05:39,643 [INFO] ThirdParty:1030 - CMSIS Pack Vendor :STMicroelectronics X-CUBE-PM33A1 1.0.0
2025-10-11 13:05:39,643 [INFO] ThirdParty:1030 - CMSIS Pack Vendor :STMicroelectronics USBPD 4.1
2025-10-11 13:05:39,643 [INFO] ThirdParty:1030 - CMSIS Pack Vendor :STMicroelectronics X-CUBE-NFC9 1.0.0
2025-10-11 13:05:39,643 [INFO] ThirdParty:1030 - CMSIS Pack Vendor :STMicroelectronics USB_HOST 2.0.0
2025-10-11 13:05:39,643 [INFO] ThirdParty:1030 - CMSIS Pack Vendor :STMicroelectronics FP-SNS-MOTENVWB1 1.4.0
2025-10-11 13:05:39,643 [INFO] ThirdParty:1030 - CMSIS Pack Vendor :STMicroelectronics X-CUBE-AZRTOS-F4 1.1.0
2025-10-11 13:05:39,643 [INFO] ThirdParty:1030 - CMSIS Pack Vendor :STMicroelectronics LIBJPEG 8.0.0
2025-10-11 13:05:39,643 [INFO] ThirdParty:1030 - CMSIS Pack Vendor :STMicroelectronics FP-ATR-ASTRA1 2.0.2
2025-10-11 13:05:39,643 [INFO] ThirdParty:1030 - CMSIS Pack Vendor :wolfSSL I-CUBE-wolfSSL 5.8.2
2025-10-11 13:05:39,643 [INFO] ThirdParty:1030 - CMSIS Pack Vendor :STMicroelectronics X-CUBE-BLE1 7.1.0
2025-10-11 13:05:39,643 [INFO] ThirdParty:1030 - CMSIS Pack Vendor :Avnet-IotConnect X-CUBE-IoTC-DA16k-PMOD 1.0.0
2025-10-11 13:05:39,643 [INFO] ThirdParty:1030 - CMSIS Pack Vendor :STMicroelectronics X-CUBE-SMBUS 2.1.0
2025-10-11 13:05:39,643 [INFO] ThirdParty:1030 - CMSIS Pack Vendor :wolfSSL I-CUBE-wolfMQTT 1.19.2
2025-10-11 13:05:39,643 [INFO] ThirdParty:1030 - CMSIS Pack Vendor :STMicroelectronics USB_DEVICE 3.0.0
2025-10-11 13:05:39,643 [INFO] ThirdParty:1030 - CMSIS Pack Vendor :STMicroelectronics X-CUBE-ISPU 2.1.0
2025-10-11 13:05:39,643 [INFO] ThirdParty:1030 - CMSIS Pack Vendor :STMicroelectronics X-CUBE-EEPRMA1 5.2.0
2025-10-11 13:05:39,643 [INFO] ThirdParty:1030 - CMSIS Pack Vendor :STMicroelectronics X-CUBE-BLEMGR 4.1.0
2025-10-11 13:05:39,643 [INFO] ThirdParty:1030 - CMSIS Pack Vendor :STMicroelectronics X-CUBE-AZRTOS-WB 2.0.0
2025-10-11 13:05:39,643 [INFO] ThirdParty:1030 - CMSIS Pack Vendor :STMicroelectronics X-CUBE-ST60 1.0.0
2025-10-11 13:05:39,643 [INFO] ThirdParty:1030 - CMSIS Pack Vendor :STMicroelectronics X-CUBE-GNSS1 7.0.1
2025-10-11 13:05:39,643 [INFO] ThirdParty:1030 - CMSIS Pack Vendor :STMicroelectronics X-CUBE-NFC12 1.0.0
2025-10-11 13:05:39,643 [INFO] ThirdParty:1030 - CMSIS Pack Vendor :STMicroelectronics X-CUBE-AZRTOS-F7 1.1.0
2025-10-11 13:05:39,643 [INFO] ThirdParty:1030 - CMSIS Pack Vendor :STMicroelectronics X-CUBE-AZRTOS-L5 2.0.0
2025-10-11 13:05:39,643 [INFO] ThirdParty:1030 - CMSIS Pack Vendor :STMicroelectronics X-CUBE-TOUCHGFX 4.25.0
2025-10-11 13:05:39,643 [INFO] ThirdParty:1030 - CMSIS Pack Vendor :STMicroelectronics USB_DEVICE 2.0.0
2025-10-11 13:05:39,644 [INFO] ThirdParty:1030 - CMSIS Pack Vendor :STMicroelectronics X-CUBE-NFC6 3.1.0
2025-10-11 13:05:39,644 [INFO] ThirdParty:1030 - CMSIS Pack Vendor :Cesanta I-CUBE-Mongoose 7.19.0
2025-10-11 13:05:39,644 [INFO] ThirdParty:1030 - CMSIS Pack Vendor :quantropi X-CUBE-qispace-sdk-base 2.1.0
2025-10-11 13:05:39,644 [INFO] ThirdParty:1030 - CMSIS Pack Vendor :STMicroelectronics FreeRTOS 0.0.1
2025-10-11 13:05:39,644 [INFO] ThirdParty:1030 - CMSIS Pack Vendor :STMicroelectronics X-CUBE-AZRTOS-G0 1.1.0
2025-10-11 13:05:39,644 [INFO] ThirdParty:1030 - CMSIS Pack Vendor :STMicroelectronics X-CUBE-SAFEA1 1.2.2
2025-10-11 13:05:39,644 [INFO] ThirdParty:1030 - CMSIS Pack Vendor :STMicroelectronics X-CUBE-NFC4 3.0.0
2025-10-11 13:05:39,644 [INFO] ThirdParty:1030 - CMSIS Pack Vendor :STMicroelectronics X-CUBE-SUBG2 5.0.0
2025-10-11 13:05:39,644 [INFO] ThirdParty:1030 - CMSIS Pack Vendor :STMicroelectronics X-CUBE-AZRTOS-H7RS 1.1.0
2025-10-11 13:05:39,644 [INFO] ThirdParty:1030 - CMSIS Pack Vendor :STMicroelectronics STM32_WPAN 1.0.0
2025-10-11 13:05:39,644 [INFO] ThirdParty:1030 - CMSIS Pack Vendor :EmbeddedOffice I-CUBE-FS-RTOS 1.0.1
2025-10-11 13:05:39,644 [INFO] ThirdParty:1030 - CMSIS Pack Vendor :STMicroelectronics lwIP 2.0.3
2025-10-11 13:05:39,644 [INFO] ThirdParty:1030 - CMSIS Pack Vendor :WES I-CUBE-Cesium 1.4.0
2025-10-11 13:05:39,644 [INFO] ThirdParty:1030 - CMSIS Pack Vendor :Cesanta I-CUBE-Mongoose 7.13.0
2025-10-11 13:05:39,644 [INFO] ThirdParty:1030 - CMSIS Pack Vendor :STMicroelectronics USB_HOST 1.0.0
2025-10-11 13:05:39,644 [INFO] ThirdParty:1030 - CMSIS Pack Vendor :Infineon AIROC-Wi-Fi-Bluetooth-STM32 1.7.1
2025-10-11 13:05:39,644 [INFO] ThirdParty:1030 - CMSIS Pack Vendor :STMicroelectronics X-CUBE-AZRTOS-G4 2.0.0
2025-10-11 13:05:39,644 [INFO] ThirdParty:1030 - CMSIS Pack Vendor :STMicroelectronics X-CUBE-WB05N 2.0.0
2025-10-11 13:05:39,644 [INFO] ThirdParty:1030 - CMSIS Pack Vendor :STMicroelectronics PDM2PCM 3.1.0
2025-10-11 13:05:39,644 [INFO] ThirdParty:1030 - CMSIS Pack Vendor :STMicroelectronics PDM2PCM 3.3.0
2025-10-11 13:05:39,644 [INFO] ThirdParty:1030 - CMSIS Pack Vendor :wolfSSL I-CUBE-wolfTPM 3.8.0
2025-10-11 13:05:39,644 [INFO] ThirdParty:1030 - CMSIS Pack Vendor :STMicroelectronics X-CUBE-AZRTOS-H7 3.4.0
2025-10-11 13:05:39,644 [INFO] ThirdParty:1030 - CMSIS Pack Vendor :STMicroelectronics X-CUBE-DISPLAY 3.0.0
2025-10-11 13:05:39,644 [INFO] ThirdParty:1030 - CMSIS Pack Vendor :wolfSSL I-CUBE-wolfSSH 1.4.20
2025-10-11 13:05:39,644 [INFO] ThirdParty:1030 - CMSIS Pack Vendor :STMicroelectronics X-CUBE-NFC7 2.0.0
2025-10-11 13:05:39,644 [INFO] ThirdParty:1030 - CMSIS Pack Vendor :STMicroelectronics X-CUBE-TCPP 4.2.0
2025-10-11 13:05:39,644 [INFO] ThirdParty:1030 - CMSIS Pack Vendor :RealThread X-CUBE-RT-Thread_Nano 4.1.1
2025-10-11 13:05:39,644 [INFO] ThirdParty:1030 - CMSIS Pack Vendor :STMicroelectronics FP-ATR-SIGFOX1 3.2.0
2025-10-11 13:05:39,644 [INFO] ThirdParty:1030 - CMSIS Pack Vendor :STMicroelectronics X-CUBE-NFC10 1.0.0
2025-10-11 13:05:39,644 [INFO] ThirdParty:1030 - CMSIS Pack Vendor :STMicroelectronics X-CUBE-FREERTOS 1.3.1
2025-10-11 13:05:39,644 [INFO] ThirdParty:1030 - CMSIS Pack Vendor :STMicroelectronics HAL Drivers 0.0.0
2025-10-11 13:05:39,644 [INFO] ThirdParty:1030 - CMSIS Pack Vendor :STMicroelectronics MBEDTLS 2.16.2
2025-10-11 13:05:39,644 [INFO] ThirdParty:1030 - CMSIS Pack Vendor :STMicroelectronics X-CUBE-IPS 3.1.0
2025-10-11 13:05:39,644 [INFO] ThirdParty:1030 - CMSIS Pack Vendor :STMicroelectronics X-CUBE-ALS 1.0.2
2025-10-11 13:05:39,644 [INFO] ThirdParty:1030 - CMSIS Pack Vendor :emotas I-CUBE-CANOPEN 1.3.0
2025-10-11 13:05:39,644 [INFO] ThirdParty:1030 - CMSIS Pack Vendor :STMicroelectronics MBEDTLS 2.14.1
2025-10-11 13:05:39,644 [INFO] ThirdParty:1030 - CMSIS Pack Vendor :ITTIA_DB I-CUBE-ITTIADB 8.9.0
2025-10-11 13:05:39,644 [INFO] ThirdParty:1030 - CMSIS Pack Vendor :STMicroelectronics X-CUBE-TOUCHGFX 4.26.0
2025-10-11 13:05:39,644 [INFO] ThirdParty:1030 - CMSIS Pack Vendor :STMicroelectronics X-CUBE-STSE01 1.0.0
2025-10-11 13:05:39,644 [INFO] ThirdParty:1030 - CMSIS Pack Vendor :portGmbH I-Cube-SoM-uGOAL 1.1.0
2025-10-11 13:05:39,644 [INFO] ThirdParty:1030 - CMSIS Pack Vendor :STMicroelectronics X-CUBE-ST67W61 1.0.0
2025-10-11 13:05:39,645 [INFO] ThirdParty:1030 - CMSIS Pack Vendor :STMicroelectronics FP-SNS-STBOX1 2.1.0
2025-10-11 13:05:39,645 [INFO] ThirdParty:1030 - CMSIS Pack Vendor :STMicroelectronics X-CUBE-AI 10.2.0
2025-10-11 13:05:39,645 [INFO] ThirdParty:1030 - CMSIS Pack Vendor :STMicroelectronics FP-SNS-STAIOTCFT 1.0.0
2025-10-11 13:05:39,645 [INFO] ThirdParty:1030 - CMSIS Pack Vendor :STMicroelectronics ThreadX 1.0.0
2025-10-11 13:05:39,645 [INFO] ThirdParty:1030 - CMSIS Pack Vendor :STMicroelectronics FP-SNS-SMARTAG2 1.2.0
2025-10-11 13:05:39,645 [INFO] ThirdParty:1030 - CMSIS Pack Vendor :STMicroelectronics FP-SNS-FLIGHT1 5.1.0
2025-10-11 13:05:39,645 [INFO] ThirdParty:1030 - CMSIS Pack Vendor :STMicroelectronics X-CUBE-AZRTOS-WL 2.0.0
2025-10-11 13:05:39,645 [INFO] ThirdParty:1030 - CMSIS Pack Vendor :SEGGER I-CUBE-embOS 1.3.1
2025-10-11 13:05:39,645 [INFO] ThirdParty:1030 - CMSIS Pack Vendor :STMicroelectronics X-CUBE-ALGOBUILD 1.4.0
2025-10-11 13:05:39,645 [INFO] ThirdParty:1030 - CMSIS Pack Vendor :STMicroelectronics X-CUBE-DPower 1.3.0
2025-10-11 13:05:39,645 [INFO] ThirdParty:1030 - CMSIS Pack Vendor :STMicroelectronics X-CUBE-MEMS1 11.3.0
2025-10-11 13:05:39,645 [INFO] ThirdParty:1030 - CMSIS Pack Vendor :STMicroelectronics FP-SNS-MOTENV1 5.0.0
2025-10-11 13:05:39,645 [INFO] ThirdParty:1030 - CMSIS Pack Vendor :STMicroelectronics USB_DEVICE 1.0.0
2025-10-11 13:05:39,645 [INFO] ThirdParty:1030 - CMSIS Pack Vendor :STMicroelectronics X-CUBE-AZRTOS-L4 2.0.0
2025-10-11 13:05:39,645 [INFO] ThirdParty:1030 - CMSIS Pack Vendor :STMicroelectronics ThreadX 0.0.2
2025-10-11 13:05:39,645 [INFO] ThirdParty:1030 - CMSIS Pack Vendor :STMicroelectronics lwIP 2.1.2
2025-10-11 13:05:39,645 [INFO] ThirdParty:1030 - CMSIS Pack Vendor :STMicroelectronics X-CUBE-SFXS2LP1 4.0.0
2025-10-11 13:05:39,645 [INFO] ThirdParty:1030 - CMSIS Pack Vendor :STMicroelectronics X-CUBE-BLE2 3.3.0
2025-10-11 13:05:39,645 [INFO] ThirdParty:1030 - CMSIS Pack Vendor :STMicroelectronics X-CUBE-TOF1 3.4.3
2025-10-11 13:05:39,645 [INFO] ThirdParty:1030 - CMSIS Pack Vendor :STMicroelectronics PDM2PCM 3.2.0
2025-10-11 13:05:39,645 [INFO] ThirdParty:841 - exiting critical section [change project]
2025-10-11 13:05:39,866 [INFO] PinOutPanel:1589 - setPackage(No Configuration,No Configuration)
2025-10-11 13:05:39,867 [INFO] PinOutPanel:1589 - setPackage(STM32F446RETx,LQFP64)
2025-10-11 13:05:40,358 [INFO] UtilMem:75 - Before build in PCC Used Memory: 261579648 Bytes (494927872)
2025-10-11 13:05:41,120 [INFO] UtilMem:75 - After build in PCC Used Memory: 369056640 Bytes (494927872)
2025-10-11 13:05:41,149 [INFO] IPUIPlugin:80 - create IPUIPlugin
2025-10-11 13:05:41,149 [INFO] IPUIPlugin:80 - create IPUIPlugin
2025-10-11 13:05:41,149 [INFO] IPUIPlugin:80 - create IPUIPlugin
2025-10-11 13:05:41,149 [INFO] IPUIPlugin:80 - create IPUIPlugin
2025-10-11 13:05:41,149 [INFO] IPUIPlugin:80 - create IPUIPlugin
2025-10-11 13:05:41,149 [INFO] IPUIPlugin:80 - create IPUIPlugin
2025-10-11 13:05:41,150 [INFO] IPUIPlugin:80 - create IPUIPlugin
2025-10-11 13:05:41,150 [INFO] IPUIPlugin:80 - create IPUIPlugin
2025-10-11 13:05:41,150 [INFO] IPUIPlugin:80 - create IPUIPlugin
2025-10-11 13:05:41,150 [INFO] IPUIPlugin:80 - create IPUIPlugin
2025-10-11 13:05:41,150 [INFO] IPUIPlugin:80 - create IPUIPlugin
2025-10-11 13:05:41,150 [INFO] IPUIPlugin:80 - create IPUIPlugin
2025-10-11 13:05:41,150 [INFO] IPUIPlugin:80 - create IPUIPlugin
2025-10-11 13:05:41,150 [INFO] IPUIPlugin:80 - create IPUIPlugin
2025-10-11 13:05:41,150 [INFO] IPUIPlugin:80 - create IPUIPlugin
2025-10-11 13:05:41,150 [INFO] IPUIPlugin:80 - create IPUIPlugin
2025-10-11 13:05:41,151 [INFO] IPUIPlugin:80 - create IPUIPlugin
2025-10-11 13:05:41,151 [INFO] IPUIPlugin:80 - create IPUIPlugin
2025-10-11 13:05:41,151 [INFO] IPUIPlugin:80 - create IPUIPlugin
2025-10-11 13:05:41,151 [INFO] IPUIPlugin:80 - create IPUIPlugin
2025-10-11 13:05:41,152 [INFO] IPUIPlugin:80 - create IPUIPlugin
2025-10-11 13:05:41,152 [INFO] IPUIPlugin:80 - create IPUIPlugin
2025-10-11 13:05:41,152 [INFO] IPUIPlugin:80 - create IPUIPlugin
2025-10-11 13:05:41,152 [INFO] IPUIPlugin:80 - create IPUIPlugin
2025-10-11 13:05:41,153 [INFO] IPUIPlugin:80 - create IPUIPlugin
2025-10-11 13:05:41,153 [INFO] IPUIPlugin:80 - create IPUIPlugin
2025-10-11 13:05:41,153 [INFO] IPUIPlugin:80 - create IPUIPlugin
2025-10-11 13:05:41,154 [INFO] IPUIPlugin:80 - create IPUIPlugin
2025-10-11 13:05:41,154 [INFO] IPUIPlugin:80 - create IPUIPlugin
2025-10-11 13:05:41,155 [INFO] IPUIPlugin:80 - create IPUIPlugin
2025-10-11 13:05:41,155 [INFO] IPUIPlugin:80 - create IPUIPlugin
2025-10-11 13:05:41,155 [INFO] IPUIPlugin:80 - create IPUIPlugin
2025-10-11 13:05:41,156 [INFO] IPUIPlugin:80 - create IPUIPlugin
2025-10-11 13:05:41,156 [INFO] IPUIPlugin:80 - create IPUIPlugin
2025-10-11 13:05:41,157 [INFO] IPUIPlugin:80 - create IPUIPlugin
2025-10-11 13:05:41,157 [INFO] IPUIPlugin:80 - create IPUIPlugin
2025-10-11 13:05:41,157 [INFO] IPUIPlugin:80 - create IPUIPlugin
2025-10-11 13:05:41,157 [INFO] IPUIPlugin:80 - create IPUIPlugin
2025-10-11 13:05:41,157 [INFO] IPUIPlugin:80 - create IPUIPlugin
2025-10-11 13:05:41,158 [INFO] IPUIPlugin:80 - create IPUIPlugin
2025-10-11 13:05:41,158 [INFO] IPUIPlugin:80 - create IPUIPlugin
2025-10-11 13:05:41,159 [INFO] IPUIPlugin:80 - create IPUIPlugin
2025-10-11 13:05:41,159 [INFO] IPUIPlugin:80 - create IPUIPlugin
2025-10-11 13:05:41,159 [INFO] IPUIPlugin:80 - create IPUIPlugin
2025-10-11 13:05:41,159 [INFO] IPUIPlugin:80 - create IPUIPlugin
2025-10-11 13:05:41,160 [INFO] IPUIPlugin:80 - create IPUIPlugin
2025-10-11 13:05:41,160 [INFO] IPUIPlugin:80 - create IPUIPlugin
2025-10-11 13:05:41,160 [INFO] IPUIPlugin:80 - create IPUIPlugin
2025-10-11 13:05:41,160 [INFO] IPUIPlugin:80 - create IPUIPlugin
2025-10-11 13:05:41,161 [INFO] IPUIPlugin:80 - create IPUIPlugin
2025-10-11 13:05:41,161 [INFO] IPUIPlugin:80 - create IPUIPlugin
2025-10-11 13:05:41,161 [INFO] IPUIPlugin:80 - create IPUIPlugin
2025-10-11 13:05:41,162 [INFO] IPUIPlugin:80 - create IPUIPlugin
2025-10-11 13:05:41,162 [INFO] IPUIPlugin:80 - create IPUIPlugin
2025-10-11 13:05:41,162 [INFO] IPUIPlugin:80 - create IPUIPlugin
2025-10-11 13:05:41,163 [INFO] IPUIPlugin:80 - create IPUIPlugin
2025-10-11 13:05:41,164 [INFO] IPUIPlugin:80 - create IPUIPlugin
2025-10-11 13:05:41,164 [INFO] IPUIPlugin:80 - create IPUIPlugin
2025-10-11 13:05:41,165 [INFO] IPUIPlugin:80 - create IPUIPlugin
2025-10-11 13:05:41,165 [INFO] IPUIPlugin:80 - create IPUIPlugin
2025-10-11 13:05:41,166 [INFO] IPUIPlugin:80 - create IPUIPlugin
2025-10-11 13:05:41,194 [INFO] ApiDbMcu:532 - Load IP Config File for PDM2PCM
2025-10-11 13:05:41,202 [WARN] IP:2250 - I2C_Coeff_DF not found: check if there is a RefParameter without a condition.
2025-10-11 13:05:41,202 [WARN] IP:2250 - Analog_Filter not found: check if there is a RefParameter without a condition.
2025-10-11 13:05:41,388 [INFO] CADModel:165 - CPN selected for project levelSTM32F446RET6
2025-10-11 13:05:41,388 [INFO] CADModel:114 - Register for checkConnection events
2025-10-11 13:05:41,452 [INFO] OpenFileManager:386 - Restore cursor
2025-10-11 13:05:41,712 [WARN] IP:2250 - I2C_Coeff_DF not found: check if there is a RefParameter without a condition.
2025-10-11 13:05:41,712 [WARN] IP:2250 - Analog_Filter not found: check if there is a RefParameter without a condition.
2025-10-11 13:05:41,713 [WARN] IP:2250 - I2C_Coeff_DF not found: check if there is a RefParameter without a condition.
2025-10-11 13:05:41,713 [WARN] IP:2250 - Analog_Filter not found: check if there is a RefParameter without a condition.
2025-10-11 13:07:13,081 [INFO] MainUpdater:2872 - connection check result : 10
2025-10-11 13:07:13,081 [INFO] MainUpdater:2872 - connection check result : 10
2025-10-11 13:07:13,227 [INFO] MicroXplorer:468 - Change Database Path : 
2025-10-11 13:07:13,227 [INFO] MicroXplorer:498 - Change Database Version : DB.6.0.150
2025-10-11 13:07:13,238 [ERROR] ProjectManagerView:395 - 
java.lang.NullPointerException: Cannot invoke "javax.swing.JTextField.getText()" because the return value of "java.util.List.get(int)" is null
	at com.st.microxplorer.plugins.projectmanager.gui.ProjectChoiceTab$9.caretUpdate(ProjectChoiceTab.java:2706) ~[filemanager.jar:?]
	at javax.swing.text.JTextComponent.fireCaretUpdate(JTextComponent.java:408) ~[?:?]
	at javax.swing.text.JTextComponent$MutableCaretEvent.fire(JTextComponent.java:4484) ~[?:?]
	at javax.swing.text.JTextComponent$MutableCaretEvent.stateChanged(JTextComponent.java:4506) ~[?:?]
	at javax.swing.text.DefaultCaret.fireStateChanged(DefaultCaret.java:857) ~[?:?]
	at javax.swing.text.DefaultCaret.changeCaretPosition(DefaultCaret.java:1343) ~[?:?]
	at javax.swing.text.DefaultCaret.handleSetDot(DefaultCaret.java:1242) ~[?:?]
	at javax.swing.text.DefaultCaret.setDot(DefaultCaret.java:1223) ~[?:?]
	at javax.swing.text.DefaultCaret$Handler.insertUpdate(DefaultCaret.java:1819) ~[?:?]
	at javax.swing.text.AbstractDocument.fireInsertUpdate(AbstractDocument.java:227) ~[?:?]
	at javax.swing.text.AbstractDocument.handleInsertString(AbstractDocument.java:781) ~[?:?]
	at javax.swing.text.AbstractDocument.insertString(AbstractDocument.java:740) ~[?:?]
	at javax.swing.text.PlainDocument.insertString(PlainDocument.java:131) ~[?:?]
	at javax.swing.text.AbstractDocument.replace(AbstractDocument.java:699) ~[?:?]
	at javax.swing.text.JTextComponent.setText(JTextComponent.java:1725) ~[?:?]
	at com.st.microxplorer.plugins.projectmanager.gui.ProjectChoiceTab.createHeapStackFields(ProjectChoiceTab.java:993) ~[filemanager.jar:?]
	at com.st.microxplorer.plugins.projectmanager.gui.ProjectChoiceTab.buildLinkSettingsPanel(ProjectChoiceTab.java:3813) ~[filemanager.jar:?]
	at com.st.microxplorer.plugins.projectmanager.gui.ProjectChoiceTab.defineWindowsFields(ProjectChoiceTab.java:1987) ~[filemanager.jar:?]
	at com.st.microxplorer.plugins.projectmanager.gui.ProjectChoiceTab.updateSettings(ProjectChoiceTab.java:558) ~[filemanager.jar:?]
	at com.st.microxplorer.plugins.projectmanager.gui.ProjectSettingsPanel.UpdateDialog(ProjectSettingsPanel.java:247) ~[filemanager.jar:?]
	at com.st.microxplorer.plugins.projectmanager.ProjectManagerView.propertyChange(ProjectManagerView.java:392) ~[filemanager.jar:?]
	at java.beans.PropertyChangeSupport.fire(PropertyChangeSupport.java:343) ~[?:?]
	at java.beans.PropertyChangeSupport.firePropertyChange(PropertyChangeSupport.java:335) ~[?:?]
	at java.beans.PropertyChangeSupport.firePropertyChange(PropertyChangeSupport.java:268) ~[?:?]
	at com.st.microxplorer.util.MXPropertyChangeSupport.firePropertyChange(MXPropertyChangeSupport.java:54) ~[STM32CubeMX.jar:?]
	at com.st.microxplorer.mxsystem.MxSystem.closeConfig(MxSystem.java:899) ~[STM32CubeMX.jar:?]
	at com.st.microxplorer.maingui.MainPanel.closeConfig(MainPanel.java:792) ~[STM32CubeMX.jar:?]
	at com.st.microxplorer.plugins.filemanager.engine.OpenFileManager.loadConfigurationFile(OpenFileManager.java:288) ~[filemanager.jar:?]
	at com.st.microxplorer.plugins.filemanager.engine.MainFileManager.userLoadConfig(MainFileManager.java:364) ~[filemanager.jar:?]
	at com.st.microxplorer.plugins.filemanager.engine.MainFileManager.userLoadConfig(MainFileManager.java:342) ~[filemanager.jar:?]
	at com.st.microxplorer.plugins.filemanager.FileManagerView.getSpecificTask(FileManagerView.java:264) ~[filemanager.jar:?]
	at com.st.stm32cube.common.mx.editor.CubeMxEditor.getMxTabbedPaneInstance(CubeMxEditor.java:1198) ~[com.st.stm32cube.common.mx_6.15.0.202507011659/:?]
	at com.st.stm32cube.common.mx.editor.CubeMxEditor$12$1.createSwingComponent(CubeMxEditor.java:1068) ~[com.st.stm32cube.common.mx_6.15.0.202507011659/:?]
	at com.st.stm32cube.common.mx.oss.core.awtswtbridge.EmbeddedSwingComposite.doComponentCreation(EmbeddedSwingComposite.java:492) ~[com.st.stm32cube.common.mx.oss_6.15.0.202507011659/:?]
	at com.st.stm32cube.common.mx.oss.core.awtswtbridge.EmbeddedSwingComposite$4.run(EmbeddedSwingComposite.java:291) ~[com.st.stm32cube.common.mx.oss_6.15.0.202507011659/:?]
	at com.st.stm32cube.common.mx.oss.core.awtswtbridge.AwtEnvironment$2.run(AwtEnvironment.java:166) ~[com.st.stm32cube.common.mx.oss_6.15.0.202507011659/:?]
	at java.awt.event.InvocationEvent.dispatch(InvocationEvent.java:318) ~[?:?]
	at java.awt.EventQueue.dispatchEventImpl(EventQueue.java:773) ~[?:?]
	at java.awt.EventQueue$4.run(EventQueue.java:720) ~[?:?]
	at java.awt.EventQueue$4.run(EventQueue.java:714) ~[?:?]
	at java.security.AccessController.doPrivileged(AccessController.java:400) ~[?:?]
	at java.security.ProtectionDomain$JavaSecurityAccessImpl.doIntersectionPrivilege(ProtectionDomain.java:87) ~[?:?]
	at java.awt.EventQueue.dispatchEvent(EventQueue.java:742) ~[?:?]
	at java.awt.EventDispatchThread.pumpOneEventForFilters(EventDispatchThread.java:203) ~[?:?]
	at java.awt.EventDispatchThread.pumpEventsForFilter(EventDispatchThread.java:124) ~[?:?]
	at java.awt.EventDispatchThread.pumpEventsForHierarchy(EventDispatchThread.java:113) ~[?:?]
	at java.awt.EventDispatchThread.pumpEvents(EventDispatchThread.java:109) ~[?:?]
	at java.awt.EventDispatchThread.pumpEvents(EventDispatchThread.java:101) ~[?:?]
	at java.awt.EventDispatchThread.run(EventDispatchThread.java:90) ~[?:?]
2025-10-11 13:07:13,246 [WARN] ThirdParty:871 - waiting for thirdparty lock release [close project]
2025-10-11 13:07:13,246 [INFO] ThirdParty:873 - entering critical section [close project]
2025-10-11 13:07:13,246 [INFO] ThirdParty:883 - exiting critical section [close project]
2025-10-11 13:07:13,247 [INFO] PinOutPanel:1589 - setPackage(No Configuration,No Configuration)
2025-10-11 13:07:13,263 [WARN] IpParametersView:155 - Warning: This peripheral hasn't parameters
2025-10-11 13:07:13,277 [WARN] MainPanel:289 - <html><b><center>Warning: This peripheral has no parameters to be configured<br></b></html>
2025-10-11 13:07:13,287 [INFO] UtilMem:75 - Begin LoadConfig() Used Memory: 522143688 Bytes (707788800)
2025-10-11 13:07:13,287 [INFO] MicroXplorer:468 - Change Database Path : 
2025-10-11 13:07:13,287 [INFO] MicroXplorer:498 - Change Database Version : DB.6.0.150
2025-10-11 13:07:13,287 [INFO] OpenFileManager:355 - Change cursor
2025-10-11 13:07:13,297 [INFO] Mcu:2029 - Initializing MCU STM32F446R(C-E)Tx STM32F446RETx STM32F446RET6
2025-10-11 13:07:14,364 [INFO] Context:786 - Trying to add GPIOservice into a context  which must be forbidden
2025-10-11 13:07:14,807 [INFO] ApiDbMcu:532 - Load IP Config File for STMicroelectronics.X-CUBE-NFC10.1.0.0
2025-10-11 13:07:14,899 [INFO] ImportTextPane:234 - (OptionalMessage_ERROR) Pin25 (VP_RIF_VS_RIF1) cannot be retrieved for this MCU
2025-10-11 13:07:14,936 [INFO] RtosManager:558 - Registered RTOS mode: class=CMSIS, group=RTOS, mode=CMSIS_V1, owner=FREERTOS
2025-10-11 13:07:14,936 [INFO] RtosManager:558 - Registered RTOS mode: class=CMSIS, group=RTOS2, mode=CMSIS_V2, owner=FREERTOS
2025-10-11 13:07:14,936 [INFO] RtosManager:558 - Registered RTOS mode: class=RTOS, group=Core, mode=CMSIS_V1, owner=FREERTOS
2025-10-11 13:07:14,936 [INFO] RtosManager:558 - Registered RTOS mode: class=RTOS, group=Core, mode=CMSIS_V2, owner=FREERTOS
2025-10-11 13:07:14,937 [WARN] ModelIntegratedComponent:184 - Missing modes for component STMicroelectronics:FreeRTOS:0.0.1:STMicroelectronics:RTOS:FreeRTOS:Core:::10.2.0:
2025-10-11 13:07:14,954 [WARN] ModelIntegratedComponent:63 - No mode defined for component null
2025-10-11 13:07:14,954 [WARN] ModelIntegratedComponent:63 - No mode defined for component null
2025-10-11 13:07:14,954 [WARN] ModelIntegratedComponent:63 - No mode defined for component null
2025-10-11 13:07:14,954 [WARN] ModelIntegratedComponent:63 - No mode defined for component null
2025-10-11 13:07:14,954 [WARN] ModelIntegratedComponent:63 - No mode defined for component null
2025-10-11 13:07:14,954 [WARN] ModelIntegratedComponent:63 - No mode defined for component null
2025-10-11 13:07:14,954 [WARN] ModelIntegratedComponent:63 - No mode defined for component null
2025-10-11 13:07:14,954 [WARN] ModelIntegratedComponent:63 - No mode defined for component null
2025-10-11 13:07:14,954 [WARN] ModelIntegratedComponent:63 - No mode defined for component null
2025-10-11 13:07:14,954 [WARN] ModelIntegratedComponent:63 - No mode defined for component null
2025-10-11 13:07:14,954 [WARN] ModelIntegratedComponent:63 - No mode defined for component null
2025-10-11 13:07:14,954 [WARN] ModelIntegratedComponent:63 - No mode defined for component null
2025-10-11 13:07:14,954 [WARN] ModelIntegratedComponent:63 - No mode defined for component null
2025-10-11 13:07:14,954 [WARN] ModelIntegratedComponent:63 - No mode defined for component null
2025-10-11 13:07:14,954 [WARN] ModelIntegratedComponent:63 - No mode defined for component null
2025-10-11 13:07:14,954 [WARN] ModelIntegratedComponent:63 - No mode defined for component null
2025-10-11 13:07:14,954 [WARN] ModelIntegratedComponent:63 - No mode defined for component null
2025-10-11 13:07:14,954 [WARN] ModelIntegratedComponent:63 - No mode defined for component null
2025-10-11 13:07:14,954 [WARN] ModelIntegratedComponent:63 - No mode defined for component null
2025-10-11 13:07:14,955 [WARN] ModelIntegratedComponent:63 - No mode defined for component null
2025-10-11 13:07:14,955 [WARN] ModelIntegratedComponent:63 - No mode defined for component null
2025-10-11 13:07:14,955 [WARN] ModelIntegratedComponent:63 - No mode defined for component null
2025-10-11 13:07:14,955 [WARN] ModelIntegratedComponent:63 - No mode defined for component null
2025-10-11 13:07:14,955 [WARN] ModelIntegratedComponent:63 - No mode defined for component null
2025-10-11 13:07:14,955 [WARN] ModelIntegratedComponent:63 - No mode defined for component null
2025-10-11 13:07:14,955 [WARN] ModelIntegratedComponent:63 - No mode defined for component null
2025-10-11 13:07:14,955 [WARN] ModelIntegratedComponent:63 - No mode defined for component null
2025-10-11 13:07:14,955 [WARN] ModelIntegratedComponent:63 - No mode defined for component null
2025-10-11 13:07:14,955 [WARN] ModelIntegratedComponent:63 - No mode defined for component null
2025-10-11 13:07:14,955 [WARN] ModelIntegratedComponent:63 - No mode defined for component null
2025-10-11 13:07:14,955 [WARN] ModelIntegratedComponent:63 - No mode defined for component null
2025-10-11 13:07:14,955 [WARN] ModelIntegratedComponent:63 - No mode defined for component null
2025-10-11 13:07:14,955 [WARN] ModelIntegratedComponent:63 - No mode defined for component null
2025-10-11 13:07:14,955 [WARN] ModelIntegratedComponent:63 - No mode defined for component null
2025-10-11 13:07:14,955 [WARN] ModelIntegratedComponent:63 - No mode defined for component null
2025-10-11 13:07:14,955 [WARN] ModelPack:524 - Component already loaded: STMicroelectronics:HAL Drivers:0.0.0:STMicroelectronics:Device:STMicro_Driver:XSPI:HAL::0.0.1:HAL_XSPI
2025-10-11 13:07:15,189 [INFO] ThirdPartyModel:298 - Start build external matchings
2025-10-11 13:07:15,416 [INFO] ThirdPartyModel:316 - End build external matchings
2025-10-11 13:07:15,424 [INFO] ImportTextPane:234 - (OptionalMessage_ERROR) IP (RCC) : Invalid parameter (48MHZClocksFreq_Value)
2025-10-11 13:07:15,424 [INFO] ImportTextPane:234 - (OptionalMessage_ERROR) IP (RCC) : Invalid parameter (EthernetFreq_Value)
2025-10-11 13:07:15,425 [INFO] ImportTextPane:234 - (OptionalMessage_ERROR) IP (RCC) : Parameter (FLatency) has Id (AdvancedSettings) currently not set
2025-10-11 13:07:15,425 [INFO] ImportTextPane:234 - (OptionalMessage_ERROR) IP (RCC) : Invalid parameter (FamilyName)
2025-10-11 13:07:15,425 [INFO] ImportTextPane:234 - (OptionalMessage_ERROR) IP (RCC) : Invalid parameter (I2SClocksFreq_Value)
2025-10-11 13:07:15,426 [INFO] ImportTextPane:234 - (OptionalMessage_ERROR) IP (RCC) : Parameter (SDIOFreq_Value) has invalid value (168000000)
2025-10-11 13:07:15,426 [INFO] ImportTextPane:234 - (OptionalMessage_ERROR) IP (RCC) : Parameter (USBFreq_Value) has invalid value (168000000)
2025-10-11 13:07:15,426 [INFO] ImportTextPane:234 - (OptionalMessage_ERROR) IP (RCC) : Invalid parameter (VCOInputMFreq_Value)
2025-10-11 13:07:15,426 [INFO] ImportTextPane:234 - (OptionalMessage_ERROR) IP (RCC) : Invalid parameter (VcooutputI2S)
2025-10-11 13:07:15,657 [INFO] UtilMem:75 - End LoadConfig() Used Memory: 506194872 Bytes (914358272)
2025-10-11 13:07:15,698 [WARN] ThirdParty:833 - waiting for thirdparty lock release [change project]
2025-10-11 13:07:15,699 [INFO] ThirdParty:835 - entering critical section [change project]
2025-10-11 13:07:15,699 [INFO] ThirdParty:1030 - CMSIS Pack Vendor :STMicroelectronics X-CUBE-PM33A1 1.0.0
2025-10-11 13:07:15,699 [INFO] ThirdParty:1030 - CMSIS Pack Vendor :STMicroelectronics USBPD 4.1
2025-10-11 13:07:15,699 [INFO] ThirdParty:1030 - CMSIS Pack Vendor :STMicroelectronics X-CUBE-NFC9 1.0.0
2025-10-11 13:07:15,699 [INFO] ThirdParty:1030 - CMSIS Pack Vendor :STMicroelectronics USB_HOST 2.0.0
2025-10-11 13:07:15,699 [INFO] ThirdParty:1030 - CMSIS Pack Vendor :STMicroelectronics FP-SNS-MOTENVWB1 1.4.0
2025-10-11 13:07:15,699 [INFO] ThirdParty:1030 - CMSIS Pack Vendor :STMicroelectronics X-CUBE-AZRTOS-F4 1.1.0
2025-10-11 13:07:15,699 [INFO] ThirdParty:1030 - CMSIS Pack Vendor :STMicroelectronics LIBJPEG 8.0.0
2025-10-11 13:07:15,699 [INFO] ThirdParty:1030 - CMSIS Pack Vendor :STMicroelectronics FP-ATR-ASTRA1 2.0.2
2025-10-11 13:07:15,699 [INFO] ThirdParty:1030 - CMSIS Pack Vendor :wolfSSL I-CUBE-wolfSSL 5.8.2
2025-10-11 13:07:15,699 [INFO] ThirdParty:1030 - CMSIS Pack Vendor :STMicroelectronics X-CUBE-BLE1 7.1.0
2025-10-11 13:07:15,699 [INFO] ThirdParty:1030 - CMSIS Pack Vendor :Avnet-IotConnect X-CUBE-IoTC-DA16k-PMOD 1.0.0
2025-10-11 13:07:15,699 [INFO] ThirdParty:1030 - CMSIS Pack Vendor :STMicroelectronics X-CUBE-SMBUS 2.1.0
2025-10-11 13:07:15,699 [INFO] ThirdParty:1030 - CMSIS Pack Vendor :wolfSSL I-CUBE-wolfMQTT 1.19.2
2025-10-11 13:07:15,699 [INFO] ThirdParty:1030 - CMSIS Pack Vendor :STMicroelectronics USB_DEVICE 3.0.0
2025-10-11 13:07:15,699 [INFO] ThirdParty:1030 - CMSIS Pack Vendor :STMicroelectronics X-CUBE-ISPU 2.1.0
2025-10-11 13:07:15,699 [INFO] ThirdParty:1030 - CMSIS Pack Vendor :STMicroelectronics X-CUBE-EEPRMA1 5.2.0
2025-10-11 13:07:15,699 [INFO] ThirdParty:1030 - CMSIS Pack Vendor :STMicroelectronics X-CUBE-BLEMGR 4.1.0
2025-10-11 13:07:15,699 [INFO] ThirdParty:1030 - CMSIS Pack Vendor :STMicroelectronics X-CUBE-AZRTOS-WB 2.0.0
2025-10-11 13:07:15,699 [INFO] ThirdParty:1030 - CMSIS Pack Vendor :STMicroelectronics X-CUBE-ST60 1.0.0
2025-10-11 13:07:15,699 [INFO] ThirdParty:1030 - CMSIS Pack Vendor :STMicroelectronics X-CUBE-GNSS1 7.0.1
2025-10-11 13:07:15,699 [INFO] ThirdParty:1030 - CMSIS Pack Vendor :STMicroelectronics X-CUBE-NFC12 1.0.0
2025-10-11 13:07:15,699 [INFO] ThirdParty:1030 - CMSIS Pack Vendor :STMicroelectronics X-CUBE-AZRTOS-F7 1.1.0
2025-10-11 13:07:15,699 [INFO] ThirdParty:1030 - CMSIS Pack Vendor :STMicroelectronics X-CUBE-AZRTOS-L5 2.0.0
2025-10-11 13:07:15,699 [INFO] ThirdParty:1030 - CMSIS Pack Vendor :STMicroelectronics X-CUBE-TOUCHGFX 4.25.0
2025-10-11 13:07:15,699 [INFO] ThirdParty:1030 - CMSIS Pack Vendor :STMicroelectronics USB_DEVICE 2.0.0
2025-10-11 13:07:15,699 [INFO] ThirdParty:1030 - CMSIS Pack Vendor :STMicroelectronics X-CUBE-NFC6 3.1.0
2025-10-11 13:07:15,699 [INFO] ThirdParty:1030 - CMSIS Pack Vendor :Cesanta I-CUBE-Mongoose 7.19.0
2025-10-11 13:07:15,699 [INFO] ThirdParty:1030 - CMSIS Pack Vendor :quantropi X-CUBE-qispace-sdk-base 2.1.0
2025-10-11 13:07:15,699 [INFO] ThirdParty:1030 - CMSIS Pack Vendor :STMicroelectronics FreeRTOS 0.0.1
2025-10-11 13:07:15,699 [INFO] ThirdParty:1030 - CMSIS Pack Vendor :STMicroelectronics X-CUBE-AZRTOS-G0 1.1.0
2025-10-11 13:07:15,699 [INFO] ThirdParty:1030 - CMSIS Pack Vendor :STMicroelectronics X-CUBE-SAFEA1 1.2.2
2025-10-11 13:07:15,699 [INFO] ThirdParty:1030 - CMSIS Pack Vendor :STMicroelectronics X-CUBE-NFC4 3.0.0
2025-10-11 13:07:15,699 [INFO] ThirdParty:1030 - CMSIS Pack Vendor :STMicroelectronics X-CUBE-SUBG2 5.0.0
2025-10-11 13:07:15,699 [INFO] ThirdParty:1030 - CMSIS Pack Vendor :STMicroelectronics X-CUBE-AZRTOS-H7RS 1.1.0
2025-10-11 13:07:15,699 [INFO] ThirdParty:1030 - CMSIS Pack Vendor :STMicroelectronics STM32_WPAN 1.0.0
2025-10-11 13:07:15,699 [INFO] ThirdParty:1030 - CMSIS Pack Vendor :EmbeddedOffice I-CUBE-FS-RTOS 1.0.1
2025-10-11 13:07:15,699 [INFO] ThirdParty:1030 - CMSIS Pack Vendor :STMicroelectronics lwIP 2.0.3
2025-10-11 13:07:15,699 [INFO] ThirdParty:1030 - CMSIS Pack Vendor :WES I-CUBE-Cesium 1.4.0
2025-10-11 13:07:15,699 [INFO] ThirdParty:1030 - CMSIS Pack Vendor :Cesanta I-CUBE-Mongoose 7.13.0
2025-10-11 13:07:15,700 [INFO] ThirdParty:1030 - CMSIS Pack Vendor :STMicroelectronics USB_HOST 1.0.0
2025-10-11 13:07:15,700 [INFO] ThirdParty:1030 - CMSIS Pack Vendor :Infineon AIROC-Wi-Fi-Bluetooth-STM32 1.7.1
2025-10-11 13:07:15,700 [INFO] ThirdParty:1030 - CMSIS Pack Vendor :STMicroelectronics X-CUBE-AZRTOS-G4 2.0.0
2025-10-11 13:07:15,700 [INFO] ThirdParty:1030 - CMSIS Pack Vendor :STMicroelectronics X-CUBE-WB05N 2.0.0
2025-10-11 13:07:15,700 [INFO] ThirdParty:1030 - CMSIS Pack Vendor :STMicroelectronics PDM2PCM 3.1.0
2025-10-11 13:07:15,700 [INFO] ThirdParty:1030 - CMSIS Pack Vendor :STMicroelectronics PDM2PCM 3.3.0
2025-10-11 13:07:15,700 [INFO] ThirdParty:1030 - CMSIS Pack Vendor :wolfSSL I-CUBE-wolfTPM 3.8.0
2025-10-11 13:07:15,700 [INFO] ThirdParty:1030 - CMSIS Pack Vendor :STMicroelectronics X-CUBE-AZRTOS-H7 3.4.0
2025-10-11 13:07:15,700 [INFO] ThirdParty:1030 - CMSIS Pack Vendor :STMicroelectronics X-CUBE-DISPLAY 3.0.0
2025-10-11 13:07:15,700 [INFO] ThirdParty:1030 - CMSIS Pack Vendor :wolfSSL I-CUBE-wolfSSH 1.4.20
2025-10-11 13:07:15,700 [INFO] ThirdParty:1030 - CMSIS Pack Vendor :STMicroelectronics X-CUBE-NFC7 2.0.0
2025-10-11 13:07:15,700 [INFO] ThirdParty:1030 - CMSIS Pack Vendor :STMicroelectronics X-CUBE-TCPP 4.2.0
2025-10-11 13:07:15,700 [INFO] ThirdParty:1030 - CMSIS Pack Vendor :RealThread X-CUBE-RT-Thread_Nano 4.1.1
2025-10-11 13:07:15,700 [INFO] ThirdParty:1030 - CMSIS Pack Vendor :STMicroelectronics FP-ATR-SIGFOX1 3.2.0
2025-10-11 13:07:15,700 [INFO] ThirdParty:1030 - CMSIS Pack Vendor :STMicroelectronics X-CUBE-NFC10 1.0.0
2025-10-11 13:07:15,700 [INFO] ThirdParty:1030 - CMSIS Pack Vendor :STMicroelectronics X-CUBE-FREERTOS 1.3.1
2025-10-11 13:07:15,700 [INFO] ThirdParty:1030 - CMSIS Pack Vendor :STMicroelectronics HAL Drivers 0.0.0
2025-10-11 13:07:15,700 [INFO] ThirdParty:1030 - CMSIS Pack Vendor :STMicroelectronics MBEDTLS 2.16.2
2025-10-11 13:07:15,700 [INFO] ThirdParty:1030 - CMSIS Pack Vendor :STMicroelectronics X-CUBE-IPS 3.1.0
2025-10-11 13:07:15,700 [INFO] ThirdParty:1030 - CMSIS Pack Vendor :STMicroelectronics X-CUBE-ALS 1.0.2
2025-10-11 13:07:15,700 [INFO] ThirdParty:1030 - CMSIS Pack Vendor :emotas I-CUBE-CANOPEN 1.3.0
2025-10-11 13:07:15,700 [INFO] ThirdParty:1030 - CMSIS Pack Vendor :STMicroelectronics MBEDTLS 2.14.1
2025-10-11 13:07:15,700 [INFO] ThirdParty:1030 - CMSIS Pack Vendor :ITTIA_DB I-CUBE-ITTIADB 8.9.0
2025-10-11 13:07:15,700 [INFO] ThirdParty:1030 - CMSIS Pack Vendor :STMicroelectronics X-CUBE-TOUCHGFX 4.26.0
2025-10-11 13:07:15,700 [INFO] ThirdParty:1030 - CMSIS Pack Vendor :STMicroelectronics X-CUBE-STSE01 1.0.0
2025-10-11 13:07:15,700 [INFO] ThirdParty:1030 - CMSIS Pack Vendor :portGmbH I-Cube-SoM-uGOAL 1.1.0
2025-10-11 13:07:15,700 [INFO] ThirdParty:1030 - CMSIS Pack Vendor :STMicroelectronics X-CUBE-ST67W61 1.0.0
2025-10-11 13:07:15,700 [INFO] ThirdParty:1030 - CMSIS Pack Vendor :STMicroelectronics FP-SNS-STBOX1 2.1.0
2025-10-11 13:07:15,700 [INFO] ThirdParty:1030 - CMSIS Pack Vendor :STMicroelectronics X-CUBE-AI 10.2.0
2025-10-11 13:07:15,700 [INFO] ThirdParty:1030 - CMSIS Pack Vendor :STMicroelectronics FP-SNS-STAIOTCFT 1.0.0
2025-10-11 13:07:15,700 [INFO] ThirdParty:1030 - CMSIS Pack Vendor :STMicroelectronics ThreadX 1.0.0
2025-10-11 13:07:15,700 [INFO] ThirdParty:1030 - CMSIS Pack Vendor :STMicroelectronics FP-SNS-SMARTAG2 1.2.0
2025-10-11 13:07:15,700 [INFO] ThirdParty:1030 - CMSIS Pack Vendor :STMicroelectronics FP-SNS-FLIGHT1 5.1.0
2025-10-11 13:07:15,700 [INFO] ThirdParty:1030 - CMSIS Pack Vendor :STMicroelectronics X-CUBE-AZRTOS-WL 2.0.0
2025-10-11 13:07:15,700 [INFO] ThirdParty:1030 - CMSIS Pack Vendor :SEGGER I-CUBE-embOS 1.3.1
2025-10-11 13:07:15,700 [INFO] ThirdParty:1030 - CMSIS Pack Vendor :STMicroelectronics X-CUBE-ALGOBUILD 1.4.0
2025-10-11 13:07:15,700 [INFO] ThirdParty:1030 - CMSIS Pack Vendor :STMicroelectronics X-CUBE-DPower 1.3.0
2025-10-11 13:07:15,701 [INFO] ThirdParty:1030 - CMSIS Pack Vendor :STMicroelectronics X-CUBE-MEMS1 11.3.0
2025-10-11 13:07:15,701 [INFO] ThirdParty:1030 - CMSIS Pack Vendor :STMicroelectronics FP-SNS-MOTENV1 5.0.0
2025-10-11 13:07:15,701 [INFO] ThirdParty:1030 - CMSIS Pack Vendor :STMicroelectronics USB_DEVICE 1.0.0
2025-10-11 13:07:15,701 [INFO] ThirdParty:1030 - CMSIS Pack Vendor :STMicroelectronics X-CUBE-AZRTOS-L4 2.0.0
2025-10-11 13:07:15,701 [INFO] ThirdParty:1030 - CMSIS Pack Vendor :STMicroelectronics ThreadX 0.0.2
2025-10-11 13:07:15,701 [INFO] ThirdParty:1030 - CMSIS Pack Vendor :STMicroelectronics lwIP 2.1.2
2025-10-11 13:07:15,701 [INFO] ThirdParty:1030 - CMSIS Pack Vendor :STMicroelectronics X-CUBE-SFXS2LP1 4.0.0
2025-10-11 13:07:15,701 [INFO] ThirdParty:1030 - CMSIS Pack Vendor :STMicroelectronics X-CUBE-BLE2 3.3.0
2025-10-11 13:07:15,701 [INFO] ThirdParty:1030 - CMSIS Pack Vendor :STMicroelectronics X-CUBE-TOF1 3.4.3
2025-10-11 13:07:15,701 [INFO] ThirdParty:1030 - CMSIS Pack Vendor :STMicroelectronics PDM2PCM 3.2.0
2025-10-11 13:07:15,701 [INFO] ThirdParty:841 - exiting critical section [change project]
2025-10-11 13:07:15,827 [INFO] PinOutPanel:1589 - setPackage(No Configuration,No Configuration)
2025-10-11 13:07:15,828 [INFO] PinOutPanel:1589 - setPackage(STM32F446RETx,LQFP64)
2025-10-11 13:07:16,043 [INFO] UtilMem:75 - Before build in PCC Used Memory: 461607104 Bytes (914358272)
2025-10-11 13:07:16,332 [INFO] UtilMem:75 - After build in PCC Used Memory: 511416512 Bytes (914358272)
2025-10-11 13:07:16,360 [INFO] IPUIPlugin:80 - create IPUIPlugin
2025-10-11 13:07:16,360 [INFO] IPUIPlugin:80 - create IPUIPlugin
2025-10-11 13:07:16,360 [INFO] IPUIPlugin:80 - create IPUIPlugin
2025-10-11 13:07:16,360 [INFO] IPUIPlugin:80 - create IPUIPlugin
2025-10-11 13:07:16,360 [INFO] IPUIPlugin:80 - create IPUIPlugin
2025-10-11 13:07:16,360 [INFO] IPUIPlugin:80 - create IPUIPlugin
2025-10-11 13:07:16,360 [INFO] IPUIPlugin:80 - create IPUIPlugin
2025-10-11 13:07:16,360 [INFO] IPUIPlugin:80 - create IPUIPlugin
2025-10-11 13:07:16,360 [INFO] IPUIPlugin:80 - create IPUIPlugin
2025-10-11 13:07:16,360 [INFO] IPUIPlugin:80 - create IPUIPlugin
2025-10-11 13:07:16,361 [INFO] IPUIPlugin:80 - create IPUIPlugin
2025-10-11 13:07:16,361 [INFO] IPUIPlugin:80 - create IPUIPlugin
2025-10-11 13:07:16,361 [INFO] IPUIPlugin:80 - create IPUIPlugin
2025-10-11 13:07:16,361 [INFO] IPUIPlugin:80 - create IPUIPlugin
2025-10-11 13:07:16,361 [INFO] IPUIPlugin:80 - create IPUIPlugin
2025-10-11 13:07:16,361 [INFO] IPUIPlugin:80 - create IPUIPlugin
2025-10-11 13:07:16,361 [INFO] IPUIPlugin:80 - create IPUIPlugin
2025-10-11 13:07:16,362 [INFO] IPUIPlugin:80 - create IPUIPlugin
2025-10-11 13:07:16,363 [INFO] IPUIPlugin:80 - create IPUIPlugin
2025-10-11 13:07:16,363 [INFO] IPUIPlugin:80 - create IPUIPlugin
2025-10-11 13:07:16,363 [INFO] IPUIPlugin:80 - create IPUIPlugin
2025-10-11 13:07:16,363 [INFO] IPUIPlugin:80 - create IPUIPlugin
2025-10-11 13:07:16,363 [INFO] IPUIPlugin:80 - create IPUIPlugin
2025-10-11 13:07:16,364 [INFO] IPUIPlugin:80 - create IPUIPlugin
2025-10-11 13:07:16,364 [INFO] IPUIPlugin:80 - create IPUIPlugin
2025-10-11 13:07:16,364 [INFO] IPUIPlugin:80 - create IPUIPlugin
2025-10-11 13:07:16,364 [INFO] IPUIPlugin:80 - create IPUIPlugin
2025-10-11 13:07:16,364 [INFO] IPUIPlugin:80 - create IPUIPlugin
2025-10-11 13:07:16,365 [INFO] IPUIPlugin:80 - create IPUIPlugin
2025-10-11 13:07:16,365 [INFO] IPUIPlugin:80 - create IPUIPlugin
2025-10-11 13:07:16,365 [INFO] IPUIPlugin:80 - create IPUIPlugin
2025-10-11 13:07:16,365 [INFO] IPUIPlugin:80 - create IPUIPlugin
2025-10-11 13:07:16,366 [INFO] IPUIPlugin:80 - create IPUIPlugin
2025-10-11 13:07:16,366 [INFO] IPUIPlugin:80 - create IPUIPlugin
2025-10-11 13:07:16,366 [INFO] IPUIPlugin:80 - create IPUIPlugin
2025-10-11 13:07:16,366 [INFO] IPUIPlugin:80 - create IPUIPlugin
2025-10-11 13:07:16,366 [INFO] IPUIPlugin:80 - create IPUIPlugin
2025-10-11 13:07:16,367 [INFO] IPUIPlugin:80 - create IPUIPlugin
2025-10-11 13:07:16,367 [INFO] IPUIPlugin:80 - create IPUIPlugin
2025-10-11 13:07:16,367 [INFO] IPUIPlugin:80 - create IPUIPlugin
2025-10-11 13:07:16,367 [INFO] IPUIPlugin:80 - create IPUIPlugin
2025-10-11 13:07:16,368 [INFO] IPUIPlugin:80 - create IPUIPlugin
2025-10-11 13:07:16,368 [INFO] IPUIPlugin:80 - create IPUIPlugin
2025-10-11 13:07:16,368 [INFO] IPUIPlugin:80 - create IPUIPlugin
2025-10-11 13:07:16,369 [INFO] IPUIPlugin:80 - create IPUIPlugin
2025-10-11 13:07:16,369 [INFO] IPUIPlugin:80 - create IPUIPlugin
2025-10-11 13:07:16,369 [INFO] IPUIPlugin:80 - create IPUIPlugin
2025-10-11 13:07:16,369 [INFO] IPUIPlugin:80 - create IPUIPlugin
2025-10-11 13:07:16,370 [INFO] IPUIPlugin:80 - create IPUIPlugin
2025-10-11 13:07:16,370 [INFO] IPUIPlugin:80 - create IPUIPlugin
2025-10-11 13:07:16,370 [INFO] IPUIPlugin:80 - create IPUIPlugin
2025-10-11 13:07:16,370 [INFO] IPUIPlugin:80 - create IPUIPlugin
2025-10-11 13:07:16,371 [INFO] IPUIPlugin:80 - create IPUIPlugin
2025-10-11 13:07:16,371 [INFO] IPUIPlugin:80 - create IPUIPlugin
2025-10-11 13:07:16,372 [INFO] IPUIPlugin:80 - create IPUIPlugin
2025-10-11 13:07:16,372 [INFO] IPUIPlugin:80 - create IPUIPlugin
2025-10-11 13:07:16,372 [INFO] IPUIPlugin:80 - create IPUIPlugin
2025-10-11 13:07:16,373 [INFO] IPUIPlugin:80 - create IPUIPlugin
2025-10-11 13:07:16,374 [INFO] IPUIPlugin:80 - create IPUIPlugin
2025-10-11 13:07:16,374 [INFO] IPUIPlugin:80 - create IPUIPlugin
2025-10-11 13:07:16,374 [INFO] IPUIPlugin:80 - create IPUIPlugin
2025-10-11 13:07:16,377 [INFO] ApiDbMcu:532 - Load IP Config File for PDM2PCM
2025-10-11 13:07:16,378 [WARN] IP:2250 - I2C_Coeff_DF not found: check if there is a RefParameter without a condition.
2025-10-11 13:07:16,378 [WARN] IP:2250 - Analog_Filter not found: check if there is a RefParameter without a condition.
2025-10-11 13:07:16,435 [INFO] CADModel:165 - CPN selected for project levelSTM32F446RET6
2025-10-11 13:07:16,435 [INFO] CADModel:114 - Register for checkConnection events
2025-10-11 13:07:16,499 [INFO] OpenFileManager:386 - Restore cursor
2025-10-11 13:07:16,636 [WARN] IP:2250 - I2C_Coeff_DF not found: check if there is a RefParameter without a condition.
2025-10-11 13:07:16,636 [WARN] IP:2250 - Analog_Filter not found: check if there is a RefParameter without a condition.
2025-10-11 13:07:16,637 [WARN] IP:2250 - I2C_Coeff_DF not found: check if there is a RefParameter without a condition.
2025-10-11 13:07:16,637 [WARN] IP:2250 - Analog_Filter not found: check if there is a RefParameter without a condition.
2025-10-11 13:07:28,575 [WARN] IP:2250 - I2C_Coeff_DF not found: check if there is a RefParameter without a condition.
2025-10-11 13:07:28,575 [WARN] IP:2250 - Analog_Filter not found: check if there is a RefParameter without a condition.
2025-10-11 13:07:28,576 [WARN] IP:2250 - I2C_Coeff_DF not found: check if there is a RefParameter without a condition.
2025-10-11 13:07:28,576 [WARN] IP:2250 - Analog_Filter not found: check if there is a RefParameter without a condition.
2025-10-11 13:07:28,608 [WARN] IP:2250 - I2C_Coeff_DF not found: check if there is a RefParameter without a condition.
2025-10-11 13:07:28,608 [WARN] IP:2250 - Analog_Filter not found: check if there is a RefParameter without a condition.
2025-10-11 13:07:28,640 [WARN] IP:2250 - I2C_Coeff_DF not found: check if there is a RefParameter without a condition.
2025-10-11 13:07:28,640 [WARN] IP:2250 - Analog_Filter not found: check if there is a RefParameter without a condition.
2025-10-11 13:07:31,662 [WARN] IP:2250 - I2C_Coeff_DF not found: check if there is a RefParameter without a condition.
2025-10-11 13:07:31,663 [WARN] IP:2250 - Analog_Filter not found: check if there is a RefParameter without a condition.
2025-10-11 13:07:31,663 [WARN] IP:2250 - I2C_Coeff_DF not found: check if there is a RefParameter without a condition.
2025-10-11 13:07:31,663 [WARN] IP:2250 - Analog_Filter not found: check if there is a RefParameter without a condition.
2025-10-11 13:07:31,699 [WARN] IP:2250 - I2C_Coeff_DF not found: check if there is a RefParameter without a condition.
2025-10-11 13:07:31,699 [WARN] IP:2250 - Analog_Filter not found: check if there is a RefParameter without a condition.
2025-10-11 13:07:31,749 [WARN] IP:2250 - I2C_Coeff_DF not found: check if there is a RefParameter without a condition.
2025-10-11 13:07:31,749 [WARN] IP:2250 - Analog_Filter not found: check if there is a RefParameter without a condition.
2025-10-11 13:07:53,386 [WARN] IP:2250 - I2C_Coeff_DF not found: check if there is a RefParameter without a condition.
2025-10-11 13:07:53,386 [WARN] IP:2250 - Analog_Filter not found: check if there is a RefParameter without a condition.
2025-10-11 13:07:53,387 [WARN] IP:2250 - I2C_Coeff_DF not found: check if there is a RefParameter without a condition.
2025-10-11 13:07:53,387 [WARN] IP:2250 - Analog_Filter not found: check if there is a RefParameter without a condition.
2025-10-11 13:07:53,422 [WARN] IP:2250 - I2C_Coeff_DF not found: check if there is a RefParameter without a condition.
2025-10-11 13:07:53,422 [WARN] IP:2250 - Analog_Filter not found: check if there is a RefParameter without a condition.
2025-10-11 13:07:53,448 [WARN] IP:2250 - I2C_Coeff_DF not found: check if there is a RefParameter without a condition.
2025-10-11 13:07:53,449 [WARN] IP:2250 - Analog_Filter not found: check if there is a RefParameter without a condition.
2025-10-11 13:07:56,926 [WARN] IP:2250 - I2C_Coeff_DF not found: check if there is a RefParameter without a condition.
2025-10-11 13:07:56,926 [WARN] IP:2250 - Analog_Filter not found: check if there is a RefParameter without a condition.
2025-10-11 13:07:56,926 [WARN] IP:2250 - I2C_Coeff_DF not found: check if there is a RefParameter without a condition.
2025-10-11 13:07:56,926 [WARN] IP:2250 - Analog_Filter not found: check if there is a RefParameter without a condition.
2025-10-11 13:07:56,971 [WARN] IP:2250 - I2C_Coeff_DF not found: check if there is a RefParameter without a condition.
2025-10-11 13:07:56,971 [WARN] IP:2250 - Analog_Filter not found: check if there is a RefParameter without a condition.
2025-10-11 13:07:57,011 [WARN] IP:2250 - I2C_Coeff_DF not found: check if there is a RefParameter without a condition.
2025-10-11 13:07:57,012 [WARN] IP:2250 - Analog_Filter not found: check if there is a RefParameter without a condition.
2025-10-11 13:08:50,691 [WARN] IP:2250 - I2C_Coeff_DF not found: check if there is a RefParameter without a condition.
2025-10-11 13:08:50,692 [WARN] IP:2250 - Analog_Filter not found: check if there is a RefParameter without a condition.
2025-10-11 13:08:50,692 [WARN] IP:2250 - I2C_Coeff_DF not found: check if there is a RefParameter without a condition.
2025-10-11 13:08:50,692 [WARN] IP:2250 - Analog_Filter not found: check if there is a RefParameter without a condition.
2025-10-11 13:08:50,735 [WARN] IP:2250 - I2C_Coeff_DF not found: check if there is a RefParameter without a condition.
2025-10-11 13:08:50,736 [WARN] IP:2250 - Analog_Filter not found: check if there is a RefParameter without a condition.
2025-10-11 13:08:50,779 [WARN] IP:2250 - I2C_Coeff_DF not found: check if there is a RefParameter without a condition.
2025-10-11 13:08:50,780 [WARN] IP:2250 - Analog_Filter not found: check if there is a RefParameter without a condition.
2025-10-11 13:08:52,999 [WARN] IP:2250 - I2C_Coeff_DF not found: check if there is a RefParameter without a condition.
2025-10-11 13:08:53,000 [WARN] IP:2250 - Analog_Filter not found: check if there is a RefParameter without a condition.
2025-10-11 13:08:53,000 [WARN] IP:2250 - I2C_Coeff_DF not found: check if there is a RefParameter without a condition.
2025-10-11 13:08:53,000 [WARN] IP:2250 - Analog_Filter not found: check if there is a RefParameter without a condition.
2025-10-11 13:08:53,042 [WARN] IP:2250 - I2C_Coeff_DF not found: check if there is a RefParameter without a condition.
2025-10-11 13:08:53,042 [WARN] IP:2250 - Analog_Filter not found: check if there is a RefParameter without a condition.
2025-10-11 13:08:53,073 [WARN] IP:2250 - I2C_Coeff_DF not found: check if there is a RefParameter without a condition.
2025-10-11 13:08:53,073 [WARN] IP:2250 - Analog_Filter not found: check if there is a RefParameter without a condition.
2025-10-11 13:09:03,119 [INFO] UtilMem:75 - End SaveConfig() Used Memory: 562649904 Bytes (1073741824)
2025-10-11 13:09:04,562 [INFO] UtilMem:75 - End SaveConfig() Used Memory: 616103216 Bytes (1073741824)
2025-10-11 13:09:06,232 [INFO] UtilMem:75 - End SaveConfig() Used Memory: 695268656 Bytes (1073741824)
2025-10-11 13:09:06,655 [INFO] BlockDiagram:2775 - set Specific Code input for plugin: SPI
2025-10-11 13:09:06,655 [INFO] BlockDiagram:2775 - set Specific Code input for plugin: SYS
2025-10-11 13:09:06,655 [INFO] BlockDiagram:2775 - set Specific Code input for plugin: RCC
2025-10-11 13:09:06,655 [INFO] BlockDiagram:2775 - set Specific Code input for plugin: I2C
2025-10-11 13:09:06,655 [INFO] BlockDiagram:2775 - set Specific Code input for plugin: NVIC
2025-10-11 13:09:06,655 [INFO] BlockDiagram:2775 - set Specific Code input for plugin: USART
2025-10-11 13:09:06,655 [INFO] BlockDiagram:2775 - set Specific Code input for plugin: GPIO
2025-10-11 13:09:06,656 [INFO] CodeGenerator:892 - code generatio: config db path: C:\ST\STM32CubeIDE_1.19.0\STM32CubeIDE\plugins\com.st.stm32cube.common.mx_6.15.0.202507011659\\db\
2025-10-11 13:09:06,660 [WARN] IP:2250 - I2C_Coeff_DF not found: check if there is a RefParameter without a condition.
2025-10-11 13:09:06,660 [WARN] IP:2250 - Analog_Filter not found: check if there is a RefParameter without a condition.
2025-10-11 13:09:06,802 [INFO] IP:3329 - RTE Config file name : RTE_Component
2025-10-11 13:09:06,802 [INFO] IP:3347 - RTE template : RTE_Components.ftl
2025-10-11 13:09:06,820 [INFO] CodeEngine:265 - oldGeneratedFile, D:\CESE_25_Embebidos\tp_final_micro_com\MXTmpFiles\license.tmp_save
2025-10-11 13:09:07,159 [INFO] CodeEngine:289 - Generated code: D:\CESE_25_Embebidos\tp_final_micro_com\MXTmpFiles\license.tmp
2025-10-11 13:09:07,212 [INFO] CodeEngine:265 - oldGeneratedFile, D:\CESE_25_Embebidos\tp_final_micro_com\MXTmpFiles\gpio.tmp_save
2025-10-11 13:09:07,389 [INFO] CodeEngine:289 - Generated code: D:\CESE_25_Embebidos\tp_final_micro_com\MXTmpFiles\gpio.tmp
2025-10-11 13:09:07,534 [INFO] CodeEngine:265 - oldGeneratedFile, D:\CESE_25_Embebidos\tp_final_micro_com\Core\Src\stm32f4xx_it.c_save
2025-10-11 13:09:07,719 [INFO] CodeEngine:289 - Generated code: D:\CESE_25_Embebidos\tp_final_micro_com\Core\Src\stm32f4xx_it.c
2025-10-11 13:09:07,723 [INFO] CodeEngine:265 - oldGeneratedFile, D:\CESE_25_Embebidos\tp_final_micro_com\Core\Inc\stm32f4xx_it.h_save
2025-10-11 13:09:07,808 [INFO] CodeEngine:289 - Generated code: D:\CESE_25_Embebidos\tp_final_micro_com\Core\Inc\stm32f4xx_it.h
2025-10-11 13:09:07,823 [INFO] CodeEngine:265 - oldGeneratedFile, D:\CESE_25_Embebidos\tp_final_micro_com\Core\Src\stm32f4xx_hal_msp.c_save
2025-10-11 13:09:08,010 [INFO] CodeEngine:289 - Generated code: D:\CESE_25_Embebidos\tp_final_micro_com\Core\Src\stm32f4xx_hal_msp.c
2025-10-11 13:09:08,014 [INFO] CodeEngine:265 - oldGeneratedFile, D:\CESE_25_Embebidos\tp_final_micro_com\MXTmpFiles\system.tmp_save
2025-10-11 13:09:08,082 [INFO] CodeEngine:289 - Generated code: D:\CESE_25_Embebidos\tp_final_micro_com\MXTmpFiles\system.tmp
2025-10-11 13:09:08,100 [INFO] CodeEngine:321 - oldGeneratedFile, D:\CESE_25_Embebidos\tp_final_micro_com\Core\Inc\stm32f4xx_hal_conf.h_save
2025-10-11 13:09:08,235 [INFO] CodeEngine:345 - Generated code: D:\CESE_25_Embebidos\tp_final_micro_com\Core\Inc\stm32f4xx_hal_conf.h
2025-10-11 13:09:08,267 [WARN] IPConfigManager:3238 - Warning: the RefConfig PLL2P_FOR_MCO is not available in your config.xml file
2025-10-11 13:09:08,316 [INFO] ApiDbMcu:532 - Load IP Config File for I2C1
2025-10-11 13:09:08,319 [INFO] ApiDbMcu:532 - Load IP Config File for SPI1
2025-10-11 13:09:08,321 [INFO] ApiDbMcu:532 - Load IP Config File for USART2
2025-10-11 13:09:08,323 [INFO] ApiDbMcu:532 - Load IP Config File for RCC
2025-10-11 13:09:08,335 [INFO] CodeEngine:265 - oldGeneratedFile, D:\CESE_25_Embebidos\tp_final_micro_com\Core\Inc\main.h_save
2025-10-11 13:09:08,479 [INFO] CodeEngine:289 - Generated code: D:\CESE_25_Embebidos\tp_final_micro_com\Core\Inc\main.h
2025-10-11 13:09:08,485 [INFO] CodeEngine:265 - oldGeneratedFile, D:\CESE_25_Embebidos\tp_final_micro_com\Core\Src\main.c_save
2025-10-11 13:09:08,634 [INFO] CodeEngine:289 - Generated code: D:\CESE_25_Embebidos\tp_final_micro_com\Core\Src\main.c
2025-10-11 13:09:09,025 [INFO] ProjectBuilder:3606 - Time for Copy HAL[1] : 248mS.
2025-10-11 13:09:09,031 [INFO] ProjectBuilder:5216 - Project Generator version: 4.7.0-B52
2025-10-11 13:09:09,089 [INFO] ConfigFileManager:1595 - The Die is : DIE421
2025-10-11 13:09:09,097 [INFO] ApiDbMcu:532 - Load IP Config File for FATFS
2025-10-11 13:09:09,102 [INFO] ApiDbMcu:532 - Load IP Config File for FREERTOS
2025-10-11 13:09:09,104 [INFO] ApiDbMcu:532 - Load IP Config File for LIBJPEG
2025-10-11 13:09:09,108 [INFO] ApiDbMcu:532 - Load IP Config File for MBEDTLS
2025-10-11 13:09:09,114 [INFO] ApiDbMcu:532 - Load IP Config File for USB_DEVICE
2025-10-11 13:09:09,116 [INFO] ApiDbMcu:532 - Load IP Config File for USB_HOST
2025-10-11 13:09:09,440 [INFO] LogOutputStream:77 - [STDOUT_REDIRECT] 
2025-10-11 13:09:10,629 [INFO] ProjectBuilder:5496 - Time for Generating toolchain IDE Files: 1599mS.
2025-10-11 13:09:10,630 [INFO] ProjectBuilder:3463 - Time for Copy CMSIS : 1mS.
2025-10-11 13:09:10,631 [INFO] ProjectBuilder:3463 - Time for Copy CMSIS : 0mS.
2025-10-11 13:15:34,155 [ERROR] LogOutputStream:75 - [STDERR_REDIRECT] 
2025-10-11 13:15:34,156 [ERROR] LogOutputStream:75 - [STDERR_REDIRECT] 
2025-10-11 19:03:54,414 [INFO] Activator:176 - 


2025-10-11 19:03:54,417 [INFO] Activator:177 - !SESSION log4j initialized
2025-10-11 19:03:59,778 [INFO] LogOutputStream:77 - [STDOUT_REDIRECT] 
2025-10-11 19:04:03,651 [INFO] ApplicationProperties:184 - Using Application install path: C:\ST\STM32CubeIDE_1.19.0\STM32CubeIDE\plugins\com.st.stm32cube.common.mx_6.15.0.202507011659
2025-10-11 19:04:03,669 [INFO] DbMcusXml:78 - Set database path to: C:\ST\STM32CubeIDE_1.19.0\STM32CubeIDE\plugins\com.st.stm32cube.common.mx_6.15.0.202507011659\\db\/mcu/
2025-10-11 19:04:03,669 [INFO] ApiDb:274 - Set plugin database path to: C:\ST\STM32CubeIDE_1.19.0\STM32CubeIDE\plugins\com.st.stm32cube.common.mx_6.15.0.202507011659\\db\/plugins/boardmanager/
2025-10-11 19:04:03,669 [WARN] ApiDb:259 - Overriding images path with different value:  => C:\ST\STM32CubeIDE_1.19.0\STM32CubeIDE\plugins\com.st.stm32cube.common.mx_6.15.0.202507011659\\db\/plugins/mcufinder/images/
2025-10-11 19:04:03,684 [INFO] ApiDb:250 - Set database path to: C:\Users\Paulo\.stmcufinder\plugins\mcufinder//mcu/
2025-10-11 19:04:03,686 [INFO] DbMcusAds:125 - Set database path to: C:\Users\Paulo\.stmcufinder\plugins\mcufinder//mcu/
2025-10-11 19:04:03,689 [INFO] CrossReferenceDbSqlite:203 - Set database path to: C:\Users\Paulo\.stmcufinder\plugins\mcufinder//mcu/cs/
2025-10-11 19:04:03,829 [INFO] RulesReader:64 - Compatibility file has been processed (317 Rules)
2025-10-11 19:04:03,933 [INFO] DbMcusXml:78 - Set database path to: C:\ST\STM32CubeIDE_1.19.0\STM32CubeIDE\plugins\com.st.stm32cube.common.mx_6.15.0.202507011659\\db\/mcu/
2025-10-11 19:04:03,933 [INFO] ApiDb:274 - Set plugin database path to: C:\ST\STM32CubeIDE_1.19.0\STM32CubeIDE\plugins\com.st.stm32cube.common.mx_6.15.0.202507011659\\db\/plugins/boardmanager/
2025-10-11 19:04:03,933 [INFO] ApiDb:261 - Set plugin images path to: C:\ST\STM32CubeIDE_1.19.0\STM32CubeIDE\plugins\com.st.stm32cube.common.mx_6.15.0.202507011659\\db\/plugins/mcufinder/images/
2025-10-11 19:04:03,934 [WARN] DbFile:41 - Overriding database path with different value: C:\Users\Paulo\.stmcufinder\plugins\mcufinder/ => C:\Users\Paulo\.stmcufinder\plugins\mcufinder
2025-10-11 19:04:03,934 [INFO] ApiDb:250 - Set database path to: C:\Users\Paulo\.stmcufinder\plugins\mcufinder//mcu/
2025-10-11 19:04:03,934 [WARN] DbFile:41 - Overriding database path with different value: C:\Users\Paulo\.stmcufinder\plugins\mcufinder/ => C:\Users\Paulo\.stmcufinder\plugins\mcufinder
2025-10-11 19:04:03,934 [INFO] DbMcusAds:125 - Set database path to: C:\Users\Paulo\.stmcufinder\plugins\mcufinder//mcu/
2025-10-11 19:04:03,934 [WARN] DbFile:41 - Overriding database path with different value: C:\Users\Paulo\.stmcufinder\plugins\mcufinder/ => C:\Users\Paulo\.stmcufinder\plugins\mcufinder
2025-10-11 19:04:03,934 [WARN] DbFile:41 - Overriding database path with different value: C:\Users\Paulo\.stmcufinder\plugins\mcufinder/ => C:\Users\Paulo\.stmcufinder\plugins\mcufinder
2025-10-11 19:04:03,934 [INFO] CrossReferenceDbSqlite:203 - Set database path to: C:\Users\Paulo\.stmcufinder\plugins\mcufinder//mcu/cs/
2025-10-11 19:04:04,060 [INFO] MainPanel:274 - HeapMemory: 268435456
2025-10-11 19:04:04,192 [INFO] DbMcusXml:78 - Set database path to: C:\ST\STM32CubeIDE_1.19.0\STM32CubeIDE\plugins\com.st.stm32cube.common.mx_6.15.0.202507011659\\db\/mcu/
2025-10-11 19:04:04,192 [INFO] ApiDb:274 - Set plugin database path to: C:\ST\STM32CubeIDE_1.19.0\STM32CubeIDE\plugins\com.st.stm32cube.common.mx_6.15.0.202507011659\\db\/plugins/boardmanager/
2025-10-11 19:04:04,192 [INFO] ApiDb:261 - Set plugin images path to: C:\ST\STM32CubeIDE_1.19.0\STM32CubeIDE\plugins\com.st.stm32cube.common.mx_6.15.0.202507011659\\db\/plugins/mcufinder/images/
2025-10-11 19:04:04,193 [WARN] DbFile:41 - Overriding database path with different value: C:\Users\Paulo\.stmcufinder\plugins\mcufinder/ => C:\Users\Paulo\.stmcufinder\plugins\mcufinder
2025-10-11 19:04:04,193 [INFO] ApiDb:250 - Set database path to: C:\Users\Paulo\.stmcufinder\plugins\mcufinder//mcu/
2025-10-11 19:04:04,193 [WARN] DbFile:41 - Overriding database path with different value: C:\Users\Paulo\.stmcufinder\plugins\mcufinder/ => C:\Users\Paulo\.stmcufinder\plugins\mcufinder
2025-10-11 19:04:04,193 [INFO] DbMcusAds:125 - Set database path to: C:\Users\Paulo\.stmcufinder\plugins\mcufinder//mcu/
2025-10-11 19:04:04,193 [WARN] DbFile:41 - Overriding database path with different value: C:\Users\Paulo\.stmcufinder\plugins\mcufinder/ => C:\Users\Paulo\.stmcufinder\plugins\mcufinder
2025-10-11 19:04:04,193 [WARN] DbFile:41 - Overriding database path with different value: C:\Users\Paulo\.stmcufinder\plugins\mcufinder/ => C:\Users\Paulo\.stmcufinder\plugins\mcufinder
2025-10-11 19:04:04,194 [INFO] CrossReferenceDbSqlite:203 - Set database path to: C:\Users\Paulo\.stmcufinder\plugins\mcufinder//mcu/cs/
2025-10-11 19:04:04,218 [INFO] ApplicationProperties:184 - Using Application install path: C:\ST\STM32CubeIDE_1.19.0\STM32CubeIDE\plugins\com.st.stm32cube.common.mx_6.15.0.202507011659
2025-10-11 19:04:04,219 [INFO] PluginManage:196 - Search for loadable plugins [exclusion list=, ]
2025-10-11 19:04:04,221 [INFO] PluginManage:310 - Check plugin analytics
2025-10-11 19:04:04,465 [INFO] AnalyticsPlugin:253 - Accepted Software Licenses: 
2025-10-11 19:04:04,466 [INFO] AnalyticsPlugin:255 - Accepted CMSIS Pack Licenses: STMicroelectronics.X-CUBE-NFC10.1.0.0
2025-10-11 19:04:04,466 [INFO] AnalyticsPlugin:257 - Accepted Firmware Licenses: FW.F4.1.28.0,FW.F4.1.27.0
2025-10-11 19:04:04,468 [INFO] PluginManage:359 - Loaded plugin analytics (category:tool,tabindex:-1)
2025-10-11 19:04:04,469 [INFO] PluginManage:310 - Check plugin cadmodel
2025-10-11 19:04:04,477 [INFO] CADModel:105 - Init CAD model plugin
2025-10-11 19:04:04,477 [INFO] PluginManage:359 - Loaded plugin cadmodel (category:power,tabindex:5)
2025-10-11 19:04:04,477 [INFO] PluginManage:310 - Check plugin clock
2025-10-11 19:04:04,492 [INFO] PluginManage:359 - Loaded plugin clock (category:base,tabindex:2)
2025-10-11 19:04:04,493 [INFO] PluginManage:310 - Check plugin ddr
2025-10-11 19:04:04,495 [INFO] PluginManage:359 - Loaded plugin ddr (category:tool,tabindex:6)
2025-10-11 19:04:04,496 [INFO] PluginManage:310 - Check plugin filemanager
2025-10-11 19:04:04,660 [INFO] PluginManage:359 - Loaded plugin filemanager (category:base,tabindex:10)
2025-10-11 19:04:04,661 [INFO] PluginManage:310 - Check plugin ipmanager
2025-10-11 19:04:04,672 [INFO] PluginManage:359 - Loaded plugin ipmanager (category:base,tabindex:5)
2025-10-11 19:04:04,672 [INFO] PluginManage:310 - Check plugin lpbam
2025-10-11 19:04:04,681 [INFO] PluginManage:359 - Loaded plugin lpbam (category:base,tabindex:0)
2025-10-11 19:04:04,681 [INFO] PluginManage:310 - Check plugin memorymap
2025-10-11 19:04:04,701 [INFO] PluginManage:359 - Loaded plugin memorymap (category:base,tabindex:4)
2025-10-11 19:04:04,701 [INFO] PluginManage:310 - Check plugin pinoutandconfiguration
2025-10-11 19:04:04,717 [INFO] PluginManage:359 - Loaded plugin pinoutandconfiguration (category:base,tabindex:1)
2025-10-11 19:04:04,719 [INFO] PluginManage:310 - Check plugin pinoutconfig
2025-10-11 19:04:04,832 [WARN] SupportedApi:132 - Cannot load RTOS API schema: s4s-elt-must-match.1: The content of 'definitions' must match (annotation?, (simpleType | complexType)?, (unique | key | keyref)*)). A problem was found starting at: attribute.
2025-10-11 19:04:05,000 [INFO] PluginManage:359 - Loaded plugin pinoutconfig (category:base,tabindex:0)
2025-10-11 19:04:05,000 [INFO] PluginManage:310 - Check plugin power
2025-10-11 19:04:05,013 [INFO] PluginManage:359 - Loaded plugin power (category:power,tabindex:4)
2025-10-11 19:04:05,014 [INFO] PluginManage:310 - Check plugin projectmanager
2025-10-11 19:04:05,030 [INFO] PluginManage:359 - Loaded plugin projectmanager (category:projectmanager,tabindex:4)
2025-10-11 19:04:05,030 [INFO] PluginManage:310 - Check plugin rif
2025-10-11 19:04:05,043 [INFO] PluginManage:359 - Loaded plugin rif (category:base,tabindex:3)
2025-10-11 19:04:05,043 [INFO] PluginManage:310 - Check plugin thirdparty
2025-10-11 19:04:05,199 [WARN] IntegrityCheckThread:84 - waiting for thirdparty lock release [integrity check]
2025-10-11 19:04:05,200 [INFO] IntegrityCheckThread:86 - entering critical section [integrity check]
2025-10-11 19:04:05,200 [INFO] ThirdPartyUpdaterWithRetryManager:70 - Updater plugin not ready yet. [1/15]
2025-10-11 19:04:05,201 [INFO] PluginManage:359 - Loaded plugin thirdparty (category:base,tabindex:-1)
2025-10-11 19:04:05,201 [INFO] PluginManage:310 - Check plugin tools
2025-10-11 19:04:05,204 [INFO] PluginManage:359 - Loaded plugin tools (category:base,tabindex:7)
2025-10-11 19:04:05,204 [INFO] PluginManage:310 - Check plugin tutovideos
2025-10-11 19:04:05,455 [INFO] PluginManage:359 - Loaded plugin tutovideos (category:base,tabindex:-1)
2025-10-11 19:04:05,455 [INFO] PluginManage:310 - Check plugin updater
2025-10-11 19:04:05,481 [INFO] PluginManage:359 - Loaded plugin updater (category:base,tabindex:12)
2025-10-11 19:04:05,481 [INFO] PluginManage:310 - Check plugin userauth
2025-10-11 19:04:05,487 [INFO] UserAuth:118 - Init User Auth plugin
2025-10-11 19:04:05,488 [INFO] PluginManage:359 - Loaded plugin userauth (category:base,tabindex:14)
2025-10-11 19:04:05,488 [INFO] PluginManage:283 - PluginManage : Loaded plugins [18]
2025-10-11 19:04:05,764 [INFO] PinOutPanel:1589 - setPackage(No Configuration,No Configuration)
2025-10-11 19:04:05,877 [INFO] CADModel:165 - CPN selected for project level
2025-10-11 19:04:05,877 [INFO] CADModel:114 - Register for checkConnection events
2025-10-11 19:04:05,903 [INFO] IPUIPlugin:80 - create IPUIPlugin
2025-10-11 19:04:05,903 [INFO] PluginManager:220 - loadIPPluginJar : add adc
2025-10-11 19:04:05,906 [INFO] IPUIPlugin:80 - create IPUIPlugin
2025-10-11 19:04:05,907 [INFO] PluginManager:220 - loadIPPluginJar : add aes
2025-10-11 19:04:05,910 [INFO] IPUIPlugin:80 - create IPUIPlugin
2025-10-11 19:04:05,911 [INFO] PluginManager:220 - loadIPPluginJar : add can
2025-10-11 19:04:05,913 [INFO] IPUIPlugin:80 - create IPUIPlugin
2025-10-11 19:04:05,913 [INFO] PluginManager:220 - loadIPPluginJar : add comp
2025-10-11 19:04:05,918 [INFO] IPUIPlugin:80 - create IPUIPlugin
2025-10-11 19:04:05,918 [INFO] PluginManager:220 - loadIPPluginJar : add cryp
2025-10-11 19:04:05,924 [INFO] IPUIPlugin:80 - create IPUIPlugin
2025-10-11 19:04:05,926 [INFO] PluginManager:220 - loadIPPluginJar : add ddr_ctrl_phy
2025-10-11 19:04:05,930 [INFO] IPUIPlugin:80 - create IPUIPlugin
2025-10-11 19:04:05,930 [INFO] PluginManager:220 - loadIPPluginJar : add dfsdm
2025-10-11 19:04:05,936 [INFO] IPUIPlugin:80 - create IPUIPlugin
2025-10-11 19:04:05,936 [INFO] PluginManager:220 - loadIPPluginJar : add dma
2025-10-11 19:04:05,940 [INFO] IPUIPlugin:80 - create IPUIPlugin
2025-10-11 19:04:05,940 [INFO] PluginManager:220 - loadIPPluginJar : add dma3
2025-10-11 19:04:05,947 [INFO] IPUIPlugin:80 - create IPUIPlugin
2025-10-11 19:04:05,948 [INFO] PluginManager:220 - loadIPPluginJar : add extmemmanager
2025-10-11 19:04:05,952 [INFO] IPUIPlugin:80 - create IPUIPlugin
2025-10-11 19:04:05,952 [INFO] PluginManager:220 - loadIPPluginJar : add fatfs
2025-10-11 19:04:05,957 [INFO] IPUIPlugin:80 - create IPUIPlugin
2025-10-11 19:04:05,958 [INFO] PluginManager:220 - loadIPPluginJar : add fmc
2025-10-11 19:04:05,968 [INFO] IPUIPlugin:80 - create IPUIPlugin
2025-10-11 19:04:05,968 [INFO] PluginManager:220 - loadIPPluginJar : add freertos
2025-10-11 19:04:05,971 [INFO] IPUIPlugin:80 - create IPUIPlugin
2025-10-11 19:04:05,971 [INFO] PluginManager:220 - loadIPPluginJar : add genericplugin
2025-10-11 19:04:05,975 [INFO] IPUIPlugin:80 - create IPUIPlugin
2025-10-11 19:04:05,975 [INFO] PluginManager:220 - loadIPPluginJar : add gfxmmu
2025-10-11 19:04:05,983 [INFO] IPUIPlugin:80 - create IPUIPlugin
2025-10-11 19:04:05,984 [INFO] PluginManager:220 - loadIPPluginJar : add gic
2025-10-11 19:04:05,991 [INFO] IPUIPlugin:80 - create IPUIPlugin
2025-10-11 19:04:05,991 [INFO] PluginManager:220 - loadIPPluginJar : add gpio
2025-10-11 19:04:05,995 [INFO] IPUIPlugin:80 - create IPUIPlugin
2025-10-11 19:04:05,995 [INFO] PluginManager:220 - loadIPPluginJar : add gtzc
2025-10-11 19:04:06,000 [INFO] IPUIPlugin:80 - create IPUIPlugin
2025-10-11 19:04:06,001 [INFO] PluginManager:220 - loadIPPluginJar : add hash
2025-10-11 19:04:06,004 [INFO] IPUIPlugin:80 - create IPUIPlugin
2025-10-11 19:04:06,004 [INFO] PluginManager:220 - loadIPPluginJar : add i2c
2025-10-11 19:04:06,009 [INFO] IPUIPlugin:80 - create IPUIPlugin
2025-10-11 19:04:06,009 [INFO] PluginManager:220 - loadIPPluginJar : add i2s
2025-10-11 19:04:06,012 [INFO] IPUIPlugin:80 - create IPUIPlugin
2025-10-11 19:04:06,013 [INFO] PluginManager:220 - loadIPPluginJar : add i3c
2025-10-11 19:04:06,016 [INFO] IPUIPlugin:80 - create IPUIPlugin
2025-10-11 19:04:06,016 [INFO] PluginManager:220 - loadIPPluginJar : add ipddr
2025-10-11 19:04:06,022 [INFO] IPUIPlugin:80 - create IPUIPlugin
2025-10-11 19:04:06,022 [INFO] PluginManager:220 - loadIPPluginJar : add linkedlist
2025-10-11 19:04:06,026 [INFO] IPUIPlugin:80 - create IPUIPlugin
2025-10-11 19:04:06,026 [INFO] PluginManager:220 - loadIPPluginJar : add lorawan
2025-10-11 19:04:06,029 [INFO] IPUIPlugin:80 - create IPUIPlugin
2025-10-11 19:04:06,029 [INFO] PluginManager:220 - loadIPPluginJar : add ltdc
2025-10-11 19:04:06,036 [INFO] IPUIPlugin:80 - create IPUIPlugin
2025-10-11 19:04:06,036 [INFO] PluginManager:220 - loadIPPluginJar : add mdma
2025-10-11 19:04:06,041 [INFO] IPUIPlugin:80 - create IPUIPlugin
2025-10-11 19:04:06,041 [INFO] PluginManager:220 - loadIPPluginJar : add nvic
2025-10-11 19:04:06,045 [INFO] IPUIPlugin:80 - create IPUIPlugin
2025-10-11 19:04:06,045 [INFO] PluginManager:220 - loadIPPluginJar : add opamp
2025-10-11 19:04:06,050 [INFO] IPUIPlugin:80 - create IPUIPlugin
2025-10-11 19:04:06,051 [INFO] PluginManager:220 - loadIPPluginJar : add openamp
2025-10-11 19:04:06,056 [INFO] IPUIPlugin:80 - create IPUIPlugin
2025-10-11 19:04:06,056 [INFO] PluginManager:220 - loadIPPluginJar : add pdm2pcm
2025-10-11 19:04:06,062 [INFO] IPUIPlugin:80 - create IPUIPlugin
2025-10-11 19:04:06,065 [INFO] PluginManager:220 - loadIPPluginJar : add plateformsettings
2025-10-11 19:04:06,068 [INFO] IPUIPlugin:80 - create IPUIPlugin
2025-10-11 19:04:06,069 [INFO] PluginManager:220 - loadIPPluginJar : add quadspi
2025-10-11 19:04:06,072 [INFO] IPUIPlugin:80 - create IPUIPlugin
2025-10-11 19:04:06,072 [INFO] PluginManager:220 - loadIPPluginJar : add radio
2025-10-11 19:04:06,076 [INFO] IPUIPlugin:80 - create IPUIPlugin
2025-10-11 19:04:06,076 [INFO] PluginManager:220 - loadIPPluginJar : add resmgrutility
2025-10-11 19:04:06,080 [INFO] IPUIPlugin:80 - create IPUIPlugin
2025-10-11 19:04:06,080 [INFO] PluginManager:220 - loadIPPluginJar : add sai
2025-10-11 19:04:06,085 [INFO] IPUIPlugin:80 - create IPUIPlugin
2025-10-11 19:04:06,085 [INFO] PluginManager:220 - loadIPPluginJar : add spi
2025-10-11 19:04:06,092 [INFO] IPUIPlugin:80 - create IPUIPlugin
2025-10-11 19:04:06,092 [INFO] PluginManager:220 - loadIPPluginJar : add stm32_wpan
2025-10-11 19:04:06,094 [INFO] IPUIPlugin:80 - create IPUIPlugin
2025-10-11 19:04:06,094 [INFO] PluginManager:220 - loadIPPluginJar : add tim
2025-10-11 19:04:06,103 [INFO] IPUIPlugin:80 - create IPUIPlugin
2025-10-11 19:04:06,103 [INFO] PluginManager:220 - loadIPPluginJar : add touchsensing
2025-10-11 19:04:06,107 [INFO] IPUIPlugin:80 - create IPUIPlugin
2025-10-11 19:04:06,108 [INFO] PluginManager:220 - loadIPPluginJar : add tracer_emb
2025-10-11 19:04:06,111 [INFO] IPUIPlugin:80 - create IPUIPlugin
2025-10-11 19:04:06,111 [INFO] PluginManager:220 - loadIPPluginJar : add ts
2025-10-11 19:04:06,116 [INFO] IPUIPlugin:80 - create IPUIPlugin
2025-10-11 19:04:06,117 [INFO] PluginManager:220 - loadIPPluginJar : add tsc
2025-10-11 19:04:06,121 [INFO] IPUIPlugin:80 - create IPUIPlugin
2025-10-11 19:04:06,121 [INFO] PluginManager:220 - loadIPPluginJar : add ucpd
2025-10-11 19:04:06,127 [INFO] IPUIPlugin:80 - create IPUIPlugin
2025-10-11 19:04:06,127 [INFO] PluginManager:220 - loadIPPluginJar : add usart
2025-10-11 19:04:06,133 [INFO] IPUIPlugin:80 - create IPUIPlugin
2025-10-11 19:04:06,133 [INFO] PluginManager:220 - loadIPPluginJar : add usbx
2025-10-11 19:04:06,269 [FATAL] Updater:351 - Updater called before beeing initialized
2025-10-11 19:04:06,302 [INFO] RulesReader:64 - Compatibility file has been processed (317 Rules)
2025-10-11 19:04:06,315 [INFO] RulesReader:64 - Compatibility file has been processed (317 Rules)
2025-10-11 19:04:06,324 [INFO] CADModel:165 - CPN selected for project level
2025-10-11 19:04:06,325 [INFO] CADModel:114 - Register for checkConnection events
2025-10-11 19:04:06,325 [FATAL] Updater:351 - Updater called before beeing initialized
2025-10-11 19:04:06,325 [ERROR] CADModel:125 - Updater not yet initialized, retry later 
2025-10-11 19:04:06,508 [FATAL] Updater:351 - Updater called before beeing initialized
2025-10-11 19:04:06,510 [INFO] CADModel:165 - CPN selected for project level
2025-10-11 19:04:06,510 [INFO] CADModel:114 - Register for checkConnection events
2025-10-11 19:04:06,510 [FATAL] Updater:351 - Updater called before beeing initialized
2025-10-11 19:04:06,510 [ERROR] CADModel:125 - Updater not yet initialized, retry later 
2025-10-11 19:04:06,514 [FATAL] Updater:351 - Updater called before beeing initialized
2025-10-11 19:04:06,622 [FATAL] Updater:351 - Updater called before beeing initialized
2025-10-11 19:04:06,625 [INFO] DbMcusAds:53 - JSON generation date=Thu Oct 02 06:36:05 ART 2025 (1759397765645)
2025-10-11 19:04:06,626 [FATAL] Updater:351 - Updater called before beeing initialized
2025-10-11 19:04:06,675 [WARN] DetailPanel:346 - Failed to get advertising image, set to default
2025-10-11 19:04:06,751 [FATAL] Updater:351 - Updater called before beeing initialized
2025-10-11 19:04:06,752 [FATAL] Updater:351 - Updater called before beeing initialized
2025-10-11 19:04:06,752 [FATAL] Updater:351 - Updater called before beeing initialized
2025-10-11 19:04:06,752 [WARN] DetailPanel:346 - Failed to get advertising image, set to default
2025-10-11 19:04:06,754 [FATAL] Updater:351 - Updater called before beeing initialized
2025-10-11 19:04:06,808 [ERROR] Updater:1198 - MainUpdater not yet initialized. External WinMGr cannot be set.
2025-10-11 19:04:06,817 [INFO] Updater:1134 - Updater Version found : 6.15.0
2025-10-11 19:04:06,837 [INFO] ApplicationProperties:184 - Using Application install path: C:\ST\STM32CubeIDE_1.19.0\STM32CubeIDE\plugins\com.st.stm32cube.common.mx_6.15.0.202507011659
2025-10-11 19:04:08,201 [INFO] ThirdPartyUpdaterWithRetryManager:70 - Updater plugin not ready yet. [2/15]
2025-10-11 19:04:08,423 [ERROR] LogOutputStream:75 - [STDERR_REDIRECT] Oct 11, 2025 7:04:08 PM java.util.prefs.WindowsPreferences <init>
2025-10-11 19:04:08,425 [ERROR] LogOutputStream:75 - [STDERR_REDIRECT] WARNING: Could not open/create prefs root node Software\JavaSoft\Prefs at root 0xffffffff80000002. Windows RegCreateKeyEx(...) returned error code 5.
2025-10-11 19:04:08,425 [ERROR] LogOutputStream:75 - [STDERR_REDIRECT] 
2025-10-11 19:04:08,741 [INFO] MainUpdater:2872 - connection check result : 10
2025-10-11 19:04:08,742 [INFO] MainUpdater:289 - Updater Check For Update Now.
2025-10-11 19:04:08,742 [INFO] MicroXplorer:498 - Change Database Version : DB.6.0.150
2025-10-11 19:04:08,750 [INFO] McuFinderGlobals:63 - Set McuFinder mode to 2 (CubeIDE integrated)
2025-10-11 19:04:08,751 [INFO] UserAuth:487 - Internet connection configuration mode: 1
2025-10-11 19:04:08,783 [INFO] JxBrowserEngine:152 - Initiate JxBrowser Engine with user profile folder
2025-10-11 19:04:08,927 [INFO] CheckServerUpdateThread:120 - End of CheckServer Thread
2025-10-11 19:04:09,948 [INFO] WebApp:169 - Instantiating new browser for Auth
2025-10-11 19:04:10,889 [INFO] WebApp:463 - Apply proxy settings
2025-10-11 19:04:10,890 [INFO] WebApp:548 - Chromium requires no authentication
2025-10-11 19:04:10,934 [INFO] WebApp:491 - Direct internet connection detected
2025-10-11 19:04:11,004 [INFO] WebApp:900 - Register for checkConnection events
2025-10-11 19:04:11,004 [INFO] WebApp:463 - Apply proxy settings
2025-10-11 19:04:11,004 [INFO] WebApp:548 - Chromium requires no authentication
2025-10-11 19:04:11,005 [INFO] WebApp:491 - Direct internet connection detected
2025-10-11 19:04:11,186 [INFO] WebApp:191 - Connection restablished
2025-10-11 19:04:11,370 [INFO] WebApp:225 - Starting web application
2025-10-11 19:04:11,370 [INFO] WebApp:593 - Web application path used C:\ST\STM32CubeIDE_1.19.0\STM32CubeIDE\plugins\com.st.stm32cube.common.mx_6.15.0.202507011659\db\plugins\mcufinder\reactClient1\index.html
2025-10-11 19:04:11,480 [INFO] UserAuth:487 - Internet connection configuration mode: 1
2025-10-11 19:04:11,562 [WARN] PackLoader:240 - Cannot read IP mode file for STMicroelectronics.FP-SNS-MOTENVWB1.1.4.0
2025-10-11 19:04:11,582 [WARN] PackLoader:240 - Cannot read IP mode file for STMicroelectronics.FP-ATR-ASTRA1.2.0.2
2025-10-11 19:04:11,599 [WARN] PackLoader:240 - Cannot read IP mode file for STMicroelectronics.X-CUBE-SMBUS.2.1.0
2025-10-11 19:04:11,612 [WARN] PackLoader:240 - Cannot read IP mode file for STMicroelectronics.X-CUBE-ST60.1.0.0
2025-10-11 19:04:11,710 [WARN] PackLoader:240 - Cannot read IP mode file for STMicroelectronics.X-CUBE-AZRTOS-F7.1.1.0
2025-10-11 19:04:11,748 [WARN] PackLoader:240 - Cannot read IP mode file for Cesanta.I-CUBE-Mongoose.7.19.0
2025-10-11 19:04:11,764 [WARN] PackLoader:240 - Cannot read IP mode file for WES.I-CUBE-Cesium.1.4.0
2025-10-11 19:04:11,798 [WARN] PackLoader:240 - Cannot read IP mode file for Infineon.AIROC-Wi-Fi-Bluetooth-STM32.1.7.1
2025-10-11 19:04:11,835 [WARN] PackLoader:240 - Cannot read IP mode file for STMicroelectronics.X-CUBE-AZRTOS-H7.3.4.0
2025-10-11 19:04:11,854 [WARN] PackLoader:240 - Cannot read IP mode file for STMicroelectronics.X-CUBE-DISPLAY.3.0.0
2025-10-11 19:04:11,877 [WARN] PackLoader:240 - Cannot read IP mode file for STMicroelectronics.X-CUBE-NFC10.1.0.0
2025-10-11 19:04:11,994 [WARN] PackLoader:240 - Cannot read IP mode file for emotas.I-CUBE-CANOPEN.1.3.0
2025-10-11 19:04:12,001 [WARN] PackLoader:240 - Cannot read IP mode file for STMicroelectronics.FP-SNS-STBOX1.2.1.0
2025-10-11 19:04:12,010 [WARN] PackLoader:240 - Cannot read IP mode file for STMicroelectronics.FP-SNS-SMARTAG2.1.2.0
2025-10-11 19:04:12,014 [WARN] PackLoader:240 - Cannot read IP mode file for STMicroelectronics.FP-SNS-FLIGHT1.5.1.0
2025-10-11 19:04:12,024 [INFO] LogOutputStream:77 - [STDOUT_REDIRECT] 1 : Invalid condition id : UX_CORESTACK_Condition cause : null
2025-10-11 19:04:12,024 [INFO] LogOutputStream:77 - [STDOUT_REDIRECT] 1 : Invalid condition id : UX_CORESTACK_Condition cause : null
2025-10-11 19:04:12,025 [INFO] LogOutputStream:77 - [STDOUT_REDIRECT] 1 : Invalid condition id : UX_CORESTACK_Condition cause : null
2025-10-11 19:04:12,027 [INFO] LogOutputStream:77 - [STDOUT_REDIRECT] 1 : Invalid condition id : UX_CORESTACK_Condition cause : null
2025-10-11 19:04:12,027 [INFO] LogOutputStream:77 - [STDOUT_REDIRECT] 1 : Invalid condition id : UX_CORESTACK_Condition cause : null
2025-10-11 19:04:12,029 [WARN] PackLoader:240 - Cannot read IP mode file for STMicroelectronics.X-CUBE-AZRTOS-WL.2.0.0
2025-10-11 19:04:12,034 [WARN] PackLoader:240 - Cannot read IP mode file for STMicroelectronics.FP-SNS-MOTENV1.5.0.0
2025-10-11 19:04:12,041 [WARN] PackLoader:240 - Cannot read IP mode file for STMicroelectronics.X-CUBE-BLE2.3.3.0
2025-10-11 19:04:12,047 [WARN] PackLoader:240 - Cannot read IP mode file for STMicroelectronics.X-CUBE-NFC9.1.0.0
2025-10-11 19:04:12,056 [WARN] PackLoader:240 - Cannot read IP mode file for wolfSSL.I-CUBE-wolfSSL.5.8.2
2025-10-11 19:04:12,061 [WARN] PackLoader:240 - Cannot read IP mode file for STMicroelectronics.X-CUBE-BLE1.7.1.0
2025-10-11 19:04:12,065 [WARN] PackLoader:240 - Cannot read IP mode file for wolfSSL.I-CUBE-wolfMQTT.1.19.2
2025-10-11 19:04:12,072 [WARN] PackLoader:240 - Cannot read IP mode file for STMicroelectronics.X-CUBE-EEPRMA1.5.2.0
2025-10-11 19:04:12,088 [WARN] PackLoader:240 - Cannot read IP mode file for STMicroelectronics.X-CUBE-AZRTOS-G0.1.1.0
2025-10-11 19:04:12,096 [WARN] PackLoader:240 - Cannot read IP mode file for STMicroelectronics.X-CUBE-SAFEA1.1.2.2
2025-10-11 19:04:12,102 [WARN] PackLoader:240 - Cannot read IP mode file for STMicroelectronics.X-CUBE-NFC4.3.0.0
2025-10-11 19:04:12,114 [WARN] PackLoader:240 - Cannot read IP mode file for EmbeddedOffice.I-CUBE-FS-RTOS.1.0.1
2025-10-11 19:04:12,121 [WARN] PackLoader:240 - Cannot read IP mode file for STMicroelectronics.X-CUBE-WB05N.2.0.0
2025-10-11 19:04:12,127 [WARN] PackLoader:240 - Cannot read IP mode file for wolfSSL.I-CUBE-wolfTPM.3.8.0
2025-10-11 19:04:12,132 [WARN] PackLoader:240 - Cannot read IP mode file for STMicroelectronics.X-CUBE-TCPP.4.2.0
2025-10-11 19:04:12,140 [WARN] PackLoader:240 - Cannot read IP mode file for RealThread.X-CUBE-RT-Thread_Nano.4.1.1
2025-10-11 19:04:12,144 [WARN] PackLoader:240 - Cannot read IP mode file for STMicroelectronics.FP-ATR-SIGFOX1.3.2.0
2025-10-11 19:04:12,167 [WARN] PackLoader:240 - Cannot read IP mode file for ITTIA_DB.I-CUBE-ITTIADB.8.9.0
2025-10-11 19:04:12,182 [WARN] PackLoader:240 - Cannot read IP mode file for STMicroelectronics.X-CUBE-ST67W61.1.0.0
2025-10-11 19:04:12,192 [WARN] PackLoader:240 - Cannot read IP mode file for STMicroelectronics.X-CUBE-AI.10.2.0
2025-10-11 19:04:12,257 [WARN] PackLoader:240 - Cannot read IP mode file for SEGGER.I-CUBE-embOS.1.3.1
2025-10-11 19:04:12,309 [WARN] PackLoader:240 - Cannot read IP mode file for STMicroelectronics.X-CUBE-ALGOBUILD.1.4.0
2025-10-11 19:04:12,349 [WARN] PackLoader:240 - Cannot read IP mode file for STMicroelectronics.X-CUBE-MEMS1.11.3.0
2025-10-11 19:04:12,470 [WARN] PackLoader:240 - Cannot read IP mode file for STMicroelectronics.X-CUBE-PM33A1.1.0.0
2025-10-11 19:04:12,485 [WARN] PackLoader:240 - Cannot read IP mode file for STMicroelectronics.X-CUBE-AZRTOS-F4.1.1.0
2025-10-11 19:04:12,490 [WARN] PackLoader:240 - Cannot read IP mode file for Avnet-IotConnect.X-CUBE-IoTC-DA16k-PMOD.1.0.0
2025-10-11 19:04:12,503 [WARN] PackLoader:240 - Cannot read IP mode file for STMicroelectronics.X-CUBE-ISPU.2.1.0
2025-10-11 19:04:12,509 [WARN] PackLoader:240 - Cannot read IP mode file for STMicroelectronics.X-CUBE-NFC12.1.0.0
2025-10-11 19:04:12,523 [WARN] PackLoader:240 - Cannot read IP mode file for STMicroelectronics.X-CUBE-AZRTOS-L5.2.0.0
2025-10-11 19:04:12,534 [WARN] PackLoader:240 - Cannot read IP mode file for STMicroelectronics.X-CUBE-NFC6.3.1.0
2025-10-11 19:04:12,542 [WARN] PackLoader:240 - Cannot read IP mode file for STMicroelectronics.X-CUBE-FREERTOS.1.3.1
2025-10-11 19:04:12,548 [WARN] PackLoader:240 - Cannot read IP mode file for STMicroelectronics.X-CUBE-TOUCHGFX.4.26.0
2025-10-11 19:04:12,553 [WARN] PackLoader:240 - Cannot read IP mode file for STMicroelectronics.FP-SNS-STAIOTCFT.1.0.0
2025-10-11 19:04:12,558 [WARN] PackLoader:240 - Cannot read IP mode file for STMicroelectronics.X-CUBE-DPower.1.3.0
2025-10-11 19:04:12,574 [WARN] ConditionMgr:438 - getConditionDescription Invalid condition id : LAN8742 Phy interface Condition cause : null
2025-10-11 19:04:12,575 [WARN] PackLoader:240 - Cannot read IP mode file for STMicroelectronics.X-CUBE-AZRTOS-L4.2.0.0
2025-10-11 19:04:12,576 [WARN] ConditionMgr:1044 - genDependencies : Invalid condition id : LAN8742 Phy interface Condition cause : null
2025-10-11 19:04:12,576 [WARN] ConditionMgr:1044 - genDependencies : Invalid condition id : LAN8742 Phy interface Condition cause : null
2025-10-11 19:04:12,576 [WARN] ConditionMgr:1044 - genDependencies : Invalid condition id : LAN8742 Phy interface Condition cause : null
2025-10-11 19:04:12,587 [WARN] PackLoader:240 - Cannot read IP mode file for STMicroelectronics.X-CUBE-SFXS2LP1.4.0.0
2025-10-11 19:04:12,607 [WARN] PackLoader:240 - Cannot read IP mode file for STMicroelectronics.X-CUBE-BLEMGR.4.1.0
2025-10-11 19:04:12,620 [WARN] ConditionMgr:438 - getConditionDescription Invalid condition id : UX DEVICE CLASS RTOS Condition cause : null
2025-10-11 19:04:12,620 [WARN] ConditionMgr:438 - getConditionDescription Invalid condition id : UX DEVICE CLASS RTOS Condition cause : null
2025-10-11 19:04:12,622 [WARN] PackLoader:240 - Cannot read IP mode file for STMicroelectronics.X-CUBE-AZRTOS-WB.2.0.0
2025-10-11 19:04:12,622 [WARN] ConditionMgr:1044 - genDependencies : Invalid condition id : UX DEVICE CLASS RTOS Condition cause : null
2025-10-11 19:04:12,622 [WARN] ConditionMgr:1044 - genDependencies : Invalid condition id : UX DEVICE CLASS RTOS Condition cause : null
2025-10-11 19:04:12,622 [WARN] ConditionMgr:1044 - genDependencies : Invalid condition id : UX DEVICE CLASS RTOS Condition cause : null
2025-10-11 19:04:12,623 [WARN] ConditionMgr:1044 - genDependencies : Invalid condition id : UX DEVICE CLASS RTOS Condition cause : null
2025-10-11 19:04:12,623 [WARN] ConditionMgr:1044 - genDependencies : Invalid condition id : UX DEVICE CLASS RTOS Condition cause : null
2025-10-11 19:04:12,629 [WARN] PackLoader:240 - Cannot read IP mode file for STMicroelectronics.X-CUBE-GNSS1.7.0.1
2025-10-11 19:04:12,632 [WARN] PackLoader:240 - Cannot read IP mode file for STMicroelectronics.X-CUBE-TOUCHGFX.4.25.0
2025-10-11 19:04:12,636 [WARN] ConditionMgr:438 - getConditionDescription Invalid condition id : Cortex-A Device cause : null
2025-10-11 19:04:12,645 [WARN] ConditionMgr:1044 - genDependencies : Invalid condition id : Cortex-A Device cause : null
2025-10-11 19:04:12,645 [WARN] ConditionMgr:1044 - genDependencies : Invalid condition id : Cortex-A Device cause : null
2025-10-11 19:04:12,645 [WARN] ConditionMgr:1044 - genDependencies : Invalid condition id : Cortex-A Device cause : null
2025-10-11 19:04:12,654 [WARN] PackLoader:240 - Cannot read IP mode file for STMicroelectronics.X-CUBE-SUBG2.5.0.0
2025-10-11 19:04:12,673 [WARN] PackLoader:240 - Cannot read IP mode file for STMicroelectronics.X-CUBE-AZRTOS-H7RS.1.1.0
2025-10-11 19:04:12,678 [WARN] PackLoader:240 - Cannot read IP mode file for Cesanta.I-CUBE-Mongoose.7.13.0
2025-10-11 19:04:12,691 [WARN] PackLoader:240 - Cannot read IP mode file for STMicroelectronics.X-CUBE-AZRTOS-G4.2.0.0
2025-10-11 19:04:12,697 [WARN] PackLoader:240 - Cannot read IP mode file for wolfSSL.I-CUBE-wolfSSH.1.4.20
2025-10-11 19:04:12,701 [WARN] PackLoader:240 - Cannot read IP mode file for STMicroelectronics.X-CUBE-NFC7.2.0.0
2025-10-11 19:04:12,714 [WARN] PackLoader:240 - Cannot read IP mode file for STMicroelectronics.X-CUBE-IPS.3.1.0
2025-10-11 19:04:12,723 [WARN] PackLoader:240 - Cannot read IP mode file for STMicroelectronics.X-CUBE-ALS.1.0.2
2025-10-11 19:04:12,730 [WARN] PackLoader:240 - Cannot read IP mode file for STMicroelectronics.X-CUBE-STSE01.1.0.0
2025-10-11 19:04:12,734 [WARN] PackLoader:240 - Cannot read IP mode file for portGmbH.I-Cube-SoM-uGOAL.1.1.0
2025-10-11 19:04:12,743 [WARN] PackLoader:240 - Cannot read IP mode file for STMicroelectronics.X-CUBE-TOF1.3.4.3
2025-10-11 19:04:12,751 [INFO] ThirdParty:978 - Integrity check success = true
2025-10-11 19:04:12,751 [INFO] IntegrityCheckThread:100 - exiting critical section [integrity check]
2025-10-11 19:04:12,751 [INFO] IntegrityCheckThread:103 - End integrity checks thread
2025-10-11 19:10:58,203 [INFO] McuFinderGlobals:63 - Set McuFinder mode to 2 (CubeIDE integrated)
2025-10-11 19:10:58,210 [INFO] MainUpdater:2872 - connection check result : 10
2025-10-11 19:10:58,211 [INFO] MainUpdater:2872 - connection check result : 10
2025-10-11 19:10:58,250 [INFO] MicroXplorer:468 - Change Database Path : 
2025-10-11 19:10:58,250 [INFO] MicroXplorer:498 - Change Database Version : DB.6.0.150
2025-10-11 19:10:58,254 [WARN] ThirdParty:871 - waiting for thirdparty lock release [close project]
2025-10-11 19:10:58,254 [INFO] ThirdParty:873 - entering critical section [close project]
2025-10-11 19:10:58,255 [INFO] ThirdParty:883 - exiting critical section [close project]
2025-10-11 19:10:58,257 [INFO] PinOutPanel:1589 - setPackage(No Configuration,No Configuration)
2025-10-11 19:10:58,259 [INFO] UtilMem:75 - Begin LoadConfig() Used Memory: 690903920 Bytes (914358272)
2025-10-11 19:10:58,260 [INFO] MicroXplorer:468 - Change Database Path : 
2025-10-11 19:10:58,260 [INFO] MicroXplorer:498 - Change Database Version : DB.6.0.150
2025-10-11 19:10:58,260 [INFO] OpenFileManager:355 - Change cursor
2025-10-11 19:10:58,270 [INFO] ThirdPartyDownloadManager:103 - Found SW packSTMicroelectronics.X-CUBE-NFC10.1.0.0up-to-date on disk
2025-10-11 19:10:58,293 [INFO] Mcu:2029 - Initializing MCU STM32F446R(C-E)Tx STM32F446RETx STM32F446RET6
2025-10-11 19:10:59,739 [INFO] Context:786 - Trying to add GPIOservice into a context  which must be forbidden
2025-10-11 19:11:00,196 [INFO] ApiDbMcu:532 - Load IP Config File for STMicroelectronics.X-CUBE-NFC10.1.0.0
2025-10-11 19:11:00,303 [INFO] ImportTextPane:234 - (OptionalMessage_ERROR) Pin19 (VP_RIF_VS_RIF1) cannot be retrieved for this MCU
2025-10-11 19:11:00,378 [INFO] RtosManager:558 - Registered RTOS mode: class=CMSIS, group=RTOS, mode=CMSIS_V1, owner=FREERTOS
2025-10-11 19:11:00,378 [INFO] RtosManager:558 - Registered RTOS mode: class=CMSIS, group=RTOS2, mode=CMSIS_V2, owner=FREERTOS
2025-10-11 19:11:00,378 [INFO] RtosManager:558 - Registered RTOS mode: class=RTOS, group=Core, mode=CMSIS_V1, owner=FREERTOS
2025-10-11 19:11:00,378 [INFO] RtosManager:558 - Registered RTOS mode: class=RTOS, group=Core, mode=CMSIS_V2, owner=FREERTOS
2025-10-11 19:11:00,378 [WARN] ModelIntegratedComponent:184 - Missing modes for component STMicroelectronics:FreeRTOS:0.0.1:STMicroelectronics:RTOS:FreeRTOS:Core:::10.2.0:
2025-10-11 19:11:00,395 [WARN] ModelIntegratedComponent:63 - No mode defined for component null
2025-10-11 19:11:00,395 [WARN] ModelIntegratedComponent:63 - No mode defined for component null
2025-10-11 19:11:00,396 [WARN] ModelIntegratedComponent:63 - No mode defined for component null
2025-10-11 19:11:00,396 [WARN] ModelIntegratedComponent:63 - No mode defined for component null
2025-10-11 19:11:00,396 [WARN] ModelIntegratedComponent:63 - No mode defined for component null
2025-10-11 19:11:00,396 [WARN] ModelIntegratedComponent:63 - No mode defined for component null
2025-10-11 19:11:00,396 [WARN] ModelIntegratedComponent:63 - No mode defined for component null
2025-10-11 19:11:00,396 [WARN] ModelIntegratedComponent:63 - No mode defined for component null
2025-10-11 19:11:00,396 [WARN] ModelIntegratedComponent:63 - No mode defined for component null
2025-10-11 19:11:00,396 [WARN] ModelIntegratedComponent:63 - No mode defined for component null
2025-10-11 19:11:00,396 [WARN] ModelIntegratedComponent:63 - No mode defined for component null
2025-10-11 19:11:00,396 [WARN] ModelIntegratedComponent:63 - No mode defined for component null
2025-10-11 19:11:00,396 [WARN] ModelIntegratedComponent:63 - No mode defined for component null
2025-10-11 19:11:00,396 [WARN] ModelIntegratedComponent:63 - No mode defined for component null
2025-10-11 19:11:00,396 [WARN] ModelIntegratedComponent:63 - No mode defined for component null
2025-10-11 19:11:00,396 [WARN] ModelIntegratedComponent:63 - No mode defined for component null
2025-10-11 19:11:00,396 [WARN] ModelIntegratedComponent:63 - No mode defined for component null
2025-10-11 19:11:00,396 [WARN] ModelIntegratedComponent:63 - No mode defined for component null
2025-10-11 19:11:00,396 [WARN] ModelIntegratedComponent:63 - No mode defined for component null
2025-10-11 19:11:00,396 [WARN] ModelIntegratedComponent:63 - No mode defined for component null
2025-10-11 19:11:00,396 [WARN] ModelIntegratedComponent:63 - No mode defined for component null
2025-10-11 19:11:00,396 [WARN] ModelIntegratedComponent:63 - No mode defined for component null
2025-10-11 19:11:00,396 [WARN] ModelIntegratedComponent:63 - No mode defined for component null
2025-10-11 19:11:00,396 [WARN] ModelIntegratedComponent:63 - No mode defined for component null
2025-10-11 19:11:00,396 [WARN] ModelIntegratedComponent:63 - No mode defined for component null
2025-10-11 19:11:00,396 [WARN] ModelIntegratedComponent:63 - No mode defined for component null
2025-10-11 19:11:00,396 [WARN] ModelIntegratedComponent:63 - No mode defined for component null
2025-10-11 19:11:00,396 [WARN] ModelIntegratedComponent:63 - No mode defined for component null
2025-10-11 19:11:00,396 [WARN] ModelIntegratedComponent:63 - No mode defined for component null
2025-10-11 19:11:00,396 [WARN] ModelIntegratedComponent:63 - No mode defined for component null
2025-10-11 19:11:00,396 [WARN] ModelIntegratedComponent:63 - No mode defined for component null
2025-10-11 19:11:00,396 [WARN] ModelIntegratedComponent:63 - No mode defined for component null
2025-10-11 19:11:00,396 [WARN] ModelIntegratedComponent:63 - No mode defined for component null
2025-10-11 19:11:00,396 [WARN] ModelIntegratedComponent:63 - No mode defined for component null
2025-10-11 19:11:00,396 [WARN] ModelIntegratedComponent:63 - No mode defined for component null
2025-10-11 19:11:00,396 [WARN] ModelPack:524 - Component already loaded: STMicroelectronics:HAL Drivers:0.0.0:STMicroelectronics:Device:STMicro_Driver:XSPI:HAL::0.0.1:HAL_XSPI
2025-10-11 19:11:00,882 [INFO] ThirdPartyModel:298 - Start build external matchings
2025-10-11 19:11:01,106 [INFO] ThirdPartyModel:316 - End build external matchings
2025-10-11 19:11:01,117 [INFO] ImportTextPane:234 - (OptionalMessage_ERROR) IP (RCC) : Invalid parameter (48MHZClocksFreq_Value)
2025-10-11 19:11:01,118 [INFO] ImportTextPane:234 - (OptionalMessage_ERROR) IP (RCC) : Invalid parameter (EthernetFreq_Value)
2025-10-11 19:11:01,119 [INFO] ImportTextPane:234 - (OptionalMessage_ERROR) IP (RCC) : Parameter (FLatency) has Id (AdvancedSettings) currently not set
2025-10-11 19:11:01,120 [INFO] ImportTextPane:234 - (OptionalMessage_ERROR) IP (RCC) : Invalid parameter (FamilyName)
2025-10-11 19:11:01,120 [INFO] ImportTextPane:234 - (OptionalMessage_ERROR) IP (RCC) : Invalid parameter (I2SClocksFreq_Value)
2025-10-11 19:11:01,121 [INFO] ImportTextPane:234 - (OptionalMessage_ERROR) IP (RCC) : Parameter (SDIOFreq_Value) has invalid value (168000000)
2025-10-11 19:11:01,122 [INFO] ImportTextPane:234 - (OptionalMessage_ERROR) IP (RCC) : Parameter (USBFreq_Value) has invalid value (168000000)
2025-10-11 19:11:01,122 [INFO] ImportTextPane:234 - (OptionalMessage_ERROR) IP (RCC) : Invalid parameter (VCOInputMFreq_Value)
2025-10-11 19:11:01,122 [INFO] ImportTextPane:234 - (OptionalMessage_ERROR) IP (RCC) : Invalid parameter (VcooutputI2S)
2025-10-11 19:11:01,515 [INFO] ApiDb:581 - Connected to CubeFinder SQLite database (C:\Users\Paulo\.stmcufinder\plugins\mcufinder\mcu\cube-finder-db.db)
2025-10-11 19:11:01,612 [INFO] ApiDb:668 - CubeFinder database Data Model version=2.1
2025-10-11 19:11:01,612 [INFO] ApiDb:669 - CubeFinder database Configuration version=3.0.39
2025-10-11 19:11:01,612 [INFO] ApiDb:670 - CubeFinder database generation date=2025-08-25 (1756130511)
2025-10-11 19:11:01,612 [INFO] ApiDb:671 - CubeFinder database FW Pack versions=[FP-ATR-ASTRA1_V2.0.0, FP-SNS-FLIGHT1_V5.1.0, FP-SNS-MOTENV1_V5.0.0, FP-SNS-MOTENVWB1_V1.4.0, FP-SNS-SMARTAG2_V1.2.0, FP-SNS-STBOX1_V2.1.0, STM32Cube_FW_C0_V1.4.0, STM32Cube_FW_F4_V1.28.3, STM32Cube_FW_F7_V1.17.4, STM32Cube_FW_G0_V1.6.2, STM32Cube_FW_G4_V1.6.1, STM32Cube_FW_H5_V1.5.0, STM32Cube_FW_H7RS_V1.2.0, STM32Cube_FW_H7_V1.12.1, STM32Cube_FW_L0_V1.12.2, STM32Cube_FW_L4_V1.18.1, STM32Cube_FW_L5_V1.5.1, STM32Cube_FW_N6_V1.2.0, STM32Cube_FW_U0_V1.3.0, STM32Cube_FW_U3_V1.2.0, STM32Cube_FW_U5_V1.8.0, STM32Cube_FW_WB0_V1.3.0, STM32Cube_FW_WBA_V1.7.0, STM32Cube_FW_WB_V1.23.0, STM32Cube_FW_WL3_V1.2.0, STM32Cube_FW_WL_V1.3.1, X-CUBE-ALGOBUILD_V1.4.0, X-CUBE-ALS_V1.0.2, X-CUBE-AZRTOS-F4_V1.1.0, X-CUBE-AZRTOS-F7_V1.1.0, X-CUBE-AZRTOS-G0_V1.1.0, X-CUBE-AZRTOS-G4_V2.0.0, X-CUBE-AZRTOS-H7RS_V1.1.0, X-CUBE-AZRTOS-H7_V3.4.0, X-CUBE-AZRTOS-L4_V2.0.0, X-CUBE-AZRTOS-L5_V2.0.0, X-CUBE-AZRTOS-WB_V2.0.0, X-CUBE-AZRTOS-WL_V2.0.0, X-CUBE-BLE1_V7.1.0, X-CUBE-BLE2_V3.3.0, X-CUBE-BLEMGR_V4.1.0, X-CUBE-EEPRMA1_V5.2.0, X-CUBE-FREERTOS_V1.3.1, X-CUBE-GNSS1_V6.0.0, X-CUBE-MEMS1_V11.3.0, X-CUBE-NFC4_V3.0.0, X-CUBE-NFC7_V2.0.0, X-CUBE-SFXS2LP1_V4.0.0, X-CUBE-ST67W61_V1.0.0, X-CUBE-SUBG2_V5.0.0, X-CUBE-TOF1_V3.4.3]
2025-10-11 19:11:01,726 [INFO] DbBoardsSqlite:226 - include board P-NUCLEO-WB55-NUCLEO as a kit item of type 'Nucleo-64'
2025-10-11 19:11:01,726 [INFO] DbBoardsSqlite:226 - include board P-NUCLEO-WB55-USBDONGLE as a kit item of type 'Nucleo USB Dongle'
2025-10-11 19:11:01,727 [INFO] DbBoardsSqlite:226 - include board STEVAL-IDP005V1 as a kit item of type 'Evaluation Board'
2025-10-11 19:11:01,727 [INFO] DbBoardsSqlite:226 - include board STEVAL-IDP005V2 as a kit item of type 'Evaluation Board'
2025-10-11 19:11:02,068 [INFO] ApiDb:240 - Found 880 in-development CPN: [B-G473E-ZEST1S, B-WB1M-WPAN1, B-WBA5M-WPAN, B-WL5M-SUBG1, NUCLEO-C031C6, NUCLEO-C051C8, NUCLEO-C071RB, NUCLEO-C092RC, NUCLEO-H503RB, NUCLEO-H533RE, NUCLEO-H563ZI, NUCLEO-H7S3L8, NUCLEO-N657X0-Q, NUCLEO-U031R8, NUCLEO-U083RC, NUCLEO-U385RG-Q, NUCLEO-U545RE-Q, NUCLEO-U5A5ZJ-Q, NUCLEO-WB05KZ, NUCLEO-WB07CC, NUCLEO-WB09KE, NUCLEO-WBA52CG, NUCLEO-WBA55CG, NUCLEO-WL33CC1, NUCLEO-WL33CC2, STEVAL-PROTEUS1, STEVAL-SMARTAG2, STEVAL-STWINBX1, STM320518-EVAL, STM32C0116-DK, STM32C011D6Y3TR, STM32C011D6Y6TR, STM32C011F4P3, STM32C011F4P6, STM32C011F4U3, STM32C011F4U6TR, STM32C011F6P3, STM32C011F6P6, STM32C011F6U3, STM32C011F6U6TR, STM32C011J4M3, STM32C011J4M6, STM32C011J6M3, STM32C011J6M6, STM32C0316-DK, STM32C031C4T3, STM32C031C4T6, STM32C031C4U3, STM32C031C4U6, STM32C031C6T3, STM32C031C6T6, STM32C031C6U3, STM32C031C6U6, STM32C031F4P3, STM32C031F4P6, STM32C031F6P3, STM32C031F6P6, STM32C031G4U3, STM32C031G4U6, STM32C031G6U3, STM32C031G6U6, STM32C031K4T3, STM32C031K4T6, STM32C031K4U3, STM32C031K4U6, STM32C031K6T3, STM32C031K6T6, STM32C031K6U3, STM32C031K6U6, STM32C051C6T6, STM32C051C6U6, STM32C051C8T6, STM32C051C8U6, STM32C051D8Y6TR, STM32C051F6P6, STM32C051F8P6, STM32C051G6U6, STM32C051G8U6, STM32C051K6T6, STM32C051K6U6, STM32C051K8T6, STM32C071C8T6, STM32C071C8T6N, STM32C071C8U6, STM32C071C8U6N, STM32C071CBT6, STM32C071CBT6N, STM32C071CBU6, STM32C071CBU6N, STM32C071F8P6, STM32C071F8P6N, STM32C071FBP6, STM32C071FBP6N, STM32C071FBY6TR, STM32C071G8U6, STM32C071G8U6N, STM32C071GBU6, STM32C071GBU6N, STM32C071K8T6, STM32C071K8T6N, STM32C071K8U6, STM32C071K8U6N, STM32C071KBT6, STM32C071KBT6N, STM32C071KBU6, STM32C071KBU6N, STM32C071R8T6, STM32C071R8T6N, STM32C071RBI6N, STM32C071RBT6, STM32C071RBT6N, STM32C091CBT6, STM32C091CBU6, STM32C091CCT6, STM32C091CCU6, STM32C091ECY6TR, STM32C091FBP6, STM32C091FCP6, STM32C091GBU6, STM32C091GCU6, STM32C091KBT6, STM32C091KBU6, STM32C091KCT6, STM32C091KCU6, STM32C091RBT6, STM32C091RCI6, STM32C091RCT6, STM32C092CBT6, STM32C092CBU6, STM32C092CCT6, STM32C092CCU6, STM32C092ECY6TR, STM32C092FBP6, STM32C092FCP6, STM32C092GBU6, STM32C092GCU6, STM32C092KBT6, STM32C092KBU6, STM32C092KCT6, STM32C092KCU6, STM32C092RBT6, STM32C092RCI6, STM32C092RCT6, STM32G071K8TXN, STM32G071K8UXN, STM32G081GBU6N, STM32G081KBT6N, STM32G081KBUXN, STM32G0B1CCT6N, STM32G0B1KCT6, STM32G0B1NEY6TR, STM32G0B1RCT6N, STM32G0C1CCT6, STM32G0C1CCT6N, STM32G0C1CCU6N, STM32G0C1CET6N, STM32G0C1CEU6N, STM32G0C1KCT6, STM32G0C1NEY6TR, STM32G0C1RCI6N, STM32G0C1RCT6N, STM32G0C1REI6N, STM32G0C1RET6N, STM32G0C1VCI6, STM32G0C1VEI6, STM32G411C6T3, STM32G411C6T6, STM32G411C6U3, STM32G411C6U6, STM32G411C8T3, STM32G411C8T6, STM32G411C8U3, STM32G411C8U6, STM32G411CBT3, STM32G411CBT6, STM32G411CBU3, STM32G411CBU6, STM32G411K6T3, STM32G411K6T6, STM32G411K6U3, STM32G411K6U6, STM32G411K8T3, STM32G411K8T6, STM32G411K8U3, STM32G411K8U6, STM32G411KBT3, STM32G411KBT6, STM32G411KBU3, STM32G411KBU6, STM32G411M6T3, STM32G411M6T6, STM32G411M8T3, STM32G411M8T6, STM32G411MBT3, STM32G411MBT6, STM32G411R6T3, STM32G411R6T6, STM32G411R8T3, STM32G411R8T6, STM32G411RBT3, STM32G411RBT6, STM32G414CBT3, STM32G414CBT6, STM32G414CBU3, STM32G414CBU6, STM32G414CCT3, STM32G414CCT6, STM32G414CCU3, STM32G414CCU6, STM32G414MBT3, STM32G414MBT6, STM32G414MCT3, STM32G414MCT6, STM32G414RBT3, STM32G414RBT6, STM32G414RCT3, STM32G414RCT6, STM32G414VBT3, STM32G414VBT6, STM32G414VCT3, STM32G414VCT6, STM32G431CBT3Z, STM32G431RBT3Z, STM32G471CCT6, STM32G471CCU6, STM32G471CET3, STM32G471CET6, STM32G471CEU3, STM32G471CEU6, STM32G471MCT6, STM32G471MET3, STM32G471MET6, STM32G471MEY6TR, STM32G471QCT6, STM32G471QET3, STM32G471RCT6, STM32G471RET3, STM32G471RET6, STM32G471VCH6, STM32G471VCI6, STM32G471VCT6, STM32G471VEH3, STM32G471VEH6, STM32G471VEI3, STM32G471VEI6, STM32G471VET3, STM32G471VET6, STM32G473QET3Z, STM32G473RET3Z, STM32G474CCT6, STM32G491RET3Z, STM32H503CBT6, STM32H503CBU6, STM32H503EBY6TR, STM32H503KBU6, STM32H503RBT6, STM32H523CCT6, STM32H523CCU6, STM32H523CET6, STM32H523CEU6, STM32H523HEY6TR, STM32H523RCT6, STM32H523RET6, STM32H523VCI6, STM32H523VCT6, STM32H523VEI6, STM32H523VET6, STM32H523ZCJ6, STM32H523ZCT6, STM32H523ZEJ6, STM32H523ZET6, STM32H533CET6, STM32H533CEU6, STM32H533HEY6TR, STM32H533RET6, STM32H533VEI6, STM32H533VET6, STM32H533ZEJ6, STM32H533ZET6, STM32H562AGI6, STM32H562AII6, STM32H562IGK6, STM32H562IGT6, STM32H562IIK6, STM32H562IIT6, STM32H562RGT6, STM32H562RGV6, STM32H562RIT6, STM32H562RIV6, STM32H562VGT6, STM32H562VIT6, STM32H562ZGT6, STM32H562ZIT6, STM32H563AGI6, STM32H563AII3Q, STM32H563AII6, STM32H563IGK6, STM32H563IGT6, STM32H563IIK3Q, STM32H563IIK6, STM32H563IIT3Q, STM32H563IIT6, STM32H563MIY3QTR, STM32H563RGT6, STM32H563RGV6, STM32H563RIT6, STM32H563RIV6, STM32H563VGT6, STM32H563VIT3Q, STM32H563VIT6, STM32H563ZGT6, STM32H563ZIT3Q, STM32H563ZIT6, STM32H573AII3Q, STM32H573AII6, STM32H573I-DK, STM32H573IIK3Q, STM32H573IIK6, STM32H573IIT3Q, STM32H573IIT6, STM32H573MIY3QTR, STM32H573RIT6, STM32H573RIV6, STM32H573VIT3Q, STM32H573VIT6, STM32H573ZIT3Q, STM32H573ZIT6, STM32H7R3A8I6, STM32H7R3I8K6, STM32H7R3I8T6, STM32H7R3L8H6, STM32H7R3L8H6H, STM32H7R3R8V6, STM32H7R3V8H6, STM32H7R3V8T6, STM32H7R3V8Y6TR, STM32H7R3Z8J6, STM32H7R3Z8T6, STM32H7R7A8I6, STM32H7R7I8K6, STM32H7R7I8T6, STM32H7R7L8H6, STM32H7R7L8H6H, STM32H7R7Z8J6, STM32H7S3A8I6, STM32H7S3I8K6, STM32H7S3I8T6, STM32H7S3L8H6, STM32H7S3L8H6H, STM32H7S3R8V6, STM32H7S3V8H6, STM32H7S3V8T6, STM32H7S3V8Y6TR, STM32H7S3Z8J6, STM32H7S3Z8T6, STM32H7S78-DK, STM32H7S7A8I6, STM32H7S7I8K6, STM32H7S7I8T6, STM32H7S7L8H6, STM32H7S7L8H6H, STM32H7S7Z8J6, STM32L4R5QGI6STR, STM32MP131AAE3, STM32MP131AAF3, STM32MP131AAG3, STM32MP131CAE3, STM32MP131CAF3, STM32MP131CAG3, STM32MP131DAE7, STM32MP131DAF7, STM32MP131DAG7, STM32MP131FAE7, STM32MP131FAF7, STM32MP131FAG7, STM32MP133AAE3, STM32MP133AAF3, STM32MP133AAG3, STM32MP133CAE3, STM32MP133CAF3, STM32MP133CAG3, STM32MP133DAE7, STM32MP133DAF7, STM32MP133DAG7, STM32MP133FAE7, STM32MP133FAF7, STM32MP133FAG7, STM32MP135AAE3, STM32MP135AAF3, STM32MP135AAG3, STM32MP135CAE3, STM32MP135CAF3, STM32MP135CAG3, STM32MP135DAE7, STM32MP135DAF7, STM32MP135DAG7, STM32MP135F-DK, STM32MP135FAE7, STM32MP135FAF7, STM32MP135FAF7T, STM32MP135FAF7U, STM32MP135FAG7, STM32MP211AAL3, STM32MP211AAM3, STM32MP211AAN3, STM32MP211AAO3, STM32MP211CAL3, STM32MP211CAM3, STM32MP211CAN3, STM32MP211CAO3, STM32MP211DAL3, STM32MP211DAM3, STM32MP211DAN3, STM32MP211DAO3, STM32MP211FAL3, STM32MP211FAM3, STM32MP211FAN3, STM32MP211FAO3, STM32MP213AAL3, STM32MP213AAM3, STM32MP213AAN3, STM32MP213AAO3, STM32MP213CAL3, STM32MP213CAM3, STM32MP213CAN3, STM32MP213CAO3, STM32MP213DAL3, STM32MP213DAM3, STM32MP213DAN3, STM32MP213DAO3, STM32MP213FAL3, STM32MP213FAM3, STM32MP213FAN3, STM32MP213FAO3, STM32MP215AAL3, STM32MP215AAM3, STM32MP215AAN3, STM32MP215AAO3, STM32MP215CAL3, STM32MP215CAM3, STM32MP215CAN3, STM32MP215CAO3, STM32MP215DAL3, STM32MP215DAM3, STM32MP215DAN3, STM32MP215DAO3, STM32MP215F-DK, STM32MP215FAL3, STM32MP215FAM3, STM32MP215FAN3, STM32MP215FAO3, STM32MP231AAJ3, STM32MP231AAK3, STM32MP231AAL3, STM32MP231CAJ3, STM32MP231CAK3, STM32MP231CAL3, STM32MP231DAJ3, STM32MP231DAK3, STM32MP231DAL3, STM32MP231FAJ3, STM32MP231FAK3, STM32MP231FAL3, STM32MP233AAJ3, STM32MP233AAK3, STM32MP233AAL3, STM32MP233CAJ3, STM32MP233CAK3, STM32MP233CAL3, STM32MP233DAJ3, STM32MP233DAK3, STM32MP233DAL3, STM32MP233FAJ3, STM32MP233FAK3, STM32MP233FAL3, STM32MP235AAJ3, STM32MP235AAK3, STM32MP235AAL3, STM32MP235CAJ3, STM32MP235CAK3, STM32MP235CAL3, STM32MP235DAJ3, STM32MP235DAK3, STM32MP235DAL3, STM32MP235FAJ3, STM32MP235FAK3, STM32MP235FAL3, STM32MP251AAI3, STM32MP251AAK3, STM32MP251AAL3, STM32MP251CAI3, STM32MP251CAK3, STM32MP251CAL3, STM32MP251DAI3, STM32MP251DAK3, STM32MP251DAL3, STM32MP251FAI3, STM32MP251FAK3, STM32MP251FAL3, STM32MP253AAI3, STM32MP253AAK3, STM32MP253AAL3, STM32MP253CAI3, STM32MP253CAK3, STM32MP253CAL3, STM32MP253DAI3, STM32MP253DAK3, STM32MP253DAL3, STM32MP253FAI3, STM32MP253FAK3, STM32MP253FAL3, STM32MP255AAI3, STM32MP255AAK3, STM32MP255AAL3, STM32MP255CAI3, STM32MP255CAK3, STM32MP255CAL3, STM32MP255DAI3, STM32MP255DAK3, STM32MP255DAL3, STM32MP255FAI3, STM32MP255FAK3, STM32MP255FAL3, STM32MP257AAI3, STM32MP257AAK3, STM32MP257AAL3, STM32MP257CAI3, STM32MP257CAK3, STM32MP257CAL3, STM32MP257DAI3, STM32MP257DAK3, STM32MP257DAL3, STM32MP257F-DK, STM32MP257F-EV1, STM32MP257FAI3, STM32MP257FAK3, STM32MP257FAL3, STM32N645A0H3Q, STM32N645B0H3Q, STM32N645I0H3Q, STM32N645L0H3Q, STM32N645X0H3Q, STM32N645Z0H3Q, STM32N647A0H3Q, STM32N647B0H3Q, STM32N647I0H3Q, STM32N647L0H3Q, STM32N647X0H3Q, STM32N647Z0H3Q, STM32N655A0H3Q, STM32N655B0H3Q, STM32N655I0H3Q, STM32N655L0H3Q, STM32N655X0H3Q, STM32N655Z0H3Q, STM32N6570-DK, STM32N657A0H3Q, STM32N657B0H3Q, STM32N657I0H3Q, STM32N657L0H3Q, STM32N657X0H3Q, STM32N657Z0H3Q, STM32U031C6T6, STM32U031C6U6, STM32U031C8T6, STM32U031C8U6, STM32U031F4P6, STM32U031F6P6, STM32U031F8P6, STM32U031G6Y6TR, STM32U031G8Y6TR, STM32U031K4U6, STM32U031K6U6, STM32U031K8U6, STM32U031R6I6, STM32U031R6T6, STM32U031R8I6, STM32U031R8T6, STM32U073C8T6, STM32U073C8U6, STM32U073CBT6, STM32U073CBU6, STM32U073CCT6, STM32U073CCU6, STM32U073H8Y6TR, STM32U073HBY6TR, STM32U073HCY6TR, STM32U073K8U6, STM32U073KBU6, STM32U073KCU6, STM32U073M8I6, STM32U073M8T6, STM32U073MBI6, STM32U073MBT6, STM32U073MCI6, STM32U073MCT6, STM32U073R8I6, STM32U073R8T6, STM32U073RBI6, STM32U073RBT6, STM32U073RCI6, STM32U073RCT6, STM32U083C-DK, STM32U083CCT6, STM32U083CCU6, STM32U083HCY6TR, STM32U083KCU6, STM32U083MCI6, STM32U083MCT6, STM32U083RCI6, STM32U083RCT6, STM32U375CET6, STM32U375CET6Q, STM32U375CEU6, STM32U375CEU6Q, STM32U375CEY6QTR, STM32U375CGT6, STM32U375CGT6Q, STM32U375CGU6, STM32U375CGU6Q, STM32U375CGY6QTR, STM32U375KEU6, STM32U375KGU6, STM32U375REI6, STM32U375REI6Q, STM32U375RET6, STM32U375RET6Q, STM32U375REY6GTR, STM32U375REY6QTR, STM32U375RGI6, STM32U375RGI6Q, STM32U375RGT6, STM32U375RGT6Q, STM32U375RGY6GTR, STM32U375RGY6QTR, STM32U375VEI6, STM32U375VEI6Q, STM32U375VET6, STM32U375VET6Q, STM32U375VGI6, STM32U375VGI6Q, STM32U375VGT6, STM32U375VGT6Q, STM32U385CGT6, STM32U385CGT6Q, STM32U385CGU6, STM32U385CGU6Q, STM32U385CGY6QTR, STM32U385KGU6, STM32U385RGI6, STM32U385RGI6Q, STM32U385RGT6, STM32U385RGT6Q, STM32U385RGY6GTR, STM32U385RGY6QTR, STM32U385VGI6, STM32U385VGI6Q, STM32U385VGT6, STM32U385VGT6Q, STM32U535CBT6, STM32U535CBT6Q, STM32U535CBU6, STM32U535CBU6Q, STM32U535CCT6, STM32U535CCT6Q, STM32U535CCU6, STM32U535CCU6Q, STM32U535CET6, STM32U535CET6Q, STM32U535CEU6, STM32U535CEU6Q, STM32U535JEY6QTR, STM32U535NCY6QTR, STM32U535NEY6QTR, STM32U535RBI6, STM32U535RBI6Q, STM32U535RBT6, STM32U535RBT6Q, STM32U535RCI6, STM32U535RCI6Q, STM32U535RCT6, STM32U535RCT6Q, STM32U535REI6, STM32U535REI6Q, STM32U535RET6, STM32U535RET6Q, STM32U535VCI6, STM32U535VCI6Q, STM32U535VCT6, STM32U535VCT6Q, STM32U535VEI6, STM32U535VEI6Q, STM32U535VET6, STM32U535VET6Q, STM32U545CET6, STM32U545CET6Q, STM32U545CEU6, STM32U545CEU6Q, STM32U545JEY6QTR, STM32U545NEY6QTR, STM32U545REI6, STM32U545REI6Q, STM32U545RET6, STM32U545RET6Q, STM32U545VEI6, STM32U545VEI6Q, STM32U545VET6, STM32U545VET6Q, STM32U595AIH6, STM32U595AIH6Q, STM32U595AJH6, STM32U595AJH6Q, STM32U595QII6, STM32U595QII6Q, STM32U595QJI6, STM32U595QJI6Q, STM32U595RIT6, STM32U595RIT6Q, STM32U595RJT6, STM32U595RJT6Q, STM32U595VIT6, STM32U595VIT6Q, STM32U595VJT6, STM32U595VJT6Q, STM32U595ZIT6, STM32U595ZIT6Q, STM32U595ZIY6QTR, STM32U595ZJT6, STM32U595ZJT6Q, STM32U595ZJY6QTR, STM32U599BJY6QTR, STM32U599NIH6Q, STM32U599NJH6Q, STM32U599VIT6Q, STM32U599VJT6, STM32U599VJT6Q, STM32U599ZIT6Q, STM32U599ZIY6QTR, STM32U599ZJT6Q, STM32U599ZJY6QTR, STM32U5A5AJH6, STM32U5A5AJH6Q, STM32U5A5QII3Q , STM32U5A5QJI6, STM32U5A5QJI6Q, STM32U5A5RJT6, STM32U5A5RJT6Q, STM32U5A5VJT6, STM32U5A5VJT6Q, STM32U5A5ZJT6, STM32U5A5ZJT6Q, STM32U5A5ZJY6QTR, STM32U5A9BJY6QTR, STM32U5A9J-DK, STM32U5A9NJH6Q, STM32U5A9VJT6Q, STM32U5A9ZJT6Q, STM32U5A9ZJY6QTR, STM32U5F7VIT6, STM32U5F7VIT6Q, STM32U5F7VJT6, STM32U5F7VJT6Q, STM32U5F9BJY6QTR, STM32U5F9NJH6Q, STM32U5F9VIT6Q, STM32U5F9VJT6Q, STM32U5F9ZIJ6QTR, STM32U5F9ZIT6Q, STM32U5F9ZJJ6QTR, STM32U5F9ZJT6Q, STM32U5G7VJT6, STM32U5G7VJT6Q, STM32U5G9BJY6QTR, STM32U5G9J-DK1, STM32U5G9J-DK2, STM32U5G9NJH6Q, STM32U5G9VJT6Q, STM32U5G9ZJJ6QTR, STM32U5G9ZJT6Q, STM32WB05KZV6TR, STM32WB05KZV7TR, STM32WB05TZF6TR, STM32WB05TZF7TR, STM32WB06CCF6TR, STM32WB06CCF7TR, STM32WB06CCV6TR, STM32WB06CCV7TR, STM32WB06KCV6TR, STM32WB06KCV7TR, STM32WB07CCF6TR, STM32WB07CCF7TR, STM32WB07CCV6TR, STM32WB07CCV7TR, STM32WB07KCV6TR, STM32WB07KCV7TR, STM32WB09KEV6TR, STM32WB09KEV7TR, STM32WB09TEF6TR, STM32WB09TEF7TR, STM32WB1MMCH6, STM32WBA50KGU6, STM32WBA50KGU6TR, STM32WBA52CEU6, STM32WBA52CEU6TR, STM32WBA52CEU7, STM32WBA52CEU7TR, STM32WBA52CGU6, STM32WBA52CGU6TR, STM32WBA52CGU6U, STM32WBA52CGU7, STM32WBA52CGU7TR, STM32WBA52KEU6, STM32WBA52KEU6TR, STM32WBA52KGU6, STM32WBA52KGU6TR, STM32WBA54CEU6, STM32WBA54CEU6TR, STM32WBA54CEU7, STM32WBA54CEU7TR, STM32WBA54CGU6, STM32WBA54CGU6TR, STM32WBA54CGU7, STM32WBA54CGU7TR, STM32WBA54KEU6, STM32WBA54KEU6TR, STM32WBA54KEU7, STM32WBA54KEU7TR, STM32WBA54KGU6, STM32WBA54KGU6TR, STM32WBA54KGU7, STM32WBA54KGU7TR, STM32WBA55CEU6, STM32WBA55CEU6TR, STM32WBA55CEU7, STM32WBA55CEU7TR, STM32WBA55CGU6, STM32WBA55CGU6TR, STM32WBA55CGU6U, STM32WBA55CGU7, STM32WBA55CGU7TR, STM32WBA55G-DK1, STM32WBA55HEF6, STM32WBA55HEF7, STM32WBA55HGF6, STM32WBA55HGF7, STM32WBA55UEI6, STM32WBA55UEI6TR, STM32WBA55UEI7, STM32WBA55UEI7TR, STM32WBA55UGI6, STM32WBA55UGI6TR, STM32WBA55UGI7, STM32WBA55UGI7TR, STM32WBA5MMGH6TR, STM32WBA62MGF6, STM32WBA62MIF6, STM32WBA65MGF7, STM32WBA65MIF6, STM32WBA65MIF7, STM32WL30K8V6, STM32WL30KBV6, STM32WL31C8V6, STM32WL31CBV6, STM32WL31K8V6, STM32WL31KBV6, STM32WL33C8V6, STM32WL33C8V6X, STM32WL33CBV6, STM32WL33CBV6X, STM32WL33CCV6, STM32WL33CCV6A, STM32WL33CCV6X, STM32WL33K8V7, STM32WL33K8V7X, STM32WL33KBV7 , STM32WL33KBV7X, STM32WL33KCV7, STM32WL33KCV7X, STM32WL5MOCH6, STM32WL5MOCH6TR]
2025-10-11 19:11:02,372 [INFO] BoardInfo:889 - No configuration file found for board P-NUCLEO-WB55
2025-10-11 19:11:02,374 [INFO] DbBoards:161 - Kit is not supported: P-NUCLEO-WB55
2025-10-11 19:11:02,386 [INFO] BoardInfo:889 - No configuration file found for board STEVAL-BFA001V1B
2025-10-11 19:11:02,389 [INFO] DbBoards:161 - Kit is not supported: STEVAL-BFA001V1B
2025-10-11 19:11:02,391 [INFO] BoardInfo:889 - No configuration file found for board STEVAL-BFA001V2B
2025-10-11 19:11:02,393 [INFO] DbBoards:161 - Kit is not supported: STEVAL-BFA001V2B
2025-10-11 19:11:02,805 [INFO] DbBoards:168 - Found 212 boards, 209 are supported
2025-10-11 19:11:02,805 [INFO] DbBoards:169 - Found 212 boards, 43 of them is supported for  Bsp
2025-10-11 19:11:02,812 [INFO] ApiDb:668 - CubeFinder database Data Model version=2.1
2025-10-11 19:11:02,813 [INFO] ApiDb:669 - CubeFinder database Configuration version=3.0.39
2025-10-11 19:11:02,813 [INFO] ApiDb:670 - CubeFinder database generation date=2025-08-25 (1756130511)
2025-10-11 19:11:02,813 [INFO] ApiDb:671 - CubeFinder database FW Pack versions=[FP-ATR-ASTRA1_V2.0.0, FP-SNS-FLIGHT1_V5.1.0, FP-SNS-MOTENV1_V5.0.0, FP-SNS-MOTENVWB1_V1.4.0, FP-SNS-SMARTAG2_V1.2.0, FP-SNS-STBOX1_V2.1.0, STM32Cube_FW_C0_V1.4.0, STM32Cube_FW_F4_V1.28.3, STM32Cube_FW_F7_V1.17.4, STM32Cube_FW_G0_V1.6.2, STM32Cube_FW_G4_V1.6.1, STM32Cube_FW_H5_V1.5.0, STM32Cube_FW_H7RS_V1.2.0, STM32Cube_FW_H7_V1.12.1, STM32Cube_FW_L0_V1.12.2, STM32Cube_FW_L4_V1.18.1, STM32Cube_FW_L5_V1.5.1, STM32Cube_FW_N6_V1.2.0, STM32Cube_FW_U0_V1.3.0, STM32Cube_FW_U3_V1.2.0, STM32Cube_FW_U5_V1.8.0, STM32Cube_FW_WB0_V1.3.0, STM32Cube_FW_WBA_V1.7.0, STM32Cube_FW_WB_V1.23.0, STM32Cube_FW_WL3_V1.2.0, STM32Cube_FW_WL_V1.3.1, X-CUBE-ALGOBUILD_V1.4.0, X-CUBE-ALS_V1.0.2, X-CUBE-AZRTOS-F4_V1.1.0, X-CUBE-AZRTOS-F7_V1.1.0, X-CUBE-AZRTOS-G0_V1.1.0, X-CUBE-AZRTOS-G4_V2.0.0, X-CUBE-AZRTOS-H7RS_V1.1.0, X-CUBE-AZRTOS-H7_V3.4.0, X-CUBE-AZRTOS-L4_V2.0.0, X-CUBE-AZRTOS-L5_V2.0.0, X-CUBE-AZRTOS-WB_V2.0.0, X-CUBE-AZRTOS-WL_V2.0.0, X-CUBE-BLE1_V7.1.0, X-CUBE-BLE2_V3.3.0, X-CUBE-BLEMGR_V4.1.0, X-CUBE-EEPRMA1_V5.2.0, X-CUBE-FREERTOS_V1.3.1, X-CUBE-GNSS1_V6.0.0, X-CUBE-MEMS1_V11.3.0, X-CUBE-NFC4_V3.0.0, X-CUBE-NFC7_V2.0.0, X-CUBE-SFXS2LP1_V4.0.0, X-CUBE-ST67W61_V1.0.0, X-CUBE-SUBG2_V5.0.0, X-CUBE-TOF1_V3.4.3]
2025-10-11 19:11:04,834 [INFO] ApiDb:240 - Found 880 in-development CPN: [B-G473E-ZEST1S, B-WB1M-WPAN1, B-WBA5M-WPAN, B-WL5M-SUBG1, NUCLEO-C031C6, NUCLEO-C051C8, NUCLEO-C071RB, NUCLEO-C092RC, NUCLEO-H503RB, NUCLEO-H533RE, NUCLEO-H563ZI, NUCLEO-H7S3L8, NUCLEO-N657X0-Q, NUCLEO-U031R8, NUCLEO-U083RC, NUCLEO-U385RG-Q, NUCLEO-U545RE-Q, NUCLEO-U5A5ZJ-Q, NUCLEO-WB05KZ, NUCLEO-WB07CC, NUCLEO-WB09KE, NUCLEO-WBA52CG, NUCLEO-WBA55CG, NUCLEO-WL33CC1, NUCLEO-WL33CC2, STEVAL-PROTEUS1, STEVAL-SMARTAG2, STEVAL-STWINBX1, STM320518-EVAL, STM32C0116-DK, STM32C011D6Y3TR, STM32C011D6Y6TR, STM32C011F4P3, STM32C011F4P6, STM32C011F4U3, STM32C011F4U6TR, STM32C011F6P3, STM32C011F6P6, STM32C011F6U3, STM32C011F6U6TR, STM32C011J4M3, STM32C011J4M6, STM32C011J6M3, STM32C011J6M6, STM32C0316-DK, STM32C031C4T3, STM32C031C4T6, STM32C031C4U3, STM32C031C4U6, STM32C031C6T3, STM32C031C6T6, STM32C031C6U3, STM32C031C6U6, STM32C031F4P3, STM32C031F4P6, STM32C031F6P3, STM32C031F6P6, STM32C031G4U3, STM32C031G4U6, STM32C031G6U3, STM32C031G6U6, STM32C031K4T3, STM32C031K4T6, STM32C031K4U3, STM32C031K4U6, STM32C031K6T3, STM32C031K6T6, STM32C031K6U3, STM32C031K6U6, STM32C051C6T6, STM32C051C6U6, STM32C051C8T6, STM32C051C8U6, STM32C051D8Y6TR, STM32C051F6P6, STM32C051F8P6, STM32C051G6U6, STM32C051G8U6, STM32C051K6T6, STM32C051K6U6, STM32C051K8T6, STM32C071C8T6, STM32C071C8T6N, STM32C071C8U6, STM32C071C8U6N, STM32C071CBT6, STM32C071CBT6N, STM32C071CBU6, STM32C071CBU6N, STM32C071F8P6, STM32C071F8P6N, STM32C071FBP6, STM32C071FBP6N, STM32C071FBY6TR, STM32C071G8U6, STM32C071G8U6N, STM32C071GBU6, STM32C071GBU6N, STM32C071K8T6, STM32C071K8T6N, STM32C071K8U6, STM32C071K8U6N, STM32C071KBT6, STM32C071KBT6N, STM32C071KBU6, STM32C071KBU6N, STM32C071R8T6, STM32C071R8T6N, STM32C071RBI6N, STM32C071RBT6, STM32C071RBT6N, STM32C091CBT6, STM32C091CBU6, STM32C091CCT6, STM32C091CCU6, STM32C091ECY6TR, STM32C091FBP6, STM32C091FCP6, STM32C091GBU6, STM32C091GCU6, STM32C091KBT6, STM32C091KBU6, STM32C091KCT6, STM32C091KCU6, STM32C091RBT6, STM32C091RCI6, STM32C091RCT6, STM32C092CBT6, STM32C092CBU6, STM32C092CCT6, STM32C092CCU6, STM32C092ECY6TR, STM32C092FBP6, STM32C092FCP6, STM32C092GBU6, STM32C092GCU6, STM32C092KBT6, STM32C092KBU6, STM32C092KCT6, STM32C092KCU6, STM32C092RBT6, STM32C092RCI6, STM32C092RCT6, STM32G071K8TXN, STM32G071K8UXN, STM32G081GBU6N, STM32G081KBT6N, STM32G081KBUXN, STM32G0B1CCT6N, STM32G0B1KCT6, STM32G0B1NEY6TR, STM32G0B1RCT6N, STM32G0C1CCT6, STM32G0C1CCT6N, STM32G0C1CCU6N, STM32G0C1CET6N, STM32G0C1CEU6N, STM32G0C1KCT6, STM32G0C1NEY6TR, STM32G0C1RCI6N, STM32G0C1RCT6N, STM32G0C1REI6N, STM32G0C1RET6N, STM32G0C1VCI6, STM32G0C1VEI6, STM32G411C6T3, STM32G411C6T6, STM32G411C6U3, STM32G411C6U6, STM32G411C8T3, STM32G411C8T6, STM32G411C8U3, STM32G411C8U6, STM32G411CBT3, STM32G411CBT6, STM32G411CBU3, STM32G411CBU6, STM32G411K6T3, STM32G411K6T6, STM32G411K6U3, STM32G411K6U6, STM32G411K8T3, STM32G411K8T6, STM32G411K8U3, STM32G411K8U6, STM32G411KBT3, STM32G411KBT6, STM32G411KBU3, STM32G411KBU6, STM32G411M6T3, STM32G411M6T6, STM32G411M8T3, STM32G411M8T6, STM32G411MBT3, STM32G411MBT6, STM32G411R6T3, STM32G411R6T6, STM32G411R8T3, STM32G411R8T6, STM32G411RBT3, STM32G411RBT6, STM32G414CBT3, STM32G414CBT6, STM32G414CBU3, STM32G414CBU6, STM32G414CCT3, STM32G414CCT6, STM32G414CCU3, STM32G414CCU6, STM32G414MBT3, STM32G414MBT6, STM32G414MCT3, STM32G414MCT6, STM32G414RBT3, STM32G414RBT6, STM32G414RCT3, STM32G414RCT6, STM32G414VBT3, STM32G414VBT6, STM32G414VCT3, STM32G414VCT6, STM32G431CBT3Z, STM32G431RBT3Z, STM32G471CCT6, STM32G471CCU6, STM32G471CET3, STM32G471CET6, STM32G471CEU3, STM32G471CEU6, STM32G471MCT6, STM32G471MET3, STM32G471MET6, STM32G471MEY6TR, STM32G471QCT6, STM32G471QET3, STM32G471RCT6, STM32G471RET3, STM32G471RET6, STM32G471VCH6, STM32G471VCI6, STM32G471VCT6, STM32G471VEH3, STM32G471VEH6, STM32G471VEI3, STM32G471VEI6, STM32G471VET3, STM32G471VET6, STM32G473QET3Z, STM32G473RET3Z, STM32G474CCT6, STM32G491RET3Z, STM32H503CBT6, STM32H503CBU6, STM32H503EBY6TR, STM32H503KBU6, STM32H503RBT6, STM32H523CCT6, STM32H523CCU6, STM32H523CET6, STM32H523CEU6, STM32H523HEY6TR, STM32H523RCT6, STM32H523RET6, STM32H523VCI6, STM32H523VCT6, STM32H523VEI6, STM32H523VET6, STM32H523ZCJ6, STM32H523ZCT6, STM32H523ZEJ6, STM32H523ZET6, STM32H533CET6, STM32H533CEU6, STM32H533HEY6TR, STM32H533RET6, STM32H533VEI6, STM32H533VET6, STM32H533ZEJ6, STM32H533ZET6, STM32H562AGI6, STM32H562AII6, STM32H562IGK6, STM32H562IGT6, STM32H562IIK6, STM32H562IIT6, STM32H562RGT6, STM32H562RGV6, STM32H562RIT6, STM32H562RIV6, STM32H562VGT6, STM32H562VIT6, STM32H562ZGT6, STM32H562ZIT6, STM32H563AGI6, STM32H563AII3Q, STM32H563AII6, STM32H563IGK6, STM32H563IGT6, STM32H563IIK3Q, STM32H563IIK6, STM32H563IIT3Q, STM32H563IIT6, STM32H563MIY3QTR, STM32H563RGT6, STM32H563RGV6, STM32H563RIT6, STM32H563RIV6, STM32H563VGT6, STM32H563VIT3Q, STM32H563VIT6, STM32H563ZGT6, STM32H563ZIT3Q, STM32H563ZIT6, STM32H573AII3Q, STM32H573AII6, STM32H573I-DK, STM32H573IIK3Q, STM32H573IIK6, STM32H573IIT3Q, STM32H573IIT6, STM32H573MIY3QTR, STM32H573RIT6, STM32H573RIV6, STM32H573VIT3Q, STM32H573VIT6, STM32H573ZIT3Q, STM32H573ZIT6, STM32H7R3A8I6, STM32H7R3I8K6, STM32H7R3I8T6, STM32H7R3L8H6, STM32H7R3L8H6H, STM32H7R3R8V6, STM32H7R3V8H6, STM32H7R3V8T6, STM32H7R3V8Y6TR, STM32H7R3Z8J6, STM32H7R3Z8T6, STM32H7R7A8I6, STM32H7R7I8K6, STM32H7R7I8T6, STM32H7R7L8H6, STM32H7R7L8H6H, STM32H7R7Z8J6, STM32H7S3A8I6, STM32H7S3I8K6, STM32H7S3I8T6, STM32H7S3L8H6, STM32H7S3L8H6H, STM32H7S3R8V6, STM32H7S3V8H6, STM32H7S3V8T6, STM32H7S3V8Y6TR, STM32H7S3Z8J6, STM32H7S3Z8T6, STM32H7S78-DK, STM32H7S7A8I6, STM32H7S7I8K6, STM32H7S7I8T6, STM32H7S7L8H6, STM32H7S7L8H6H, STM32H7S7Z8J6, STM32L4R5QGI6STR, STM32MP131AAE3, STM32MP131AAF3, STM32MP131AAG3, STM32MP131CAE3, STM32MP131CAF3, STM32MP131CAG3, STM32MP131DAE7, STM32MP131DAF7, STM32MP131DAG7, STM32MP131FAE7, STM32MP131FAF7, STM32MP131FAG7, STM32MP133AAE3, STM32MP133AAF3, STM32MP133AAG3, STM32MP133CAE3, STM32MP133CAF3, STM32MP133CAG3, STM32MP133DAE7, STM32MP133DAF7, STM32MP133DAG7, STM32MP133FAE7, STM32MP133FAF7, STM32MP133FAG7, STM32MP135AAE3, STM32MP135AAF3, STM32MP135AAG3, STM32MP135CAE3, STM32MP135CAF3, STM32MP135CAG3, STM32MP135DAE7, STM32MP135DAF7, STM32MP135DAG7, STM32MP135F-DK, STM32MP135FAE7, STM32MP135FAF7, STM32MP135FAF7T, STM32MP135FAF7U, STM32MP135FAG7, STM32MP211AAL3, STM32MP211AAM3, STM32MP211AAN3, STM32MP211AAO3, STM32MP211CAL3, STM32MP211CAM3, STM32MP211CAN3, STM32MP211CAO3, STM32MP211DAL3, STM32MP211DAM3, STM32MP211DAN3, STM32MP211DAO3, STM32MP211FAL3, STM32MP211FAM3, STM32MP211FAN3, STM32MP211FAO3, STM32MP213AAL3, STM32MP213AAM3, STM32MP213AAN3, STM32MP213AAO3, STM32MP213CAL3, STM32MP213CAM3, STM32MP213CAN3, STM32MP213CAO3, STM32MP213DAL3, STM32MP213DAM3, STM32MP213DAN3, STM32MP213DAO3, STM32MP213FAL3, STM32MP213FAM3, STM32MP213FAN3, STM32MP213FAO3, STM32MP215AAL3, STM32MP215AAM3, STM32MP215AAN3, STM32MP215AAO3, STM32MP215CAL3, STM32MP215CAM3, STM32MP215CAN3, STM32MP215CAO3, STM32MP215DAL3, STM32MP215DAM3, STM32MP215DAN3, STM32MP215DAO3, STM32MP215F-DK, STM32MP215FAL3, STM32MP215FAM3, STM32MP215FAN3, STM32MP215FAO3, STM32MP231AAJ3, STM32MP231AAK3, STM32MP231AAL3, STM32MP231CAJ3, STM32MP231CAK3, STM32MP231CAL3, STM32MP231DAJ3, STM32MP231DAK3, STM32MP231DAL3, STM32MP231FAJ3, STM32MP231FAK3, STM32MP231FAL3, STM32MP233AAJ3, STM32MP233AAK3, STM32MP233AAL3, STM32MP233CAJ3, STM32MP233CAK3, STM32MP233CAL3, STM32MP233DAJ3, STM32MP233DAK3, STM32MP233DAL3, STM32MP233FAJ3, STM32MP233FAK3, STM32MP233FAL3, STM32MP235AAJ3, STM32MP235AAK3, STM32MP235AAL3, STM32MP235CAJ3, STM32MP235CAK3, STM32MP235CAL3, STM32MP235DAJ3, STM32MP235DAK3, STM32MP235DAL3, STM32MP235FAJ3, STM32MP235FAK3, STM32MP235FAL3, STM32MP251AAI3, STM32MP251AAK3, STM32MP251AAL3, STM32MP251CAI3, STM32MP251CAK3, STM32MP251CAL3, STM32MP251DAI3, STM32MP251DAK3, STM32MP251DAL3, STM32MP251FAI3, STM32MP251FAK3, STM32MP251FAL3, STM32MP253AAI3, STM32MP253AAK3, STM32MP253AAL3, STM32MP253CAI3, STM32MP253CAK3, STM32MP253CAL3, STM32MP253DAI3, STM32MP253DAK3, STM32MP253DAL3, STM32MP253FAI3, STM32MP253FAK3, STM32MP253FAL3, STM32MP255AAI3, STM32MP255AAK3, STM32MP255AAL3, STM32MP255CAI3, STM32MP255CAK3, STM32MP255CAL3, STM32MP255DAI3, STM32MP255DAK3, STM32MP255DAL3, STM32MP255FAI3, STM32MP255FAK3, STM32MP255FAL3, STM32MP257AAI3, STM32MP257AAK3, STM32MP257AAL3, STM32MP257CAI3, STM32MP257CAK3, STM32MP257CAL3, STM32MP257DAI3, STM32MP257DAK3, STM32MP257DAL3, STM32MP257F-DK, STM32MP257F-EV1, STM32MP257FAI3, STM32MP257FAK3, STM32MP257FAL3, STM32N645A0H3Q, STM32N645B0H3Q, STM32N645I0H3Q, STM32N645L0H3Q, STM32N645X0H3Q, STM32N645Z0H3Q, STM32N647A0H3Q, STM32N647B0H3Q, STM32N647I0H3Q, STM32N647L0H3Q, STM32N647X0H3Q, STM32N647Z0H3Q, STM32N655A0H3Q, STM32N655B0H3Q, STM32N655I0H3Q, STM32N655L0H3Q, STM32N655X0H3Q, STM32N655Z0H3Q, STM32N6570-DK, STM32N657A0H3Q, STM32N657B0H3Q, STM32N657I0H3Q, STM32N657L0H3Q, STM32N657X0H3Q, STM32N657Z0H3Q, STM32U031C6T6, STM32U031C6U6, STM32U031C8T6, STM32U031C8U6, STM32U031F4P6, STM32U031F6P6, STM32U031F8P6, STM32U031G6Y6TR, STM32U031G8Y6TR, STM32U031K4U6, STM32U031K6U6, STM32U031K8U6, STM32U031R6I6, STM32U031R6T6, STM32U031R8I6, STM32U031R8T6, STM32U073C8T6, STM32U073C8U6, STM32U073CBT6, STM32U073CBU6, STM32U073CCT6, STM32U073CCU6, STM32U073H8Y6TR, STM32U073HBY6TR, STM32U073HCY6TR, STM32U073K8U6, STM32U073KBU6, STM32U073KCU6, STM32U073M8I6, STM32U073M8T6, STM32U073MBI6, STM32U073MBT6, STM32U073MCI6, STM32U073MCT6, STM32U073R8I6, STM32U073R8T6, STM32U073RBI6, STM32U073RBT6, STM32U073RCI6, STM32U073RCT6, STM32U083C-DK, STM32U083CCT6, STM32U083CCU6, STM32U083HCY6TR, STM32U083KCU6, STM32U083MCI6, STM32U083MCT6, STM32U083RCI6, STM32U083RCT6, STM32U375CET6, STM32U375CET6Q, STM32U375CEU6, STM32U375CEU6Q, STM32U375CEY6QTR, STM32U375CGT6, STM32U375CGT6Q, STM32U375CGU6, STM32U375CGU6Q, STM32U375CGY6QTR, STM32U375KEU6, STM32U375KGU6, STM32U375REI6, STM32U375REI6Q, STM32U375RET6, STM32U375RET6Q, STM32U375REY6GTR, STM32U375REY6QTR, STM32U375RGI6, STM32U375RGI6Q, STM32U375RGT6, STM32U375RGT6Q, STM32U375RGY6GTR, STM32U375RGY6QTR, STM32U375VEI6, STM32U375VEI6Q, STM32U375VET6, STM32U375VET6Q, STM32U375VGI6, STM32U375VGI6Q, STM32U375VGT6, STM32U375VGT6Q, STM32U385CGT6, STM32U385CGT6Q, STM32U385CGU6, STM32U385CGU6Q, STM32U385CGY6QTR, STM32U385KGU6, STM32U385RGI6, STM32U385RGI6Q, STM32U385RGT6, STM32U385RGT6Q, STM32U385RGY6GTR, STM32U385RGY6QTR, STM32U385VGI6, STM32U385VGI6Q, STM32U385VGT6, STM32U385VGT6Q, STM32U535CBT6, STM32U535CBT6Q, STM32U535CBU6, STM32U535CBU6Q, STM32U535CCT6, STM32U535CCT6Q, STM32U535CCU6, STM32U535CCU6Q, STM32U535CET6, STM32U535CET6Q, STM32U535CEU6, STM32U535CEU6Q, STM32U535JEY6QTR, STM32U535NCY6QTR, STM32U535NEY6QTR, STM32U535RBI6, STM32U535RBI6Q, STM32U535RBT6, STM32U535RBT6Q, STM32U535RCI6, STM32U535RCI6Q, STM32U535RCT6, STM32U535RCT6Q, STM32U535REI6, STM32U535REI6Q, STM32U535RET6, STM32U535RET6Q, STM32U535VCI6, STM32U535VCI6Q, STM32U535VCT6, STM32U535VCT6Q, STM32U535VEI6, STM32U535VEI6Q, STM32U535VET6, STM32U535VET6Q, STM32U545CET6, STM32U545CET6Q, STM32U545CEU6, STM32U545CEU6Q, STM32U545JEY6QTR, STM32U545NEY6QTR, STM32U545REI6, STM32U545REI6Q, STM32U545RET6, STM32U545RET6Q, STM32U545VEI6, STM32U545VEI6Q, STM32U545VET6, STM32U545VET6Q, STM32U595AIH6, STM32U595AIH6Q, STM32U595AJH6, STM32U595AJH6Q, STM32U595QII6, STM32U595QII6Q, STM32U595QJI6, STM32U595QJI6Q, STM32U595RIT6, STM32U595RIT6Q, STM32U595RJT6, STM32U595RJT6Q, STM32U595VIT6, STM32U595VIT6Q, STM32U595VJT6, STM32U595VJT6Q, STM32U595ZIT6, STM32U595ZIT6Q, STM32U595ZIY6QTR, STM32U595ZJT6, STM32U595ZJT6Q, STM32U595ZJY6QTR, STM32U599BJY6QTR, STM32U599NIH6Q, STM32U599NJH6Q, STM32U599VIT6Q, STM32U599VJT6, STM32U599VJT6Q, STM32U599ZIT6Q, STM32U599ZIY6QTR, STM32U599ZJT6Q, STM32U599ZJY6QTR, STM32U5A5AJH6, STM32U5A5AJH6Q, STM32U5A5QII3Q , STM32U5A5QJI6, STM32U5A5QJI6Q, STM32U5A5RJT6, STM32U5A5RJT6Q, STM32U5A5VJT6, STM32U5A5VJT6Q, STM32U5A5ZJT6, STM32U5A5ZJT6Q, STM32U5A5ZJY6QTR, STM32U5A9BJY6QTR, STM32U5A9J-DK, STM32U5A9NJH6Q, STM32U5A9VJT6Q, STM32U5A9ZJT6Q, STM32U5A9ZJY6QTR, STM32U5F7VIT6, STM32U5F7VIT6Q, STM32U5F7VJT6, STM32U5F7VJT6Q, STM32U5F9BJY6QTR, STM32U5F9NJH6Q, STM32U5F9VIT6Q, STM32U5F9VJT6Q, STM32U5F9ZIJ6QTR, STM32U5F9ZIT6Q, STM32U5F9ZJJ6QTR, STM32U5F9ZJT6Q, STM32U5G7VJT6, STM32U5G7VJT6Q, STM32U5G9BJY6QTR, STM32U5G9J-DK1, STM32U5G9J-DK2, STM32U5G9NJH6Q, STM32U5G9VJT6Q, STM32U5G9ZJJ6QTR, STM32U5G9ZJT6Q, STM32WB05KZV6TR, STM32WB05KZV7TR, STM32WB05TZF6TR, STM32WB05TZF7TR, STM32WB06CCF6TR, STM32WB06CCF7TR, STM32WB06CCV6TR, STM32WB06CCV7TR, STM32WB06KCV6TR, STM32WB06KCV7TR, STM32WB07CCF6TR, STM32WB07CCF7TR, STM32WB07CCV6TR, STM32WB07CCV7TR, STM32WB07KCV6TR, STM32WB07KCV7TR, STM32WB09KEV6TR, STM32WB09KEV7TR, STM32WB09TEF6TR, STM32WB09TEF7TR, STM32WB1MMCH6, STM32WBA50KGU6, STM32WBA50KGU6TR, STM32WBA52CEU6, STM32WBA52CEU6TR, STM32WBA52CEU7, STM32WBA52CEU7TR, STM32WBA52CGU6, STM32WBA52CGU6TR, STM32WBA52CGU6U, STM32WBA52CGU7, STM32WBA52CGU7TR, STM32WBA52KEU6, STM32WBA52KEU6TR, STM32WBA52KGU6, STM32WBA52KGU6TR, STM32WBA54CEU6, STM32WBA54CEU6TR, STM32WBA54CEU7, STM32WBA54CEU7TR, STM32WBA54CGU6, STM32WBA54CGU6TR, STM32WBA54CGU7, STM32WBA54CGU7TR, STM32WBA54KEU6, STM32WBA54KEU6TR, STM32WBA54KEU7, STM32WBA54KEU7TR, STM32WBA54KGU6, STM32WBA54KGU6TR, STM32WBA54KGU7, STM32WBA54KGU7TR, STM32WBA55CEU6, STM32WBA55CEU6TR, STM32WBA55CEU7, STM32WBA55CEU7TR, STM32WBA55CGU6, STM32WBA55CGU6TR, STM32WBA55CGU6U, STM32WBA55CGU7, STM32WBA55CGU7TR, STM32WBA55G-DK1, STM32WBA55HEF6, STM32WBA55HEF7, STM32WBA55HGF6, STM32WBA55HGF7, STM32WBA55UEI6, STM32WBA55UEI6TR, STM32WBA55UEI7, STM32WBA55UEI7TR, STM32WBA55UGI6, STM32WBA55UGI6TR, STM32WBA55UGI7, STM32WBA55UGI7TR, STM32WBA5MMGH6TR, STM32WBA62MGF6, STM32WBA62MIF6, STM32WBA65MGF7, STM32WBA65MIF6, STM32WBA65MIF7, STM32WL30K8V6, STM32WL30KBV6, STM32WL31C8V6, STM32WL31CBV6, STM32WL31K8V6, STM32WL31KBV6, STM32WL33C8V6, STM32WL33C8V6X, STM32WL33CBV6, STM32WL33CBV6X, STM32WL33CCV6, STM32WL33CCV6A, STM32WL33CCV6X, STM32WL33K8V7, STM32WL33K8V7X, STM32WL33KBV7 , STM32WL33KBV7X, STM32WL33KCV7, STM32WL33KCV7X, STM32WL5MOCH6, STM32WL5MOCH6TR]
2025-10-11 19:11:04,839 [INFO] DbMcus:218 - Found 4801 MCUs, 4801 are supported
2025-10-11 19:11:04,841 [INFO] ApiDb:423 - Load user favorites file C:\Users\Paulo/.stm32cubeide/favorites.mcus.txt: 0 item(s)
2025-10-11 19:11:04,842 [INFO] ApiDb:427 - User favorites MCUs=[]
2025-10-11 19:11:04,842 [INFO] DbMcus:224 - Set 0 / 0 favorites MCUs
2025-10-11 19:11:05,286 [INFO] ApiDb:423 - Load user favorites file C:\Users\Paulo/.stm32cubeide/favorites.boards.txt: 1 item(s)
2025-10-11 19:11:05,286 [INFO] ApiDb:427 - User favorites Boards=[NUCLEO-F446RE]
2025-10-11 19:11:05,287 [INFO] DbBoards:198 - Set 1 / 1 favorites Boards
2025-10-11 19:11:05,330 [INFO] UtilMem:75 - End LoadConfig() Used Memory: 849332136 Bytes (1073741824)
2025-10-11 19:11:05,463 [WARN] ThirdParty:833 - waiting for thirdparty lock release [change project]
2025-10-11 19:11:05,463 [INFO] ThirdParty:835 - entering critical section [change project]
2025-10-11 19:11:05,464 [INFO] ThirdParty:1030 - CMSIS Pack Vendor :STMicroelectronics X-CUBE-PM33A1 1.0.0
2025-10-11 19:11:05,464 [INFO] ThirdParty:1030 - CMSIS Pack Vendor :STMicroelectronics USBPD 4.1
2025-10-11 19:11:05,464 [INFO] ThirdParty:1030 - CMSIS Pack Vendor :STMicroelectronics X-CUBE-NFC9 1.0.0
2025-10-11 19:11:05,464 [INFO] ThirdParty:1030 - CMSIS Pack Vendor :STMicroelectronics USB_HOST 2.0.0
2025-10-11 19:11:05,464 [INFO] ThirdParty:1030 - CMSIS Pack Vendor :STMicroelectronics FP-SNS-MOTENVWB1 1.4.0
2025-10-11 19:11:05,464 [INFO] ThirdParty:1030 - CMSIS Pack Vendor :STMicroelectronics X-CUBE-AZRTOS-F4 1.1.0
2025-10-11 19:11:05,464 [INFO] ThirdParty:1030 - CMSIS Pack Vendor :STMicroelectronics LIBJPEG 8.0.0
2025-10-11 19:11:05,464 [INFO] ThirdParty:1030 - CMSIS Pack Vendor :STMicroelectronics FP-ATR-ASTRA1 2.0.2
2025-10-11 19:11:05,464 [INFO] ThirdParty:1030 - CMSIS Pack Vendor :wolfSSL I-CUBE-wolfSSL 5.8.2
2025-10-11 19:11:05,464 [INFO] ThirdParty:1030 - CMSIS Pack Vendor :STMicroelectronics X-CUBE-BLE1 7.1.0
2025-10-11 19:11:05,464 [INFO] ThirdParty:1030 - CMSIS Pack Vendor :Avnet-IotConnect X-CUBE-IoTC-DA16k-PMOD 1.0.0
2025-10-11 19:11:05,464 [INFO] ThirdParty:1030 - CMSIS Pack Vendor :STMicroelectronics X-CUBE-SMBUS 2.1.0
2025-10-11 19:11:05,464 [INFO] ThirdParty:1030 - CMSIS Pack Vendor :wolfSSL I-CUBE-wolfMQTT 1.19.2
2025-10-11 19:11:05,464 [INFO] ThirdParty:1030 - CMSIS Pack Vendor :STMicroelectronics USB_DEVICE 3.0.0
2025-10-11 19:11:05,464 [INFO] ThirdParty:1030 - CMSIS Pack Vendor :STMicroelectronics X-CUBE-ISPU 2.1.0
2025-10-11 19:11:05,464 [INFO] ThirdParty:1030 - CMSIS Pack Vendor :STMicroelectronics X-CUBE-EEPRMA1 5.2.0
2025-10-11 19:11:05,464 [INFO] ThirdParty:1030 - CMSIS Pack Vendor :STMicroelectronics X-CUBE-BLEMGR 4.1.0
2025-10-11 19:11:05,464 [INFO] ThirdParty:1030 - CMSIS Pack Vendor :STMicroelectronics X-CUBE-AZRTOS-WB 2.0.0
2025-10-11 19:11:05,464 [INFO] ThirdParty:1030 - CMSIS Pack Vendor :STMicroelectronics X-CUBE-ST60 1.0.0
2025-10-11 19:11:05,464 [INFO] ThirdParty:1030 - CMSIS Pack Vendor :STMicroelectronics X-CUBE-GNSS1 7.0.1
2025-10-11 19:11:05,464 [INFO] ThirdParty:1030 - CMSIS Pack Vendor :STMicroelectronics X-CUBE-NFC12 1.0.0
2025-10-11 19:11:05,464 [INFO] ThirdParty:1030 - CMSIS Pack Vendor :STMicroelectronics X-CUBE-AZRTOS-F7 1.1.0
2025-10-11 19:11:05,464 [INFO] ThirdParty:1030 - CMSIS Pack Vendor :STMicroelectronics X-CUBE-AZRTOS-L5 2.0.0
2025-10-11 19:11:05,464 [INFO] ThirdParty:1030 - CMSIS Pack Vendor :STMicroelectronics X-CUBE-TOUCHGFX 4.25.0
2025-10-11 19:11:05,464 [INFO] ThirdParty:1030 - CMSIS Pack Vendor :STMicroelectronics USB_DEVICE 2.0.0
2025-10-11 19:11:05,464 [INFO] ThirdParty:1030 - CMSIS Pack Vendor :STMicroelectronics X-CUBE-NFC6 3.1.0
2025-10-11 19:11:05,464 [INFO] ThirdParty:1030 - CMSIS Pack Vendor :Cesanta I-CUBE-Mongoose 7.19.0
2025-10-11 19:11:05,464 [INFO] ThirdParty:1030 - CMSIS Pack Vendor :quantropi X-CUBE-qispace-sdk-base 2.1.0
2025-10-11 19:11:05,465 [INFO] ThirdParty:1030 - CMSIS Pack Vendor :STMicroelectronics FreeRTOS 0.0.1
2025-10-11 19:11:05,465 [INFO] ThirdParty:1030 - CMSIS Pack Vendor :STMicroelectronics X-CUBE-AZRTOS-G0 1.1.0
2025-10-11 19:11:05,465 [INFO] ThirdParty:1030 - CMSIS Pack Vendor :STMicroelectronics X-CUBE-SAFEA1 1.2.2
2025-10-11 19:11:05,465 [INFO] ThirdParty:1030 - CMSIS Pack Vendor :STMicroelectronics X-CUBE-NFC4 3.0.0
2025-10-11 19:11:05,465 [INFO] ThirdParty:1030 - CMSIS Pack Vendor :STMicroelectronics X-CUBE-SUBG2 5.0.0
2025-10-11 19:11:05,465 [INFO] ThirdParty:1030 - CMSIS Pack Vendor :STMicroelectronics X-CUBE-AZRTOS-H7RS 1.1.0
2025-10-11 19:11:05,465 [INFO] ThirdParty:1030 - CMSIS Pack Vendor :STMicroelectronics STM32_WPAN 1.0.0
2025-10-11 19:11:05,465 [INFO] ThirdParty:1030 - CMSIS Pack Vendor :EmbeddedOffice I-CUBE-FS-RTOS 1.0.1
2025-10-11 19:11:05,465 [INFO] ThirdParty:1030 - CMSIS Pack Vendor :STMicroelectronics lwIP 2.0.3
2025-10-11 19:11:05,465 [INFO] ThirdParty:1030 - CMSIS Pack Vendor :WES I-CUBE-Cesium 1.4.0
2025-10-11 19:11:05,465 [INFO] ThirdParty:1030 - CMSIS Pack Vendor :Cesanta I-CUBE-Mongoose 7.13.0
2025-10-11 19:11:05,465 [INFO] ThirdParty:1030 - CMSIS Pack Vendor :STMicroelectronics USB_HOST 1.0.0
2025-10-11 19:11:05,465 [INFO] ThirdParty:1030 - CMSIS Pack Vendor :Infineon AIROC-Wi-Fi-Bluetooth-STM32 1.7.1
2025-10-11 19:11:05,465 [INFO] ThirdParty:1030 - CMSIS Pack Vendor :STMicroelectronics X-CUBE-AZRTOS-G4 2.0.0
2025-10-11 19:11:05,465 [INFO] ThirdParty:1030 - CMSIS Pack Vendor :STMicroelectronics X-CUBE-WB05N 2.0.0
2025-10-11 19:11:05,465 [INFO] ThirdParty:1030 - CMSIS Pack Vendor :STMicroelectronics PDM2PCM 3.1.0
2025-10-11 19:11:05,465 [INFO] ThirdParty:1030 - CMSIS Pack Vendor :STMicroelectronics PDM2PCM 3.3.0
2025-10-11 19:11:05,465 [INFO] ThirdParty:1030 - CMSIS Pack Vendor :wolfSSL I-CUBE-wolfTPM 3.8.0
2025-10-11 19:11:05,465 [INFO] ThirdParty:1030 - CMSIS Pack Vendor :STMicroelectronics X-CUBE-AZRTOS-H7 3.4.0
2025-10-11 19:11:05,465 [INFO] ThirdParty:1030 - CMSIS Pack Vendor :STMicroelectronics X-CUBE-DISPLAY 3.0.0
2025-10-11 19:11:05,465 [INFO] ThirdParty:1030 - CMSIS Pack Vendor :wolfSSL I-CUBE-wolfSSH 1.4.20
2025-10-11 19:11:05,465 [INFO] ThirdParty:1030 - CMSIS Pack Vendor :STMicroelectronics X-CUBE-NFC7 2.0.0
2025-10-11 19:11:05,465 [INFO] ThirdParty:1030 - CMSIS Pack Vendor :STMicroelectronics X-CUBE-TCPP 4.2.0
2025-10-11 19:11:05,465 [INFO] ThirdParty:1030 - CMSIS Pack Vendor :RealThread X-CUBE-RT-Thread_Nano 4.1.1
2025-10-11 19:11:05,465 [INFO] ThirdParty:1030 - CMSIS Pack Vendor :STMicroelectronics FP-ATR-SIGFOX1 3.2.0
2025-10-11 19:11:05,465 [INFO] ThirdParty:1030 - CMSIS Pack Vendor :STMicroelectronics X-CUBE-NFC10 1.0.0
2025-10-11 19:11:05,466 [INFO] ThirdParty:1030 - CMSIS Pack Vendor :STMicroelectronics X-CUBE-FREERTOS 1.3.1
2025-10-11 19:11:05,466 [INFO] ThirdParty:1030 - CMSIS Pack Vendor :STMicroelectronics HAL Drivers 0.0.0
2025-10-11 19:11:05,466 [INFO] ThirdParty:1030 - CMSIS Pack Vendor :STMicroelectronics MBEDTLS 2.16.2
2025-10-11 19:11:05,466 [INFO] ThirdParty:1030 - CMSIS Pack Vendor :STMicroelectronics X-CUBE-IPS 3.1.0
2025-10-11 19:11:05,466 [INFO] ThirdParty:1030 - CMSIS Pack Vendor :STMicroelectronics X-CUBE-ALS 1.0.2
2025-10-11 19:11:05,466 [INFO] ThirdParty:1030 - CMSIS Pack Vendor :emotas I-CUBE-CANOPEN 1.3.0
2025-10-11 19:11:05,466 [INFO] ThirdParty:1030 - CMSIS Pack Vendor :STMicroelectronics MBEDTLS 2.14.1
2025-10-11 19:11:05,466 [INFO] ThirdParty:1030 - CMSIS Pack Vendor :ITTIA_DB I-CUBE-ITTIADB 8.9.0
2025-10-11 19:11:05,466 [INFO] ThirdParty:1030 - CMSIS Pack Vendor :STMicroelectronics X-CUBE-TOUCHGFX 4.26.0
2025-10-11 19:11:05,466 [INFO] ThirdParty:1030 - CMSIS Pack Vendor :STMicroelectronics X-CUBE-STSE01 1.0.0
2025-10-11 19:11:05,466 [INFO] ThirdParty:1030 - CMSIS Pack Vendor :portGmbH I-Cube-SoM-uGOAL 1.1.0
2025-10-11 19:11:05,466 [INFO] ThirdParty:1030 - CMSIS Pack Vendor :STMicroelectronics X-CUBE-ST67W61 1.0.0
2025-10-11 19:11:05,466 [INFO] ThirdParty:1030 - CMSIS Pack Vendor :STMicroelectronics FP-SNS-STBOX1 2.1.0
2025-10-11 19:11:05,466 [INFO] ThirdParty:1030 - CMSIS Pack Vendor :STMicroelectronics X-CUBE-AI 10.2.0
2025-10-11 19:11:05,466 [INFO] ThirdParty:1030 - CMSIS Pack Vendor :STMicroelectronics FP-SNS-STAIOTCFT 1.0.0
2025-10-11 19:11:05,466 [INFO] ThirdParty:1030 - CMSIS Pack Vendor :STMicroelectronics ThreadX 1.0.0
2025-10-11 19:11:05,466 [INFO] ThirdParty:1030 - CMSIS Pack Vendor :STMicroelectronics FP-SNS-SMARTAG2 1.2.0
2025-10-11 19:11:05,466 [INFO] ThirdParty:1030 - CMSIS Pack Vendor :STMicroelectronics FP-SNS-FLIGHT1 5.1.0
2025-10-11 19:11:05,466 [INFO] ThirdParty:1030 - CMSIS Pack Vendor :STMicroelectronics X-CUBE-AZRTOS-WL 2.0.0
2025-10-11 19:11:05,466 [INFO] ThirdParty:1030 - CMSIS Pack Vendor :SEGGER I-CUBE-embOS 1.3.1
2025-10-11 19:11:05,466 [INFO] ThirdParty:1030 - CMSIS Pack Vendor :STMicroelectronics X-CUBE-ALGOBUILD 1.4.0
2025-10-11 19:11:05,466 [INFO] ThirdParty:1030 - CMSIS Pack Vendor :STMicroelectronics X-CUBE-DPower 1.3.0
2025-10-11 19:11:05,466 [INFO] ThirdParty:1030 - CMSIS Pack Vendor :STMicroelectronics X-CUBE-MEMS1 11.3.0
2025-10-11 19:11:05,466 [INFO] ThirdParty:1030 - CMSIS Pack Vendor :STMicroelectronics FP-SNS-MOTENV1 5.0.0
2025-10-11 19:11:05,466 [INFO] ThirdParty:1030 - CMSIS Pack Vendor :STMicroelectronics USB_DEVICE 1.0.0
2025-10-11 19:11:05,466 [INFO] ThirdParty:1030 - CMSIS Pack Vendor :STMicroelectronics X-CUBE-AZRTOS-L4 2.0.0
2025-10-11 19:11:05,466 [INFO] ThirdParty:1030 - CMSIS Pack Vendor :STMicroelectronics ThreadX 0.0.2
2025-10-11 19:11:05,466 [INFO] ThirdParty:1030 - CMSIS Pack Vendor :STMicroelectronics lwIP 2.1.2
2025-10-11 19:11:05,466 [INFO] ThirdParty:1030 - CMSIS Pack Vendor :STMicroelectronics X-CUBE-SFXS2LP1 4.0.0
2025-10-11 19:11:05,466 [INFO] ThirdParty:1030 - CMSIS Pack Vendor :STMicroelectronics X-CUBE-BLE2 3.3.0
2025-10-11 19:11:05,466 [INFO] ThirdParty:1030 - CMSIS Pack Vendor :STMicroelectronics X-CUBE-TOF1 3.4.3
2025-10-11 19:11:05,466 [INFO] ThirdParty:1030 - CMSIS Pack Vendor :STMicroelectronics PDM2PCM 3.2.0
2025-10-11 19:11:05,466 [INFO] ThirdParty:841 - exiting critical section [change project]
2025-10-11 19:11:05,758 [INFO] PinOutPanel:1589 - setPackage(No Configuration,No Configuration)
2025-10-11 19:11:05,760 [INFO] PinOutPanel:1589 - setPackage(STM32F446RETx,LQFP64)
2025-10-11 19:11:06,331 [INFO] UtilMem:75 - Before build in PCC Used Memory: 660910328 Bytes (1073741824)
2025-10-11 19:11:07,169 [INFO] UtilMem:75 - After build in PCC Used Memory: 740712856 Bytes (1073741824)
2025-10-11 19:11:07,204 [INFO] IPUIPlugin:80 - create IPUIPlugin
2025-10-11 19:11:07,204 [INFO] IPUIPlugin:80 - create IPUIPlugin
2025-10-11 19:11:07,204 [INFO] IPUIPlugin:80 - create IPUIPlugin
2025-10-11 19:11:07,205 [INFO] IPUIPlugin:80 - create IPUIPlugin
2025-10-11 19:11:07,205 [INFO] IPUIPlugin:80 - create IPUIPlugin
2025-10-11 19:11:07,205 [INFO] IPUIPlugin:80 - create IPUIPlugin
2025-10-11 19:11:07,205 [INFO] IPUIPlugin:80 - create IPUIPlugin
2025-10-11 19:11:07,205 [INFO] IPUIPlugin:80 - create IPUIPlugin
2025-10-11 19:11:07,205 [INFO] IPUIPlugin:80 - create IPUIPlugin
2025-10-11 19:11:07,205 [INFO] IPUIPlugin:80 - create IPUIPlugin
2025-10-11 19:11:07,205 [INFO] IPUIPlugin:80 - create IPUIPlugin
2025-10-11 19:11:07,205 [INFO] IPUIPlugin:80 - create IPUIPlugin
2025-10-11 19:11:07,205 [INFO] IPUIPlugin:80 - create IPUIPlugin
2025-10-11 19:11:07,206 [INFO] IPUIPlugin:80 - create IPUIPlugin
2025-10-11 19:11:07,206 [INFO] IPUIPlugin:80 - create IPUIPlugin
2025-10-11 19:11:07,206 [INFO] IPUIPlugin:80 - create IPUIPlugin
2025-10-11 19:11:07,206 [INFO] IPUIPlugin:80 - create IPUIPlugin
2025-10-11 19:11:07,206 [INFO] IPUIPlugin:80 - create IPUIPlugin
2025-10-11 19:11:07,206 [INFO] IPUIPlugin:80 - create IPUIPlugin
2025-10-11 19:11:07,206 [INFO] IPUIPlugin:80 - create IPUIPlugin
2025-10-11 19:11:07,207 [INFO] IPUIPlugin:80 - create IPUIPlugin
2025-10-11 19:11:07,207 [INFO] IPUIPlugin:80 - create IPUIPlugin
2025-10-11 19:11:07,207 [INFO] IPUIPlugin:80 - create IPUIPlugin
2025-10-11 19:11:07,207 [INFO] IPUIPlugin:80 - create IPUIPlugin
2025-10-11 19:11:07,207 [INFO] IPUIPlugin:80 - create IPUIPlugin
2025-10-11 19:11:07,207 [INFO] IPUIPlugin:80 - create IPUIPlugin
2025-10-11 19:11:07,208 [INFO] IPUIPlugin:80 - create IPUIPlugin
2025-10-11 19:11:07,208 [INFO] IPUIPlugin:80 - create IPUIPlugin
2025-10-11 19:11:07,208 [INFO] IPUIPlugin:80 - create IPUIPlugin
2025-10-11 19:11:07,208 [INFO] IPUIPlugin:80 - create IPUIPlugin
2025-10-11 19:11:07,210 [INFO] IPUIPlugin:80 - create IPUIPlugin
2025-10-11 19:11:07,210 [INFO] IPUIPlugin:80 - create IPUIPlugin
2025-10-11 19:11:07,210 [INFO] IPUIPlugin:80 - create IPUIPlugin
2025-10-11 19:11:07,211 [INFO] IPUIPlugin:80 - create IPUIPlugin
2025-10-11 19:11:07,211 [INFO] IPUIPlugin:80 - create IPUIPlugin
2025-10-11 19:11:07,211 [INFO] IPUIPlugin:80 - create IPUIPlugin
2025-10-11 19:11:07,211 [INFO] IPUIPlugin:80 - create IPUIPlugin
2025-10-11 19:11:07,212 [INFO] IPUIPlugin:80 - create IPUIPlugin
2025-10-11 19:11:07,212 [INFO] IPUIPlugin:80 - create IPUIPlugin
2025-10-11 19:11:07,212 [INFO] IPUIPlugin:80 - create IPUIPlugin
2025-10-11 19:11:07,212 [INFO] IPUIPlugin:80 - create IPUIPlugin
2025-10-11 19:11:07,212 [INFO] IPUIPlugin:80 - create IPUIPlugin
2025-10-11 19:11:07,213 [INFO] IPUIPlugin:80 - create IPUIPlugin
2025-10-11 19:11:07,213 [INFO] IPUIPlugin:80 - create IPUIPlugin
2025-10-11 19:11:07,213 [INFO] IPUIPlugin:80 - create IPUIPlugin
2025-10-11 19:11:07,213 [INFO] IPUIPlugin:80 - create IPUIPlugin
2025-10-11 19:11:07,214 [INFO] IPUIPlugin:80 - create IPUIPlugin
2025-10-11 19:11:07,214 [INFO] IPUIPlugin:80 - create IPUIPlugin
2025-10-11 19:11:07,214 [INFO] IPUIPlugin:80 - create IPUIPlugin
2025-10-11 19:11:07,214 [INFO] IPUIPlugin:80 - create IPUIPlugin
2025-10-11 19:11:07,215 [INFO] IPUIPlugin:80 - create IPUIPlugin
2025-10-11 19:11:07,215 [INFO] IPUIPlugin:80 - create IPUIPlugin
2025-10-11 19:11:07,215 [INFO] IPUIPlugin:80 - create IPUIPlugin
2025-10-11 19:11:07,215 [INFO] IPUIPlugin:80 - create IPUIPlugin
2025-10-11 19:11:07,216 [INFO] IPUIPlugin:80 - create IPUIPlugin
2025-10-11 19:11:07,216 [INFO] IPUIPlugin:80 - create IPUIPlugin
2025-10-11 19:11:07,217 [INFO] IPUIPlugin:80 - create IPUIPlugin
2025-10-11 19:11:07,218 [INFO] IPUIPlugin:80 - create IPUIPlugin
2025-10-11 19:11:07,219 [INFO] IPUIPlugin:80 - create IPUIPlugin
2025-10-11 19:11:07,220 [INFO] IPUIPlugin:80 - create IPUIPlugin
2025-10-11 19:11:07,221 [INFO] IPUIPlugin:80 - create IPUIPlugin
2025-10-11 19:11:07,252 [INFO] ApiDbMcu:532 - Load IP Config File for PDM2PCM
2025-10-11 19:11:07,260 [WARN] IP:2250 - I2C_Coeff_DF not found: check if there is a RefParameter without a condition.
2025-10-11 19:11:07,260 [WARN] IP:2250 - Analog_Filter not found: check if there is a RefParameter without a condition.
2025-10-11 19:11:07,514 [INFO] CADModel:165 - CPN selected for project levelSTM32F446RET6
2025-10-11 19:11:07,514 [INFO] CADModel:114 - Register for checkConnection events
2025-10-11 19:11:07,555 [INFO] OpenFileManager:386 - Restore cursor
2025-10-11 19:11:07,799 [WARN] IP:2250 - I2C_Coeff_DF not found: check if there is a RefParameter without a condition.
2025-10-11 19:11:07,799 [WARN] IP:2250 - Analog_Filter not found: check if there is a RefParameter without a condition.
2025-10-11 19:11:07,800 [WARN] IP:2250 - I2C_Coeff_DF not found: check if there is a RefParameter without a condition.
2025-10-11 19:11:07,800 [WARN] IP:2250 - Analog_Filter not found: check if there is a RefParameter without a condition.
2025-10-11 19:11:14,726 [INFO] NvicIntPanel:101 - NVIC parent = com.st.microxplorer.plugins.ip.nvic.MultiNvicIntPanel[,0,0,0x0,invalid,layout=javax.swing.BoxLayout,alignmentX=0.0,alignmentY=0.0,border=,flags=9,maximumSize=,minimumSize=,preferredSize=]
2025-10-11 19:12:30,389 [INFO] NvicIntPanel:101 - NVIC parent = com.st.microxplorer.plugins.ip.nvic.MultiNvicIntPanel[,0,0,0x0,invalid,layout=javax.swing.BoxLayout,alignmentX=0.0,alignmentY=0.0,border=,flags=9,maximumSize=,minimumSize=,preferredSize=]
2025-10-11 19:12:30,482 [INFO] NvicIntPanel:101 - NVIC parent = com.st.microxplorer.plugins.ip.nvic.MultiNvicIntPanel[,0,0,0x0,invalid,layout=javax.swing.BoxLayout,alignmentX=0.0,alignmentY=0.0,border=,flags=9,maximumSize=,minimumSize=,preferredSize=]
2025-10-11 19:12:35,022 [INFO] NvicIntPanel:101 - NVIC parent = com.st.microxplorer.plugins.ip.nvic.MultiNvicIntPanel[,0,0,0x0,invalid,layout=javax.swing.BoxLayout,alignmentX=0.0,alignmentY=0.0,border=,flags=9,maximumSize=,minimumSize=,preferredSize=]
2025-10-11 19:12:35,113 [INFO] NvicIntPanel:101 - NVIC parent = com.st.microxplorer.plugins.ip.nvic.MultiNvicIntPanel[,0,0,0x0,invalid,layout=javax.swing.BoxLayout,alignmentX=0.0,alignmentY=0.0,border=,flags=9,maximumSize=,minimumSize=,preferredSize=]
2025-10-11 19:12:37,859 [INFO] NvicIntPanel:101 - NVIC parent = com.st.microxplorer.plugins.ip.nvic.MultiNvicIntPanel[,0,0,0x0,invalid,layout=javax.swing.BoxLayout,alignmentX=0.0,alignmentY=0.0,border=,flags=9,maximumSize=,minimumSize=,preferredSize=]
2025-10-11 19:12:37,934 [INFO] NvicIntPanel:101 - NVIC parent = com.st.microxplorer.plugins.ip.nvic.MultiNvicIntPanel[,0,0,0x0,invalid,layout=javax.swing.BoxLayout,alignmentX=0.0,alignmentY=0.0,border=,flags=9,maximumSize=,minimumSize=,preferredSize=]
2025-10-11 19:15:02,211 [INFO] UtilMem:75 - End SaveConfig() Used Memory: 708446208 Bytes (1073741824)
2025-10-11 19:15:03,964 [INFO] UtilMem:75 - End SaveConfig() Used Memory: 374728272 Bytes (1073741824)
2025-10-11 19:15:07,736 [INFO] UtilMem:75 - End SaveConfig() Used Memory: 469100112 Bytes (1073741824)
2025-10-11 19:15:08,147 [INFO] BlockDiagram:2775 - set Specific Code input for plugin: SPI
2025-10-11 19:15:08,147 [INFO] BlockDiagram:2775 - set Specific Code input for plugin: SYS
2025-10-11 19:15:08,147 [INFO] BlockDiagram:2775 - set Specific Code input for plugin: RCC
2025-10-11 19:15:08,147 [INFO] BlockDiagram:2775 - set Specific Code input for plugin: I2C
2025-10-11 19:15:08,147 [INFO] BlockDiagram:2775 - set Specific Code input for plugin: NVIC
2025-10-11 19:15:08,147 [INFO] BlockDiagram:2775 - set Specific Code input for plugin: USART
2025-10-11 19:15:08,149 [INFO] BlockDiagram:2775 - set Specific Code input for plugin: GPIO
2025-10-11 19:15:08,150 [INFO] CodeGenerator:892 - code generatio: config db path: C:\ST\STM32CubeIDE_1.19.0\STM32CubeIDE\plugins\com.st.stm32cube.common.mx_6.15.0.202507011659\\db\
2025-10-11 19:15:08,154 [WARN] IP:2250 - I2C_Coeff_DF not found: check if there is a RefParameter without a condition.
2025-10-11 19:15:08,154 [WARN] IP:2250 - Analog_Filter not found: check if there is a RefParameter without a condition.
2025-10-11 19:15:08,320 [INFO] IP:3329 - RTE Config file name : RTE_Component
2025-10-11 19:15:08,321 [INFO] IP:3347 - RTE template : RTE_Components.ftl
2025-10-11 19:15:08,338 [INFO] CodeEngine:265 - oldGeneratedFile, D:\CESE_25_Embebidos\tp_final_micro_com\MXTmpFiles\license.tmp_save
2025-10-11 19:15:08,644 [INFO] CodeEngine:289 - Generated code: D:\CESE_25_Embebidos\tp_final_micro_com\MXTmpFiles\license.tmp
2025-10-11 19:15:08,700 [INFO] CodeEngine:265 - oldGeneratedFile, D:\CESE_25_Embebidos\tp_final_micro_com\MXTmpFiles\gpio.tmp_save
2025-10-11 19:15:08,885 [INFO] CodeEngine:289 - Generated code: D:\CESE_25_Embebidos\tp_final_micro_com\MXTmpFiles\gpio.tmp
2025-10-11 19:15:09,034 [INFO] CodeEngine:265 - oldGeneratedFile, D:\CESE_25_Embebidos\tp_final_micro_com\Core\Src\stm32f4xx_it.c_save
2025-10-11 19:15:09,215 [INFO] CodeEngine:289 - Generated code: D:\CESE_25_Embebidos\tp_final_micro_com\Core\Src\stm32f4xx_it.c
2025-10-11 19:15:09,220 [INFO] CodeEngine:265 - oldGeneratedFile, D:\CESE_25_Embebidos\tp_final_micro_com\Core\Inc\stm32f4xx_it.h_save
2025-10-11 19:15:09,312 [INFO] CodeEngine:289 - Generated code: D:\CESE_25_Embebidos\tp_final_micro_com\Core\Inc\stm32f4xx_it.h
2025-10-11 19:15:09,331 [INFO] CodeEngine:265 - oldGeneratedFile, D:\CESE_25_Embebidos\tp_final_micro_com\Core\Src\stm32f4xx_hal_msp.c_save
2025-10-11 19:15:09,512 [INFO] CodeEngine:289 - Generated code: D:\CESE_25_Embebidos\tp_final_micro_com\Core\Src\stm32f4xx_hal_msp.c
2025-10-11 19:15:09,515 [INFO] CodeEngine:265 - oldGeneratedFile, D:\CESE_25_Embebidos\tp_final_micro_com\MXTmpFiles\system.tmp_save
2025-10-11 19:15:09,578 [INFO] CodeEngine:289 - Generated code: D:\CESE_25_Embebidos\tp_final_micro_com\MXTmpFiles\system.tmp
2025-10-11 19:15:09,597 [INFO] CodeEngine:321 - oldGeneratedFile, D:\CESE_25_Embebidos\tp_final_micro_com\Core\Inc\stm32f4xx_hal_conf.h_save
2025-10-11 19:15:09,723 [INFO] CodeEngine:345 - Generated code: D:\CESE_25_Embebidos\tp_final_micro_com\Core\Inc\stm32f4xx_hal_conf.h
2025-10-11 19:15:09,759 [WARN] IPConfigManager:3238 - Warning: the RefConfig PLL2P_FOR_MCO is not available in your config.xml file
2025-10-11 19:15:09,766 [INFO] ApiDbMcu:532 - Load IP Config File for I2C1
2025-10-11 19:15:09,768 [INFO] ApiDbMcu:532 - Load IP Config File for SPI1
2025-10-11 19:15:09,771 [INFO] ApiDbMcu:532 - Load IP Config File for USART2
2025-10-11 19:15:09,773 [INFO] ApiDbMcu:532 - Load IP Config File for RCC
2025-10-11 19:15:09,785 [INFO] CodeEngine:265 - oldGeneratedFile, D:\CESE_25_Embebidos\tp_final_micro_com\Core\Inc\main.h_save
2025-10-11 19:15:09,941 [INFO] CodeEngine:289 - Generated code: D:\CESE_25_Embebidos\tp_final_micro_com\Core\Inc\main.h
2025-10-11 19:15:09,945 [INFO] CodeEngine:265 - oldGeneratedFile, D:\CESE_25_Embebidos\tp_final_micro_com\Core\Src\main.c_save
2025-10-11 19:15:10,113 [INFO] CodeEngine:289 - Generated code: D:\CESE_25_Embebidos\tp_final_micro_com\Core\Src\main.c
2025-10-11 19:15:10,551 [INFO] ProjectBuilder:3606 - Time for Copy HAL[1] : 303mS.
2025-10-11 19:15:10,559 [INFO] ProjectBuilder:5216 - Project Generator version: 4.7.0-B52
2025-10-11 19:15:10,653 [INFO] ConfigFileManager:1595 - The Die is : DIE421
2025-10-11 19:15:10,657 [INFO] ApiDbMcu:532 - Load IP Config File for FATFS
2025-10-11 19:15:10,665 [INFO] ApiDbMcu:532 - Load IP Config File for FREERTOS
2025-10-11 19:15:10,667 [INFO] ApiDbMcu:532 - Load IP Config File for LIBJPEG
2025-10-11 19:15:10,675 [INFO] ApiDbMcu:532 - Load IP Config File for MBEDTLS
2025-10-11 19:15:10,689 [INFO] ApiDbMcu:532 - Load IP Config File for USB_DEVICE
2025-10-11 19:15:10,699 [INFO] ApiDbMcu:532 - Load IP Config File for USB_HOST
2025-10-11 19:15:11,200 [INFO] LogOutputStream:77 - [STDOUT_REDIRECT] 
2025-10-11 19:15:12,417 [INFO] ProjectBuilder:5496 - Time for Generating toolchain IDE Files: 1859mS.
2025-10-11 19:15:12,418 [INFO] ProjectBuilder:3463 - Time for Copy CMSIS : 1mS.
2025-10-11 19:15:12,420 [INFO] ProjectBuilder:3463 - Time for Copy CMSIS : 0mS.
2025-10-11 21:50:08,173 [INFO] WebApp:194 - Connection lost
2025-10-11 21:50:08,306 [INFO] WebApp:191 - Connection restablished
2025-10-11 21:50:13,033 [INFO] WebApp:194 - Connection lost
2025-10-11 21:50:13,247 [INFO] WebApp:191 - Connection restablished
2025-10-11 22:02:16,005 [INFO] WebApp:194 - Connection lost
2025-10-11 22:02:16,218 [INFO] WebApp:191 - Connection restablished
2025-10-11 22:02:19,058 [INFO] WebApp:194 - Connection lost
2025-10-11 22:02:19,162 [INFO] WebApp:191 - Connection restablished
