2025-10-10 01:06:53,630 [ERROR] LogOutputStream:75 - [STDERR_REDIRECT] 
2025-10-10 21:58:51,277 [INFO] Activator:176 - 


2025-10-10 21:58:51,279 [INFO] Activator:177 - !SESSION log4j initialized
2025-10-10 21:58:56,513 [INFO] LogOutputStream:77 - [STDOUT_REDIRECT] 
2025-10-10 21:58:59,510 [INFO] ApplicationProperties:184 - Using Application install path: C:\ST\STM32CubeIDE_1.19.0\STM32CubeIDE\plugins\com.st.stm32cube.common.mx_6.15.0.202507011659
2025-10-10 21:58:59,537 [INFO] DbMcusXml:78 - Set database path to: C:\ST\STM32CubeIDE_1.19.0\STM32CubeIDE\plugins\com.st.stm32cube.common.mx_6.15.0.202507011659\\db\/mcu/
2025-10-10 21:58:59,537 [INFO] ApiDb:274 - Set plugin database path to: C:\ST\STM32CubeIDE_1.19.0\STM32CubeIDE\plugins\com.st.stm32cube.common.mx_6.15.0.202507011659\\db\/plugins/boardmanager/
2025-10-10 21:58:59,538 [WARN] ApiDb:259 - Overriding images path with different value:  => C:\ST\STM32CubeIDE_1.19.0\STM32CubeIDE\plugins\com.st.stm32cube.common.mx_6.15.0.202507011659\\db\/plugins/mcufinder/images/
2025-10-10 21:58:59,557 [INFO] ApiDb:250 - Set database path to: C:\Users\Paulo\.stmcufinder\plugins\mcufinder//mcu/
2025-10-10 21:58:59,561 [INFO] DbMcusAds:125 - Set database path to: C:\Users\Paulo\.stmcufinder\plugins\mcufinder//mcu/
2025-10-10 21:58:59,567 [INFO] CrossReferenceDbSqlite:203 - Set database path to: C:\Users\Paulo\.stmcufinder\plugins\mcufinder//mcu/cs/
2025-10-10 21:58:59,720 [INFO] RulesReader:64 - Compatibility file has been processed (317 Rules)
2025-10-10 21:58:59,817 [INFO] DbMcusXml:78 - Set database path to: C:\ST\STM32CubeIDE_1.19.0\STM32CubeIDE\plugins\com.st.stm32cube.common.mx_6.15.0.202507011659\\db\/mcu/
2025-10-10 21:58:59,817 [INFO] ApiDb:274 - Set plugin database path to: C:\ST\STM32CubeIDE_1.19.0\STM32CubeIDE\plugins\com.st.stm32cube.common.mx_6.15.0.202507011659\\db\/plugins/boardmanager/
2025-10-10 21:58:59,817 [INFO] ApiDb:261 - Set plugin images path to: C:\ST\STM32CubeIDE_1.19.0\STM32CubeIDE\plugins\com.st.stm32cube.common.mx_6.15.0.202507011659\\db\/plugins/mcufinder/images/
2025-10-10 21:58:59,817 [WARN] DbFile:41 - Overriding database path with different value: C:\Users\Paulo\.stmcufinder\plugins\mcufinder/ => C:\Users\Paulo\.stmcufinder\plugins\mcufinder
2025-10-10 21:58:59,818 [INFO] ApiDb:250 - Set database path to: C:\Users\Paulo\.stmcufinder\plugins\mcufinder//mcu/
2025-10-10 21:58:59,818 [WARN] DbFile:41 - Overriding database path with different value: C:\Users\Paulo\.stmcufinder\plugins\mcufinder/ => C:\Users\Paulo\.stmcufinder\plugins\mcufinder
2025-10-10 21:58:59,818 [INFO] DbMcusAds:125 - Set database path to: C:\Users\Paulo\.stmcufinder\plugins\mcufinder//mcu/
2025-10-10 21:58:59,818 [WARN] DbFile:41 - Overriding database path with different value: C:\Users\Paulo\.stmcufinder\plugins\mcufinder/ => C:\Users\Paulo\.stmcufinder\plugins\mcufinder
2025-10-10 21:58:59,818 [WARN] DbFile:41 - Overriding database path with different value: C:\Users\Paulo\.stmcufinder\plugins\mcufinder/ => C:\Users\Paulo\.stmcufinder\plugins\mcufinder
2025-10-10 21:58:59,818 [INFO] CrossReferenceDbSqlite:203 - Set database path to: C:\Users\Paulo\.stmcufinder\plugins\mcufinder//mcu/cs/
2025-10-10 21:58:59,906 [INFO] MainPanel:274 - HeapMemory: 268435456
2025-10-10 21:59:00,072 [INFO] DbMcusXml:78 - Set database path to: C:\ST\STM32CubeIDE_1.19.0\STM32CubeIDE\plugins\com.st.stm32cube.common.mx_6.15.0.202507011659\\db\/mcu/
2025-10-10 21:59:00,072 [INFO] ApiDb:274 - Set plugin database path to: C:\ST\STM32CubeIDE_1.19.0\STM32CubeIDE\plugins\com.st.stm32cube.common.mx_6.15.0.202507011659\\db\/plugins/boardmanager/
2025-10-10 21:59:00,072 [INFO] ApiDb:261 - Set plugin images path to: C:\ST\STM32CubeIDE_1.19.0\STM32CubeIDE\plugins\com.st.stm32cube.common.mx_6.15.0.202507011659\\db\/plugins/mcufinder/images/
2025-10-10 21:59:00,072 [WARN] DbFile:41 - Overriding database path with different value: C:\Users\Paulo\.stmcufinder\plugins\mcufinder/ => C:\Users\Paulo\.stmcufinder\plugins\mcufinder
2025-10-10 21:59:00,073 [INFO] ApiDb:250 - Set database path to: C:\Users\Paulo\.stmcufinder\plugins\mcufinder//mcu/
2025-10-10 21:59:00,073 [WARN] DbFile:41 - Overriding database path with different value: C:\Users\Paulo\.stmcufinder\plugins\mcufinder/ => C:\Users\Paulo\.stmcufinder\plugins\mcufinder
2025-10-10 21:59:00,073 [INFO] DbMcusAds:125 - Set database path to: C:\Users\Paulo\.stmcufinder\plugins\mcufinder//mcu/
2025-10-10 21:59:00,073 [WARN] DbFile:41 - Overriding database path with different value: C:\Users\Paulo\.stmcufinder\plugins\mcufinder/ => C:\Users\Paulo\.stmcufinder\plugins\mcufinder
2025-10-10 21:59:00,073 [WARN] DbFile:41 - Overriding database path with different value: C:\Users\Paulo\.stmcufinder\plugins\mcufinder/ => C:\Users\Paulo\.stmcufinder\plugins\mcufinder
2025-10-10 21:59:00,073 [INFO] CrossReferenceDbSqlite:203 - Set database path to: C:\Users\Paulo\.stmcufinder\plugins\mcufinder//mcu/cs/
2025-10-10 21:59:00,094 [INFO] ApplicationProperties:184 - Using Application install path: C:\ST\STM32CubeIDE_1.19.0\STM32CubeIDE\plugins\com.st.stm32cube.common.mx_6.15.0.202507011659
2025-10-10 21:59:00,097 [INFO] PluginManage:196 - Search for loadable plugins [exclusion list=, ]
2025-10-10 21:59:00,098 [INFO] PluginManage:310 - Check plugin analytics
2025-10-10 21:59:00,327 [INFO] AnalyticsPlugin:253 - Accepted Software Licenses: 
2025-10-10 21:59:00,328 [INFO] AnalyticsPlugin:255 - Accepted CMSIS Pack Licenses: STMicroelectronics.X-CUBE-NFC10.1.0.0
2025-10-10 21:59:00,328 [INFO] AnalyticsPlugin:257 - Accepted Firmware Licenses: FW.F4.1.28.0,FW.F4.1.27.0
2025-10-10 21:59:00,331 [INFO] PluginManage:359 - Loaded plugin analytics (category:tool,tabindex:-1)
2025-10-10 21:59:00,331 [INFO] PluginManage:310 - Check plugin cadmodel
2025-10-10 21:59:00,338 [INFO] CADModel:105 - Init CAD model plugin
2025-10-10 21:59:00,339 [INFO] PluginManage:359 - Loaded plugin cadmodel (category:power,tabindex:5)
2025-10-10 21:59:00,339 [INFO] PluginManage:310 - Check plugin clock
2025-10-10 21:59:00,351 [INFO] PluginManage:359 - Loaded plugin clock (category:base,tabindex:2)
2025-10-10 21:59:00,351 [INFO] PluginManage:310 - Check plugin ddr
2025-10-10 21:59:00,356 [INFO] PluginManage:359 - Loaded plugin ddr (category:tool,tabindex:6)
2025-10-10 21:59:00,356 [INFO] PluginManage:310 - Check plugin filemanager
2025-10-10 21:59:00,528 [INFO] PluginManage:359 - Loaded plugin filemanager (category:base,tabindex:10)
2025-10-10 21:59:00,529 [INFO] PluginManage:310 - Check plugin ipmanager
2025-10-10 21:59:00,541 [INFO] PluginManage:359 - Loaded plugin ipmanager (category:base,tabindex:5)
2025-10-10 21:59:00,541 [INFO] PluginManage:310 - Check plugin lpbam
2025-10-10 21:59:00,552 [INFO] PluginManage:359 - Loaded plugin lpbam (category:base,tabindex:0)
2025-10-10 21:59:00,553 [INFO] PluginManage:310 - Check plugin memorymap
2025-10-10 21:59:00,577 [INFO] PluginManage:359 - Loaded plugin memorymap (category:base,tabindex:4)
2025-10-10 21:59:00,577 [INFO] PluginManage:310 - Check plugin pinoutandconfiguration
2025-10-10 21:59:00,591 [INFO] PluginManage:359 - Loaded plugin pinoutandconfiguration (category:base,tabindex:1)
2025-10-10 21:59:00,591 [INFO] PluginManage:310 - Check plugin pinoutconfig
2025-10-10 21:59:00,707 [WARN] SupportedApi:132 - Cannot load RTOS API schema: s4s-elt-must-match.1: The content of 'definitions' must match (annotation?, (simpleType | complexType)?, (unique | key | keyref)*)). A problem was found starting at: attribute.
2025-10-10 21:59:00,864 [INFO] PluginManage:359 - Loaded plugin pinoutconfig (category:base,tabindex:0)
2025-10-10 21:59:00,864 [INFO] PluginManage:310 - Check plugin power
2025-10-10 21:59:00,876 [INFO] PluginManage:359 - Loaded plugin power (category:power,tabindex:4)
2025-10-10 21:59:00,877 [INFO] PluginManage:310 - Check plugin projectmanager
2025-10-10 21:59:00,896 [INFO] PluginManage:359 - Loaded plugin projectmanager (category:projectmanager,tabindex:4)
2025-10-10 21:59:00,897 [INFO] PluginManage:310 - Check plugin rif
2025-10-10 21:59:00,915 [INFO] PluginManage:359 - Loaded plugin rif (category:base,tabindex:3)
2025-10-10 21:59:00,915 [INFO] PluginManage:310 - Check plugin thirdparty
2025-10-10 21:59:01,091 [INFO] PluginManage:359 - Loaded plugin thirdparty (category:base,tabindex:-1)
2025-10-10 21:59:01,091 [INFO] PluginManage:310 - Check plugin tools
2025-10-10 21:59:01,091 [WARN] IntegrityCheckThread:84 - waiting for thirdparty lock release [integrity check]
2025-10-10 21:59:01,091 [INFO] IntegrityCheckThread:86 - entering critical section [integrity check]
2025-10-10 21:59:01,092 [INFO] ThirdPartyUpdaterWithRetryManager:70 - Updater plugin not ready yet. [1/15]
2025-10-10 21:59:01,098 [INFO] PluginManage:359 - Loaded plugin tools (category:base,tabindex:7)
2025-10-10 21:59:01,098 [INFO] PluginManage:310 - Check plugin tutovideos
2025-10-10 21:59:01,343 [INFO] PluginManage:359 - Loaded plugin tutovideos (category:base,tabindex:-1)
2025-10-10 21:59:01,343 [INFO] PluginManage:310 - Check plugin updater
2025-10-10 21:59:01,368 [INFO] PluginManage:359 - Loaded plugin updater (category:base,tabindex:12)
2025-10-10 21:59:01,368 [INFO] PluginManage:310 - Check plugin userauth
2025-10-10 21:59:01,373 [INFO] UserAuth:118 - Init User Auth plugin
2025-10-10 21:59:01,374 [INFO] PluginManage:359 - Loaded plugin userauth (category:base,tabindex:14)
2025-10-10 21:59:01,375 [INFO] PluginManage:283 - PluginManage : Loaded plugins [18]
2025-10-10 21:59:01,634 [INFO] PinOutPanel:1589 - setPackage(No Configuration,No Configuration)
2025-10-10 21:59:01,729 [INFO] CADModel:165 - CPN selected for project level
2025-10-10 21:59:01,729 [INFO] CADModel:114 - Register for checkConnection events
2025-10-10 21:59:01,757 [INFO] IPUIPlugin:80 - create IPUIPlugin
2025-10-10 21:59:01,757 [INFO] PluginManager:220 - loadIPPluginJar : add adc
2025-10-10 21:59:01,760 [INFO] IPUIPlugin:80 - create IPUIPlugin
2025-10-10 21:59:01,761 [INFO] PluginManager:220 - loadIPPluginJar : add aes
2025-10-10 21:59:01,765 [INFO] IPUIPlugin:80 - create IPUIPlugin
2025-10-10 21:59:01,765 [INFO] PluginManager:220 - loadIPPluginJar : add can
2025-10-10 21:59:01,767 [INFO] IPUIPlugin:80 - create IPUIPlugin
2025-10-10 21:59:01,767 [INFO] PluginManager:220 - loadIPPluginJar : add comp
2025-10-10 21:59:01,771 [INFO] IPUIPlugin:80 - create IPUIPlugin
2025-10-10 21:59:01,771 [INFO] PluginManager:220 - loadIPPluginJar : add cryp
2025-10-10 21:59:01,775 [INFO] IPUIPlugin:80 - create IPUIPlugin
2025-10-10 21:59:01,775 [INFO] PluginManager:220 - loadIPPluginJar : add ddr_ctrl_phy
2025-10-10 21:59:01,782 [INFO] IPUIPlugin:80 - create IPUIPlugin
2025-10-10 21:59:01,782 [INFO] PluginManager:220 - loadIPPluginJar : add dfsdm
2025-10-10 21:59:01,792 [INFO] IPUIPlugin:80 - create IPUIPlugin
2025-10-10 21:59:01,793 [INFO] PluginManager:220 - loadIPPluginJar : add dma
2025-10-10 21:59:01,798 [INFO] IPUIPlugin:80 - create IPUIPlugin
2025-10-10 21:59:01,799 [INFO] PluginManager:220 - loadIPPluginJar : add dma3
2025-10-10 21:59:01,804 [INFO] IPUIPlugin:80 - create IPUIPlugin
2025-10-10 21:59:01,804 [INFO] PluginManager:220 - loadIPPluginJar : add extmemmanager
2025-10-10 21:59:01,808 [INFO] IPUIPlugin:80 - create IPUIPlugin
2025-10-10 21:59:01,808 [INFO] PluginManager:220 - loadIPPluginJar : add fatfs
2025-10-10 21:59:01,815 [INFO] IPUIPlugin:80 - create IPUIPlugin
2025-10-10 21:59:01,815 [INFO] PluginManager:220 - loadIPPluginJar : add fmc
2025-10-10 21:59:01,824 [INFO] IPUIPlugin:80 - create IPUIPlugin
2025-10-10 21:59:01,824 [INFO] PluginManager:220 - loadIPPluginJar : add freertos
2025-10-10 21:59:01,826 [INFO] IPUIPlugin:80 - create IPUIPlugin
2025-10-10 21:59:01,826 [INFO] PluginManager:220 - loadIPPluginJar : add genericplugin
2025-10-10 21:59:01,829 [INFO] IPUIPlugin:80 - create IPUIPlugin
2025-10-10 21:59:01,830 [INFO] PluginManager:220 - loadIPPluginJar : add gfxmmu
2025-10-10 21:59:01,835 [INFO] IPUIPlugin:80 - create IPUIPlugin
2025-10-10 21:59:01,835 [INFO] PluginManager:220 - loadIPPluginJar : add gic
2025-10-10 21:59:01,840 [INFO] IPUIPlugin:80 - create IPUIPlugin
2025-10-10 21:59:01,840 [INFO] PluginManager:220 - loadIPPluginJar : add gpio
2025-10-10 21:59:01,843 [INFO] IPUIPlugin:80 - create IPUIPlugin
2025-10-10 21:59:01,843 [INFO] PluginManager:220 - loadIPPluginJar : add gtzc
2025-10-10 21:59:01,847 [INFO] IPUIPlugin:80 - create IPUIPlugin
2025-10-10 21:59:01,847 [INFO] PluginManager:220 - loadIPPluginJar : add hash
2025-10-10 21:59:01,850 [INFO] IPUIPlugin:80 - create IPUIPlugin
2025-10-10 21:59:01,851 [INFO] PluginManager:220 - loadIPPluginJar : add i2c
2025-10-10 21:59:01,854 [INFO] IPUIPlugin:80 - create IPUIPlugin
2025-10-10 21:59:01,854 [INFO] PluginManager:220 - loadIPPluginJar : add i2s
2025-10-10 21:59:01,858 [INFO] IPUIPlugin:80 - create IPUIPlugin
2025-10-10 21:59:01,858 [INFO] PluginManager:220 - loadIPPluginJar : add i3c
2025-10-10 21:59:01,862 [INFO] IPUIPlugin:80 - create IPUIPlugin
2025-10-10 21:59:01,862 [INFO] PluginManager:220 - loadIPPluginJar : add ipddr
2025-10-10 21:59:01,870 [INFO] IPUIPlugin:80 - create IPUIPlugin
2025-10-10 21:59:01,870 [INFO] PluginManager:220 - loadIPPluginJar : add linkedlist
2025-10-10 21:59:01,874 [INFO] IPUIPlugin:80 - create IPUIPlugin
2025-10-10 21:59:01,874 [INFO] PluginManager:220 - loadIPPluginJar : add lorawan
2025-10-10 21:59:01,876 [INFO] IPUIPlugin:80 - create IPUIPlugin
2025-10-10 21:59:01,876 [INFO] PluginManager:220 - loadIPPluginJar : add ltdc
2025-10-10 21:59:01,883 [INFO] IPUIPlugin:80 - create IPUIPlugin
2025-10-10 21:59:01,884 [INFO] PluginManager:220 - loadIPPluginJar : add mdma
2025-10-10 21:59:01,888 [INFO] IPUIPlugin:80 - create IPUIPlugin
2025-10-10 21:59:01,888 [INFO] PluginManager:220 - loadIPPluginJar : add nvic
2025-10-10 21:59:01,892 [INFO] IPUIPlugin:80 - create IPUIPlugin
2025-10-10 21:59:01,892 [INFO] PluginManager:220 - loadIPPluginJar : add opamp
2025-10-10 21:59:01,896 [INFO] IPUIPlugin:80 - create IPUIPlugin
2025-10-10 21:59:01,897 [INFO] PluginManager:220 - loadIPPluginJar : add openamp
2025-10-10 21:59:01,901 [INFO] IPUIPlugin:80 - create IPUIPlugin
2025-10-10 21:59:01,902 [INFO] PluginManager:220 - loadIPPluginJar : add pdm2pcm
2025-10-10 21:59:01,908 [INFO] IPUIPlugin:80 - create IPUIPlugin
2025-10-10 21:59:01,910 [INFO] PluginManager:220 - loadIPPluginJar : add plateformsettings
2025-10-10 21:59:01,913 [INFO] IPUIPlugin:80 - create IPUIPlugin
2025-10-10 21:59:01,913 [INFO] PluginManager:220 - loadIPPluginJar : add quadspi
2025-10-10 21:59:01,916 [INFO] IPUIPlugin:80 - create IPUIPlugin
2025-10-10 21:59:01,917 [INFO] PluginManager:220 - loadIPPluginJar : add radio
2025-10-10 21:59:01,922 [INFO] IPUIPlugin:80 - create IPUIPlugin
2025-10-10 21:59:01,923 [INFO] PluginManager:220 - loadIPPluginJar : add resmgrutility
2025-10-10 21:59:01,926 [INFO] IPUIPlugin:80 - create IPUIPlugin
2025-10-10 21:59:01,927 [INFO] PluginManager:220 - loadIPPluginJar : add sai
2025-10-10 21:59:01,930 [INFO] IPUIPlugin:80 - create IPUIPlugin
2025-10-10 21:59:01,930 [INFO] PluginManager:220 - loadIPPluginJar : add spi
2025-10-10 21:59:01,937 [INFO] IPUIPlugin:80 - create IPUIPlugin
2025-10-10 21:59:01,937 [INFO] PluginManager:220 - loadIPPluginJar : add stm32_wpan
2025-10-10 21:59:01,940 [INFO] IPUIPlugin:80 - create IPUIPlugin
2025-10-10 21:59:01,940 [INFO] PluginManager:220 - loadIPPluginJar : add tim
2025-10-10 21:59:01,945 [INFO] IPUIPlugin:80 - create IPUIPlugin
2025-10-10 21:59:01,945 [INFO] PluginManager:220 - loadIPPluginJar : add touchsensing
2025-10-10 21:59:01,947 [INFO] IPUIPlugin:80 - create IPUIPlugin
2025-10-10 21:59:01,948 [INFO] PluginManager:220 - loadIPPluginJar : add tracer_emb
2025-10-10 21:59:01,950 [INFO] IPUIPlugin:80 - create IPUIPlugin
2025-10-10 21:59:01,950 [INFO] PluginManager:220 - loadIPPluginJar : add ts
2025-10-10 21:59:01,953 [INFO] IPUIPlugin:80 - create IPUIPlugin
2025-10-10 21:59:01,953 [INFO] PluginManager:220 - loadIPPluginJar : add tsc
2025-10-10 21:59:01,955 [INFO] IPUIPlugin:80 - create IPUIPlugin
2025-10-10 21:59:01,956 [INFO] PluginManager:220 - loadIPPluginJar : add ucpd
2025-10-10 21:59:01,958 [INFO] IPUIPlugin:80 - create IPUIPlugin
2025-10-10 21:59:01,959 [INFO] PluginManager:220 - loadIPPluginJar : add usart
2025-10-10 21:59:01,964 [INFO] IPUIPlugin:80 - create IPUIPlugin
2025-10-10 21:59:01,964 [INFO] PluginManager:220 - loadIPPluginJar : add usbx
2025-10-10 21:59:02,097 [FATAL] Updater:351 - Updater called before beeing initialized
2025-10-10 21:59:02,137 [INFO] RulesReader:64 - Compatibility file has been processed (317 Rules)
2025-10-10 21:59:02,152 [INFO] RulesReader:64 - Compatibility file has been processed (317 Rules)
2025-10-10 21:59:02,164 [INFO] CADModel:165 - CPN selected for project level
2025-10-10 21:59:02,164 [INFO] CADModel:114 - Register for checkConnection events
2025-10-10 21:59:02,164 [FATAL] Updater:351 - Updater called before beeing initialized
2025-10-10 21:59:02,164 [ERROR] CADModel:125 - Updater not yet initialized, retry later 
2025-10-10 21:59:02,346 [FATAL] Updater:351 - Updater called before beeing initialized
2025-10-10 21:59:02,348 [INFO] CADModel:165 - CPN selected for project level
2025-10-10 21:59:02,348 [INFO] CADModel:114 - Register for checkConnection events
2025-10-10 21:59:02,348 [FATAL] Updater:351 - Updater called before beeing initialized
2025-10-10 21:59:02,348 [ERROR] CADModel:125 - Updater not yet initialized, retry later 
2025-10-10 21:59:02,351 [FATAL] Updater:351 - Updater called before beeing initialized
2025-10-10 21:59:02,470 [FATAL] Updater:351 - Updater called before beeing initialized
2025-10-10 21:59:02,475 [INFO] DbMcusAds:53 - JSON generation date=Thu Oct 02 06:36:05 ART 2025 (1759397765645)
2025-10-10 21:59:02,475 [FATAL] Updater:351 - Updater called before beeing initialized
2025-10-10 21:59:02,525 [WARN] DetailPanel:346 - Failed to get advertising image, set to default
2025-10-10 21:59:02,626 [FATAL] Updater:351 - Updater called before beeing initialized
2025-10-10 21:59:02,628 [FATAL] Updater:351 - Updater called before beeing initialized
2025-10-10 21:59:02,628 [FATAL] Updater:351 - Updater called before beeing initialized
2025-10-10 21:59:02,628 [WARN] DetailPanel:346 - Failed to get advertising image, set to default
2025-10-10 21:59:02,629 [FATAL] Updater:351 - Updater called before beeing initialized
2025-10-10 21:59:02,681 [ERROR] Updater:1198 - MainUpdater not yet initialized. External WinMGr cannot be set.
2025-10-10 21:59:02,683 [INFO] Updater:1134 - Updater Version found : 6.15.0
2025-10-10 21:59:02,702 [INFO] ApplicationProperties:184 - Using Application install path: C:\ST\STM32CubeIDE_1.19.0\STM32CubeIDE\plugins\com.st.stm32cube.common.mx_6.15.0.202507011659
2025-10-10 21:59:04,092 [INFO] ThirdPartyUpdaterWithRetryManager:70 - Updater plugin not ready yet. [2/15]
2025-10-10 21:59:04,298 [ERROR] LogOutputStream:75 - [STDERR_REDIRECT] Oct 10, 2025 9:59:04 PM java.util.prefs.WindowsPreferences <init>
2025-10-10 21:59:04,300 [ERROR] LogOutputStream:75 - [STDERR_REDIRECT] WARNING: Could not open/create prefs root node Software\JavaSoft\Prefs at root 0xffffffff80000002. Windows RegCreateKeyEx(...) returned error code 5.
2025-10-10 21:59:04,300 [ERROR] LogOutputStream:75 - [STDERR_REDIRECT] 
2025-10-10 21:59:04,610 [INFO] MainUpdater:2872 - connection check result : 10
2025-10-10 21:59:04,611 [INFO] MainUpdater:289 - Updater Check For Update Now.
2025-10-10 21:59:04,611 [INFO] MicroXplorer:498 - Change Database Version : DB.6.0.150
2025-10-10 21:59:04,621 [INFO] McuFinderGlobals:63 - Set McuFinder mode to 2 (CubeIDE integrated)
2025-10-10 21:59:04,623 [INFO] UserAuth:487 - Internet connection configuration mode: 1
2025-10-10 21:59:04,658 [INFO] JxBrowserEngine:152 - Initiate JxBrowser Engine with user profile folder
2025-10-10 21:59:04,809 [INFO] CheckServerUpdateThread:120 - End of CheckServer Thread
2025-10-10 21:59:05,909 [INFO] WebApp:169 - Instantiating new browser for Auth
2025-10-10 21:59:06,930 [INFO] WebApp:463 - Apply proxy settings
2025-10-10 21:59:06,930 [INFO] WebApp:548 - Chromium requires no authentication
2025-10-10 21:59:06,967 [INFO] WebApp:491 - Direct internet connection detected
2025-10-10 21:59:07,042 [INFO] WebApp:900 - Register for checkConnection events
2025-10-10 21:59:07,042 [INFO] WebApp:463 - Apply proxy settings
2025-10-10 21:59:07,043 [INFO] WebApp:548 - Chromium requires no authentication
2025-10-10 21:59:07,044 [INFO] WebApp:491 - Direct internet connection detected
2025-10-10 21:59:07,502 [INFO] WebApp:225 - Starting web application
2025-10-10 21:59:07,502 [INFO] WebApp:593 - Web application path used C:\ST\STM32CubeIDE_1.19.0\STM32CubeIDE\plugins\com.st.stm32cube.common.mx_6.15.0.202507011659\db\plugins\mcufinder\reactClient1\index.html
2025-10-10 21:59:07,618 [INFO] UserAuth:487 - Internet connection configuration mode: 1
2025-10-10 21:59:07,653 [INFO] WebApp:191 - Connection restablished
2025-10-10 21:59:07,743 [WARN] PackLoader:240 - Cannot read IP mode file for STMicroelectronics.FP-SNS-MOTENVWB1.1.4.0
2025-10-10 21:59:07,754 [WARN] PackLoader:240 - Cannot read IP mode file for STMicroelectronics.FP-ATR-ASTRA1.2.0.2
2025-10-10 21:59:07,763 [WARN] PackLoader:240 - Cannot read IP mode file for STMicroelectronics.X-CUBE-SMBUS.2.1.0
2025-10-10 21:59:07,768 [WARN] PackLoader:240 - Cannot read IP mode file for STMicroelectronics.X-CUBE-ST60.1.0.0
2025-10-10 21:59:07,801 [WARN] PackLoader:240 - Cannot read IP mode file for STMicroelectronics.X-CUBE-AZRTOS-F7.1.1.0
2025-10-10 21:59:07,811 [WARN] PackLoader:240 - Cannot read IP mode file for Cesanta.I-CUBE-Mongoose.7.19.0
2025-10-10 21:59:07,820 [WARN] PackLoader:240 - Cannot read IP mode file for WES.I-CUBE-Cesium.1.4.0
2025-10-10 21:59:07,843 [WARN] PackLoader:240 - Cannot read IP mode file for Infineon.AIROC-Wi-Fi-Bluetooth-STM32.1.7.1
2025-10-10 21:59:07,889 [WARN] PackLoader:240 - Cannot read IP mode file for STMicroelectronics.X-CUBE-AZRTOS-H7.3.4.0
2025-10-10 21:59:07,909 [WARN] PackLoader:240 - Cannot read IP mode file for STMicroelectronics.X-CUBE-DISPLAY.3.0.0
2025-10-10 21:59:07,942 [WARN] PackLoader:240 - Cannot read IP mode file for STMicroelectronics.X-CUBE-NFC10.1.0.0
2025-10-10 21:59:08,063 [WARN] PackLoader:240 - Cannot read IP mode file for emotas.I-CUBE-CANOPEN.1.3.0
2025-10-10 21:59:08,074 [WARN] PackLoader:240 - Cannot read IP mode file for STMicroelectronics.FP-SNS-STBOX1.2.1.0
2025-10-10 21:59:08,084 [WARN] PackLoader:240 - Cannot read IP mode file for STMicroelectronics.FP-SNS-SMARTAG2.1.2.0
2025-10-10 21:59:08,090 [WARN] PackLoader:240 - Cannot read IP mode file for STMicroelectronics.FP-SNS-FLIGHT1.5.1.0
2025-10-10 21:59:08,125 [INFO] LogOutputStream:77 - [STDOUT_REDIRECT] 1 : Invalid condition id : UX_CORESTACK_Condition cause : null
2025-10-10 21:59:08,126 [INFO] LogOutputStream:77 - [STDOUT_REDIRECT] 1 : Invalid condition id : UX_CORESTACK_Condition cause : null
2025-10-10 21:59:08,129 [INFO] LogOutputStream:77 - [STDOUT_REDIRECT] 1 : Invalid condition id : UX_CORESTACK_Condition cause : null
2025-10-10 21:59:08,130 [INFO] LogOutputStream:77 - [STDOUT_REDIRECT] 1 : Invalid condition id : UX_CORESTACK_Condition cause : null
2025-10-10 21:59:08,131 [INFO] LogOutputStream:77 - [STDOUT_REDIRECT] 1 : Invalid condition id : UX_CORESTACK_Condition cause : null
2025-10-10 21:59:08,135 [WARN] PackLoader:240 - Cannot read IP mode file for STMicroelectronics.X-CUBE-AZRTOS-WL.2.0.0
2025-10-10 21:59:08,158 [WARN] PackLoader:240 - Cannot read IP mode file for STMicroelectronics.FP-SNS-MOTENV1.5.0.0
2025-10-10 21:59:08,175 [WARN] PackLoader:240 - Cannot read IP mode file for STMicroelectronics.X-CUBE-BLE2.3.3.0
2025-10-10 21:59:08,185 [WARN] PackLoader:240 - Cannot read IP mode file for STMicroelectronics.X-CUBE-NFC9.1.0.0
2025-10-10 21:59:08,195 [WARN] PackLoader:240 - Cannot read IP mode file for wolfSSL.I-CUBE-wolfSSL.5.8.2
2025-10-10 21:59:08,201 [WARN] PackLoader:240 - Cannot read IP mode file for STMicroelectronics.X-CUBE-BLE1.7.1.0
2025-10-10 21:59:08,206 [WARN] PackLoader:240 - Cannot read IP mode file for wolfSSL.I-CUBE-wolfMQTT.1.19.2
2025-10-10 21:59:08,224 [WARN] PackLoader:240 - Cannot read IP mode file for STMicroelectronics.X-CUBE-EEPRMA1.5.2.0
2025-10-10 21:59:08,245 [WARN] PackLoader:240 - Cannot read IP mode file for STMicroelectronics.X-CUBE-AZRTOS-G0.1.1.0
2025-10-10 21:59:08,255 [WARN] PackLoader:240 - Cannot read IP mode file for STMicroelectronics.X-CUBE-SAFEA1.1.2.2
2025-10-10 21:59:08,262 [WARN] PackLoader:240 - Cannot read IP mode file for STMicroelectronics.X-CUBE-NFC4.3.0.0
2025-10-10 21:59:08,273 [WARN] PackLoader:240 - Cannot read IP mode file for EmbeddedOffice.I-CUBE-FS-RTOS.1.0.1
2025-10-10 21:59:08,282 [WARN] PackLoader:240 - Cannot read IP mode file for STMicroelectronics.X-CUBE-WB05N.2.0.0
2025-10-10 21:59:08,287 [WARN] PackLoader:240 - Cannot read IP mode file for wolfSSL.I-CUBE-wolfTPM.3.8.0
2025-10-10 21:59:08,296 [WARN] PackLoader:240 - Cannot read IP mode file for STMicroelectronics.X-CUBE-TCPP.4.2.0
2025-10-10 21:59:08,308 [WARN] PackLoader:240 - Cannot read IP mode file for RealThread.X-CUBE-RT-Thread_Nano.4.1.1
2025-10-10 21:59:08,317 [WARN] PackLoader:240 - Cannot read IP mode file for STMicroelectronics.FP-ATR-SIGFOX1.3.2.0
2025-10-10 21:59:08,327 [WARN] PackLoader:240 - Cannot read IP mode file for ITTIA_DB.I-CUBE-ITTIADB.8.9.0
2025-10-10 21:59:08,335 [WARN] PackLoader:240 - Cannot read IP mode file for STMicroelectronics.X-CUBE-ST67W61.1.0.0
2025-10-10 21:59:08,340 [WARN] PackLoader:240 - Cannot read IP mode file for STMicroelectronics.X-CUBE-AI.10.2.0
2025-10-10 21:59:08,376 [WARN] PackLoader:240 - Cannot read IP mode file for SEGGER.I-CUBE-embOS.1.3.1
2025-10-10 21:59:08,438 [WARN] PackLoader:240 - Cannot read IP mode file for STMicroelectronics.X-CUBE-ALGOBUILD.1.4.0
2025-10-10 21:59:08,510 [WARN] PackLoader:240 - Cannot read IP mode file for STMicroelectronics.X-CUBE-MEMS1.11.3.0
2025-10-10 21:59:08,749 [WARN] PackLoader:240 - Cannot read IP mode file for STMicroelectronics.X-CUBE-PM33A1.1.0.0
2025-10-10 21:59:08,771 [WARN] PackLoader:240 - Cannot read IP mode file for STMicroelectronics.X-CUBE-AZRTOS-F4.1.1.0
2025-10-10 21:59:08,780 [WARN] PackLoader:240 - Cannot read IP mode file for Avnet-IotConnect.X-CUBE-IoTC-DA16k-PMOD.1.0.0
2025-10-10 21:59:08,784 [WARN] PackLoader:240 - Cannot read IP mode file for STMicroelectronics.X-CUBE-ISPU.2.1.0
2025-10-10 21:59:08,791 [WARN] PackLoader:240 - Cannot read IP mode file for STMicroelectronics.X-CUBE-NFC12.1.0.0
2025-10-10 21:59:08,803 [WARN] PackLoader:240 - Cannot read IP mode file for STMicroelectronics.X-CUBE-AZRTOS-L5.2.0.0
2025-10-10 21:59:08,812 [WARN] PackLoader:240 - Cannot read IP mode file for STMicroelectronics.X-CUBE-NFC6.3.1.0
2025-10-10 21:59:08,821 [WARN] PackLoader:240 - Cannot read IP mode file for STMicroelectronics.X-CUBE-FREERTOS.1.3.1
2025-10-10 21:59:08,826 [WARN] PackLoader:240 - Cannot read IP mode file for STMicroelectronics.X-CUBE-TOUCHGFX.4.26.0
2025-10-10 21:59:08,832 [WARN] PackLoader:240 - Cannot read IP mode file for STMicroelectronics.FP-SNS-STAIOTCFT.1.0.0
2025-10-10 21:59:08,838 [WARN] PackLoader:240 - Cannot read IP mode file for STMicroelectronics.X-CUBE-DPower.1.3.0
2025-10-10 21:59:08,856 [WARN] ConditionMgr:438 - getConditionDescription Invalid condition id : LAN8742 Phy interface Condition cause : null
2025-10-10 21:59:08,856 [WARN] PackLoader:240 - Cannot read IP mode file for STMicroelectronics.X-CUBE-AZRTOS-L4.2.0.0
2025-10-10 21:59:08,857 [WARN] ConditionMgr:1044 - genDependencies : Invalid condition id : LAN8742 Phy interface Condition cause : null
2025-10-10 21:59:08,858 [WARN] ConditionMgr:1044 - genDependencies : Invalid condition id : LAN8742 Phy interface Condition cause : null
2025-10-10 21:59:08,858 [WARN] ConditionMgr:1044 - genDependencies : Invalid condition id : LAN8742 Phy interface Condition cause : null
2025-10-10 21:59:08,867 [WARN] PackLoader:240 - Cannot read IP mode file for STMicroelectronics.X-CUBE-SFXS2LP1.4.0.0
2025-10-10 21:59:08,880 [WARN] PackLoader:240 - Cannot read IP mode file for STMicroelectronics.X-CUBE-BLEMGR.4.1.0
2025-10-10 21:59:08,894 [WARN] ConditionMgr:438 - getConditionDescription Invalid condition id : UX DEVICE CLASS RTOS Condition cause : null
2025-10-10 21:59:08,895 [WARN] ConditionMgr:438 - getConditionDescription Invalid condition id : UX DEVICE CLASS RTOS Condition cause : null
2025-10-10 21:59:08,897 [WARN] PackLoader:240 - Cannot read IP mode file for STMicroelectronics.X-CUBE-AZRTOS-WB.2.0.0
2025-10-10 21:59:08,897 [WARN] ConditionMgr:1044 - genDependencies : Invalid condition id : UX DEVICE CLASS RTOS Condition cause : null
2025-10-10 21:59:08,897 [WARN] ConditionMgr:1044 - genDependencies : Invalid condition id : UX DEVICE CLASS RTOS Condition cause : null
2025-10-10 21:59:08,897 [WARN] ConditionMgr:1044 - genDependencies : Invalid condition id : UX DEVICE CLASS RTOS Condition cause : null
2025-10-10 21:59:08,898 [WARN] ConditionMgr:1044 - genDependencies : Invalid condition id : UX DEVICE CLASS RTOS Condition cause : null
2025-10-10 21:59:08,898 [WARN] ConditionMgr:1044 - genDependencies : Invalid condition id : UX DEVICE CLASS RTOS Condition cause : null
2025-10-10 21:59:08,904 [WARN] PackLoader:240 - Cannot read IP mode file for STMicroelectronics.X-CUBE-GNSS1.7.0.1
2025-10-10 21:59:08,909 [WARN] PackLoader:240 - Cannot read IP mode file for STMicroelectronics.X-CUBE-TOUCHGFX.4.25.0
2025-10-10 21:59:08,913 [WARN] ConditionMgr:438 - getConditionDescription Invalid condition id : Cortex-A Device cause : null
2025-10-10 21:59:08,925 [WARN] ConditionMgr:1044 - genDependencies : Invalid condition id : Cortex-A Device cause : null
2025-10-10 21:59:08,925 [WARN] ConditionMgr:1044 - genDependencies : Invalid condition id : Cortex-A Device cause : null
2025-10-10 21:59:08,925 [WARN] ConditionMgr:1044 - genDependencies : Invalid condition id : Cortex-A Device cause : null
2025-10-10 21:59:08,934 [WARN] PackLoader:240 - Cannot read IP mode file for STMicroelectronics.X-CUBE-SUBG2.5.0.0
2025-10-10 21:59:08,955 [WARN] PackLoader:240 - Cannot read IP mode file for STMicroelectronics.X-CUBE-AZRTOS-H7RS.1.1.0
2025-10-10 21:59:08,959 [WARN] PackLoader:240 - Cannot read IP mode file for Cesanta.I-CUBE-Mongoose.7.13.0
2025-10-10 21:59:08,974 [WARN] PackLoader:240 - Cannot read IP mode file for STMicroelectronics.X-CUBE-AZRTOS-G4.2.0.0
2025-10-10 21:59:08,980 [WARN] PackLoader:240 - Cannot read IP mode file for wolfSSL.I-CUBE-wolfSSH.1.4.20
2025-10-10 21:59:08,986 [WARN] PackLoader:240 - Cannot read IP mode file for STMicroelectronics.X-CUBE-NFC7.2.0.0
2025-10-10 21:59:08,997 [WARN] PackLoader:240 - Cannot read IP mode file for STMicroelectronics.X-CUBE-IPS.3.1.0
2025-10-10 21:59:09,006 [WARN] PackLoader:240 - Cannot read IP mode file for STMicroelectronics.X-CUBE-ALS.1.0.2
2025-10-10 21:59:09,012 [WARN] PackLoader:240 - Cannot read IP mode file for STMicroelectronics.X-CUBE-STSE01.1.0.0
2025-10-10 21:59:09,020 [WARN] PackLoader:240 - Cannot read IP mode file for portGmbH.I-Cube-SoM-uGOAL.1.1.0
2025-10-10 21:59:09,030 [WARN] PackLoader:240 - Cannot read IP mode file for STMicroelectronics.X-CUBE-TOF1.3.4.3
2025-10-10 21:59:09,040 [INFO] ThirdParty:978 - Integrity check success = true
2025-10-10 21:59:09,040 [INFO] IntegrityCheckThread:100 - exiting critical section [integrity check]
2025-10-10 21:59:09,040 [INFO] IntegrityCheckThread:103 - End integrity checks thread
2025-10-10 22:00:26,855 [INFO] WebApp:194 - Connection lost
2025-10-10 22:00:26,979 [INFO] WebApp:191 - Connection restablished
2025-10-10 22:00:28,972 [INFO] WebApp:194 - Connection lost
2025-10-10 22:00:29,076 [INFO] WebApp:191 - Connection restablished
2025-10-10 22:36:56,188 [ERROR] LogOutputStream:75 - [STDERR_REDIRECT] 
2025-10-10 22:37:39,250 [INFO] Activator:176 - 


2025-10-10 22:37:39,252 [INFO] Activator:177 - !SESSION log4j initialized
2025-10-10 22:37:43,784 [INFO] LogOutputStream:77 - [STDOUT_REDIRECT] 
2025-10-10 22:37:44,828 [INFO] ApplicationProperties:184 - Using Application install path: C:\ST\STM32CubeIDE_1.19.0\STM32CubeIDE\plugins\com.st.stm32cube.common.mx_6.15.0.202507011659
2025-10-10 22:37:44,840 [INFO] DbMcusXml:78 - Set database path to: C:\ST\STM32CubeIDE_1.19.0\STM32CubeIDE\plugins\com.st.stm32cube.common.mx_6.15.0.202507011659\\db\/mcu/
2025-10-10 22:37:44,841 [INFO] ApiDb:274 - Set plugin database path to: C:\ST\STM32CubeIDE_1.19.0\STM32CubeIDE\plugins\com.st.stm32cube.common.mx_6.15.0.202507011659\\db\/plugins/boardmanager/
2025-10-10 22:37:44,841 [WARN] ApiDb:259 - Overriding images path with different value:  => C:\ST\STM32CubeIDE_1.19.0\STM32CubeIDE\plugins\com.st.stm32cube.common.mx_6.15.0.202507011659\\db\/plugins/mcufinder/images/
2025-10-10 22:37:44,844 [INFO] ApiDb:250 - Set database path to: C:\Users\Paulo\.stmcufinder\plugins\mcufinder//mcu/
2025-10-10 22:37:44,845 [INFO] DbMcusAds:125 - Set database path to: C:\Users\Paulo\.stmcufinder\plugins\mcufinder//mcu/
2025-10-10 22:37:44,847 [INFO] CrossReferenceDbSqlite:203 - Set database path to: C:\Users\Paulo\.stmcufinder\plugins\mcufinder//mcu/cs/
2025-10-10 22:37:44,937 [INFO] RulesReader:64 - Compatibility file has been processed (317 Rules)
2025-10-10 22:37:44,989 [INFO] DbMcusXml:78 - Set database path to: C:\ST\STM32CubeIDE_1.19.0\STM32CubeIDE\plugins\com.st.stm32cube.common.mx_6.15.0.202507011659\\db\/mcu/
2025-10-10 22:37:44,989 [INFO] ApiDb:274 - Set plugin database path to: C:\ST\STM32CubeIDE_1.19.0\STM32CubeIDE\plugins\com.st.stm32cube.common.mx_6.15.0.202507011659\\db\/plugins/boardmanager/
2025-10-10 22:37:44,989 [INFO] ApiDb:261 - Set plugin images path to: C:\ST\STM32CubeIDE_1.19.0\STM32CubeIDE\plugins\com.st.stm32cube.common.mx_6.15.0.202507011659\\db\/plugins/mcufinder/images/
2025-10-10 22:37:44,990 [WARN] DbFile:41 - Overriding database path with different value: C:\Users\Paulo\.stmcufinder\plugins\mcufinder/ => C:\Users\Paulo\.stmcufinder\plugins\mcufinder
2025-10-10 22:37:44,990 [INFO] ApiDb:250 - Set database path to: C:\Users\Paulo\.stmcufinder\plugins\mcufinder//mcu/
2025-10-10 22:37:44,990 [WARN] DbFile:41 - Overriding database path with different value: C:\Users\Paulo\.stmcufinder\plugins\mcufinder/ => C:\Users\Paulo\.stmcufinder\plugins\mcufinder
2025-10-10 22:37:44,990 [INFO] DbMcusAds:125 - Set database path to: C:\Users\Paulo\.stmcufinder\plugins\mcufinder//mcu/
2025-10-10 22:37:44,990 [WARN] DbFile:41 - Overriding database path with different value: C:\Users\Paulo\.stmcufinder\plugins\mcufinder/ => C:\Users\Paulo\.stmcufinder\plugins\mcufinder
2025-10-10 22:37:44,990 [WARN] DbFile:41 - Overriding database path with different value: C:\Users\Paulo\.stmcufinder\plugins\mcufinder/ => C:\Users\Paulo\.stmcufinder\plugins\mcufinder
2025-10-10 22:37:44,990 [INFO] CrossReferenceDbSqlite:203 - Set database path to: C:\Users\Paulo\.stmcufinder\plugins\mcufinder//mcu/cs/
2025-10-10 22:37:45,044 [INFO] MainPanel:274 - HeapMemory: 268435456
2025-10-10 22:37:45,112 [INFO] DbMcusXml:78 - Set database path to: C:\ST\STM32CubeIDE_1.19.0\STM32CubeIDE\plugins\com.st.stm32cube.common.mx_6.15.0.202507011659\\db\/mcu/
2025-10-10 22:37:45,113 [INFO] ApiDb:274 - Set plugin database path to: C:\ST\STM32CubeIDE_1.19.0\STM32CubeIDE\plugins\com.st.stm32cube.common.mx_6.15.0.202507011659\\db\/plugins/boardmanager/
2025-10-10 22:37:45,113 [INFO] ApiDb:261 - Set plugin images path to: C:\ST\STM32CubeIDE_1.19.0\STM32CubeIDE\plugins\com.st.stm32cube.common.mx_6.15.0.202507011659\\db\/plugins/mcufinder/images/
2025-10-10 22:37:45,113 [WARN] DbFile:41 - Overriding database path with different value: C:\Users\Paulo\.stmcufinder\plugins\mcufinder/ => C:\Users\Paulo\.stmcufinder\plugins\mcufinder
2025-10-10 22:37:45,113 [INFO] ApiDb:250 - Set database path to: C:\Users\Paulo\.stmcufinder\plugins\mcufinder//mcu/
2025-10-10 22:37:45,113 [WARN] DbFile:41 - Overriding database path with different value: C:\Users\Paulo\.stmcufinder\plugins\mcufinder/ => C:\Users\Paulo\.stmcufinder\plugins\mcufinder
2025-10-10 22:37:45,113 [INFO] DbMcusAds:125 - Set database path to: C:\Users\Paulo\.stmcufinder\plugins\mcufinder//mcu/
2025-10-10 22:37:45,113 [WARN] DbFile:41 - Overriding database path with different value: C:\Users\Paulo\.stmcufinder\plugins\mcufinder/ => C:\Users\Paulo\.stmcufinder\plugins\mcufinder
2025-10-10 22:37:45,113 [WARN] DbFile:41 - Overriding database path with different value: C:\Users\Paulo\.stmcufinder\plugins\mcufinder/ => C:\Users\Paulo\.stmcufinder\plugins\mcufinder
2025-10-10 22:37:45,113 [INFO] CrossReferenceDbSqlite:203 - Set database path to: C:\Users\Paulo\.stmcufinder\plugins\mcufinder//mcu/cs/
2025-10-10 22:37:45,128 [INFO] ApplicationProperties:184 - Using Application install path: C:\ST\STM32CubeIDE_1.19.0\STM32CubeIDE\plugins\com.st.stm32cube.common.mx_6.15.0.202507011659
2025-10-10 22:37:45,129 [INFO] PluginManage:196 - Search for loadable plugins [exclusion list=, ]
2025-10-10 22:37:45,131 [INFO] PluginManage:310 - Check plugin analytics
2025-10-10 22:37:45,286 [INFO] AnalyticsPlugin:253 - Accepted Software Licenses: 
2025-10-10 22:37:45,286 [INFO] AnalyticsPlugin:255 - Accepted CMSIS Pack Licenses: STMicroelectronics.X-CUBE-NFC10.1.0.0
2025-10-10 22:37:45,286 [INFO] AnalyticsPlugin:257 - Accepted Firmware Licenses: FW.F4.1.28.0,FW.F4.1.27.0
2025-10-10 22:37:45,289 [INFO] PluginManage:359 - Loaded plugin analytics (category:tool,tabindex:-1)
2025-10-10 22:37:45,289 [INFO] PluginManage:310 - Check plugin cadmodel
2025-10-10 22:37:45,293 [INFO] CADModel:105 - Init CAD model plugin
2025-10-10 22:37:45,293 [INFO] PluginManage:359 - Loaded plugin cadmodel (category:power,tabindex:5)
2025-10-10 22:37:45,293 [INFO] PluginManage:310 - Check plugin clock
2025-10-10 22:37:45,300 [INFO] PluginManage:359 - Loaded plugin clock (category:base,tabindex:2)
2025-10-10 22:37:45,301 [INFO] PluginManage:310 - Check plugin ddr
2025-10-10 22:37:45,302 [INFO] PluginManage:359 - Loaded plugin ddr (category:tool,tabindex:6)
2025-10-10 22:37:45,304 [INFO] PluginManage:310 - Check plugin filemanager
2025-10-10 22:37:45,424 [INFO] PluginManage:359 - Loaded plugin filemanager (category:base,tabindex:10)
2025-10-10 22:37:45,424 [INFO] PluginManage:310 - Check plugin ipmanager
2025-10-10 22:37:45,430 [INFO] PluginManage:359 - Loaded plugin ipmanager (category:base,tabindex:5)
2025-10-10 22:37:45,431 [INFO] PluginManage:310 - Check plugin lpbam
2025-10-10 22:37:45,439 [INFO] PluginManage:359 - Loaded plugin lpbam (category:base,tabindex:0)
2025-10-10 22:37:45,439 [INFO] PluginManage:310 - Check plugin memorymap
2025-10-10 22:37:45,460 [INFO] PluginManage:359 - Loaded plugin memorymap (category:base,tabindex:4)
2025-10-10 22:37:45,460 [INFO] PluginManage:310 - Check plugin pinoutandconfiguration
2025-10-10 22:37:45,471 [INFO] PluginManage:359 - Loaded plugin pinoutandconfiguration (category:base,tabindex:1)
2025-10-10 22:37:45,471 [INFO] PluginManage:310 - Check plugin pinoutconfig
2025-10-10 22:37:45,557 [WARN] SupportedApi:132 - Cannot load RTOS API schema: s4s-elt-must-match.1: The content of 'definitions' must match (annotation?, (simpleType | complexType)?, (unique | key | keyref)*)). A problem was found starting at: attribute.
2025-10-10 22:37:45,684 [INFO] PluginManage:359 - Loaded plugin pinoutconfig (category:base,tabindex:0)
2025-10-10 22:37:45,684 [INFO] PluginManage:310 - Check plugin power
2025-10-10 22:37:45,692 [INFO] PluginManage:359 - Loaded plugin power (category:power,tabindex:4)
2025-10-10 22:37:45,692 [INFO] PluginManage:310 - Check plugin projectmanager
2025-10-10 22:37:45,707 [INFO] PluginManage:359 - Loaded plugin projectmanager (category:projectmanager,tabindex:4)
2025-10-10 22:37:45,707 [INFO] PluginManage:310 - Check plugin rif
2025-10-10 22:37:45,716 [INFO] PluginManage:359 - Loaded plugin rif (category:base,tabindex:3)
2025-10-10 22:37:45,716 [INFO] PluginManage:310 - Check plugin thirdparty
2025-10-10 22:37:45,842 [INFO] PluginManage:359 - Loaded plugin thirdparty (category:base,tabindex:-1)
2025-10-10 22:37:45,842 [INFO] PluginManage:310 - Check plugin tools
2025-10-10 22:37:45,842 [WARN] IntegrityCheckThread:84 - waiting for thirdparty lock release [integrity check]
2025-10-10 22:37:45,843 [INFO] IntegrityCheckThread:86 - entering critical section [integrity check]
2025-10-10 22:37:45,843 [INFO] ThirdPartyUpdaterWithRetryManager:70 - Updater plugin not ready yet. [1/15]
2025-10-10 22:37:45,845 [INFO] PluginManage:359 - Loaded plugin tools (category:base,tabindex:7)
2025-10-10 22:37:45,845 [INFO] PluginManage:310 - Check plugin tutovideos
2025-10-10 22:37:46,019 [INFO] PluginManage:359 - Loaded plugin tutovideos (category:base,tabindex:-1)
2025-10-10 22:37:46,019 [INFO] PluginManage:310 - Check plugin updater
2025-10-10 22:37:46,038 [INFO] PluginManage:359 - Loaded plugin updater (category:base,tabindex:12)
2025-10-10 22:37:46,038 [INFO] PluginManage:310 - Check plugin userauth
2025-10-10 22:37:46,043 [INFO] UserAuth:118 - Init User Auth plugin
2025-10-10 22:37:46,044 [INFO] PluginManage:359 - Loaded plugin userauth (category:base,tabindex:14)
2025-10-10 22:37:46,044 [INFO] PluginManage:283 - PluginManage : Loaded plugins [18]
2025-10-10 22:37:46,214 [INFO] PinOutPanel:1589 - setPackage(No Configuration,No Configuration)
2025-10-10 22:37:46,287 [INFO] CADModel:165 - CPN selected for project level
2025-10-10 22:37:46,287 [INFO] CADModel:114 - Register for checkConnection events
2025-10-10 22:37:46,304 [INFO] IPUIPlugin:80 - create IPUIPlugin
2025-10-10 22:37:46,304 [INFO] PluginManager:220 - loadIPPluginJar : add adc
2025-10-10 22:37:46,307 [INFO] IPUIPlugin:80 - create IPUIPlugin
2025-10-10 22:37:46,307 [INFO] PluginManager:220 - loadIPPluginJar : add aes
2025-10-10 22:37:46,309 [INFO] IPUIPlugin:80 - create IPUIPlugin
2025-10-10 22:37:46,309 [INFO] PluginManager:220 - loadIPPluginJar : add can
2025-10-10 22:37:46,311 [INFO] IPUIPlugin:80 - create IPUIPlugin
2025-10-10 22:37:46,311 [INFO] PluginManager:220 - loadIPPluginJar : add comp
2025-10-10 22:37:46,313 [INFO] IPUIPlugin:80 - create IPUIPlugin
2025-10-10 22:37:46,313 [INFO] PluginManager:220 - loadIPPluginJar : add cryp
2025-10-10 22:37:46,315 [INFO] IPUIPlugin:80 - create IPUIPlugin
2025-10-10 22:37:46,315 [INFO] PluginManager:220 - loadIPPluginJar : add ddr_ctrl_phy
2025-10-10 22:37:46,317 [INFO] IPUIPlugin:80 - create IPUIPlugin
2025-10-10 22:37:46,317 [INFO] PluginManager:220 - loadIPPluginJar : add dfsdm
2025-10-10 22:37:46,323 [INFO] IPUIPlugin:80 - create IPUIPlugin
2025-10-10 22:37:46,324 [INFO] PluginManager:220 - loadIPPluginJar : add dma
2025-10-10 22:37:46,326 [INFO] IPUIPlugin:80 - create IPUIPlugin
2025-10-10 22:37:46,326 [INFO] PluginManager:220 - loadIPPluginJar : add dma3
2025-10-10 22:37:46,329 [INFO] IPUIPlugin:80 - create IPUIPlugin
2025-10-10 22:37:46,329 [INFO] PluginManager:220 - loadIPPluginJar : add extmemmanager
2025-10-10 22:37:46,331 [INFO] IPUIPlugin:80 - create IPUIPlugin
2025-10-10 22:37:46,331 [INFO] PluginManager:220 - loadIPPluginJar : add fatfs
2025-10-10 22:37:46,334 [INFO] IPUIPlugin:80 - create IPUIPlugin
2025-10-10 22:37:46,335 [INFO] PluginManager:220 - loadIPPluginJar : add fmc
2025-10-10 22:37:46,339 [INFO] IPUIPlugin:80 - create IPUIPlugin
2025-10-10 22:37:46,339 [INFO] PluginManager:220 - loadIPPluginJar : add freertos
2025-10-10 22:37:46,340 [INFO] IPUIPlugin:80 - create IPUIPlugin
2025-10-10 22:37:46,340 [INFO] PluginManager:220 - loadIPPluginJar : add genericplugin
2025-10-10 22:37:46,341 [INFO] IPUIPlugin:80 - create IPUIPlugin
2025-10-10 22:37:46,342 [INFO] PluginManager:220 - loadIPPluginJar : add gfxmmu
2025-10-10 22:37:46,346 [INFO] IPUIPlugin:80 - create IPUIPlugin
2025-10-10 22:37:46,346 [INFO] PluginManager:220 - loadIPPluginJar : add gic
2025-10-10 22:37:46,348 [INFO] IPUIPlugin:80 - create IPUIPlugin
2025-10-10 22:37:46,348 [INFO] PluginManager:220 - loadIPPluginJar : add gpio
2025-10-10 22:37:46,350 [INFO] IPUIPlugin:80 - create IPUIPlugin
2025-10-10 22:37:46,350 [INFO] PluginManager:220 - loadIPPluginJar : add gtzc
2025-10-10 22:37:46,352 [INFO] IPUIPlugin:80 - create IPUIPlugin
2025-10-10 22:37:46,352 [INFO] PluginManager:220 - loadIPPluginJar : add hash
2025-10-10 22:37:46,355 [INFO] IPUIPlugin:80 - create IPUIPlugin
2025-10-10 22:37:46,355 [INFO] PluginManager:220 - loadIPPluginJar : add i2c
2025-10-10 22:37:46,359 [INFO] IPUIPlugin:80 - create IPUIPlugin
2025-10-10 22:37:46,359 [INFO] PluginManager:220 - loadIPPluginJar : add i2s
2025-10-10 22:37:46,361 [INFO] IPUIPlugin:80 - create IPUIPlugin
2025-10-10 22:37:46,361 [INFO] PluginManager:220 - loadIPPluginJar : add i3c
2025-10-10 22:37:46,364 [INFO] IPUIPlugin:80 - create IPUIPlugin
2025-10-10 22:37:46,364 [INFO] PluginManager:220 - loadIPPluginJar : add ipddr
2025-10-10 22:37:46,368 [INFO] IPUIPlugin:80 - create IPUIPlugin
2025-10-10 22:37:46,368 [INFO] PluginManager:220 - loadIPPluginJar : add linkedlist
2025-10-10 22:37:46,370 [INFO] IPUIPlugin:80 - create IPUIPlugin
2025-10-10 22:37:46,370 [INFO] PluginManager:220 - loadIPPluginJar : add lorawan
2025-10-10 22:37:46,371 [INFO] IPUIPlugin:80 - create IPUIPlugin
2025-10-10 22:37:46,371 [INFO] PluginManager:220 - loadIPPluginJar : add ltdc
2025-10-10 22:37:46,375 [INFO] IPUIPlugin:80 - create IPUIPlugin
2025-10-10 22:37:46,375 [INFO] PluginManager:220 - loadIPPluginJar : add mdma
2025-10-10 22:37:46,377 [INFO] IPUIPlugin:80 - create IPUIPlugin
2025-10-10 22:37:46,377 [INFO] PluginManager:220 - loadIPPluginJar : add nvic
2025-10-10 22:37:46,381 [INFO] IPUIPlugin:80 - create IPUIPlugin
2025-10-10 22:37:46,381 [INFO] PluginManager:220 - loadIPPluginJar : add opamp
2025-10-10 22:37:46,384 [INFO] IPUIPlugin:80 - create IPUIPlugin
2025-10-10 22:37:46,384 [INFO] PluginManager:220 - loadIPPluginJar : add openamp
2025-10-10 22:37:46,389 [INFO] IPUIPlugin:80 - create IPUIPlugin
2025-10-10 22:37:46,389 [INFO] PluginManager:220 - loadIPPluginJar : add pdm2pcm
2025-10-10 22:37:46,394 [INFO] IPUIPlugin:80 - create IPUIPlugin
2025-10-10 22:37:46,396 [INFO] PluginManager:220 - loadIPPluginJar : add plateformsettings
2025-10-10 22:37:46,397 [INFO] IPUIPlugin:80 - create IPUIPlugin
2025-10-10 22:37:46,398 [INFO] PluginManager:220 - loadIPPluginJar : add quadspi
2025-10-10 22:37:46,399 [INFO] IPUIPlugin:80 - create IPUIPlugin
2025-10-10 22:37:46,399 [INFO] PluginManager:220 - loadIPPluginJar : add radio
2025-10-10 22:37:46,403 [INFO] IPUIPlugin:80 - create IPUIPlugin
2025-10-10 22:37:46,403 [INFO] PluginManager:220 - loadIPPluginJar : add resmgrutility
2025-10-10 22:37:46,406 [INFO] IPUIPlugin:80 - create IPUIPlugin
2025-10-10 22:37:46,406 [INFO] PluginManager:220 - loadIPPluginJar : add sai
2025-10-10 22:37:46,408 [INFO] IPUIPlugin:80 - create IPUIPlugin
2025-10-10 22:37:46,408 [INFO] PluginManager:220 - loadIPPluginJar : add spi
2025-10-10 22:37:46,412 [INFO] IPUIPlugin:80 - create IPUIPlugin
2025-10-10 22:37:46,413 [INFO] PluginManager:220 - loadIPPluginJar : add stm32_wpan
2025-10-10 22:37:46,413 [INFO] IPUIPlugin:80 - create IPUIPlugin
2025-10-10 22:37:46,415 [INFO] PluginManager:220 - loadIPPluginJar : add tim
2025-10-10 22:37:46,418 [INFO] IPUIPlugin:80 - create IPUIPlugin
2025-10-10 22:37:46,418 [INFO] PluginManager:220 - loadIPPluginJar : add touchsensing
2025-10-10 22:37:46,422 [INFO] IPUIPlugin:80 - create IPUIPlugin
2025-10-10 22:37:46,422 [INFO] PluginManager:220 - loadIPPluginJar : add tracer_emb
2025-10-10 22:37:46,424 [INFO] IPUIPlugin:80 - create IPUIPlugin
2025-10-10 22:37:46,424 [INFO] PluginManager:220 - loadIPPluginJar : add ts
2025-10-10 22:37:46,426 [INFO] IPUIPlugin:80 - create IPUIPlugin
2025-10-10 22:37:46,426 [INFO] PluginManager:220 - loadIPPluginJar : add tsc
2025-10-10 22:37:46,427 [INFO] IPUIPlugin:80 - create IPUIPlugin
2025-10-10 22:37:46,427 [INFO] PluginManager:220 - loadIPPluginJar : add ucpd
2025-10-10 22:37:46,429 [INFO] IPUIPlugin:80 - create IPUIPlugin
2025-10-10 22:37:46,429 [INFO] PluginManager:220 - loadIPPluginJar : add usart
2025-10-10 22:37:46,431 [INFO] IPUIPlugin:80 - create IPUIPlugin
2025-10-10 22:37:46,431 [INFO] PluginManager:220 - loadIPPluginJar : add usbx
2025-10-10 22:37:46,546 [FATAL] Updater:351 - Updater called before beeing initialized
2025-10-10 22:37:46,569 [INFO] RulesReader:64 - Compatibility file has been processed (317 Rules)
2025-10-10 22:37:46,578 [INFO] RulesReader:64 - Compatibility file has been processed (317 Rules)
2025-10-10 22:37:46,585 [INFO] CADModel:165 - CPN selected for project level
2025-10-10 22:37:46,585 [INFO] CADModel:114 - Register for checkConnection events
2025-10-10 22:37:46,585 [FATAL] Updater:351 - Updater called before beeing initialized
2025-10-10 22:37:46,585 [ERROR] CADModel:125 - Updater not yet initialized, retry later 
2025-10-10 22:37:46,715 [FATAL] Updater:351 - Updater called before beeing initialized
2025-10-10 22:37:46,716 [INFO] CADModel:165 - CPN selected for project level
2025-10-10 22:37:46,716 [INFO] CADModel:114 - Register for checkConnection events
2025-10-10 22:37:46,716 [FATAL] Updater:351 - Updater called before beeing initialized
2025-10-10 22:37:46,716 [ERROR] CADModel:125 - Updater not yet initialized, retry later 
2025-10-10 22:37:46,720 [FATAL] Updater:351 - Updater called before beeing initialized
2025-10-10 22:37:46,834 [FATAL] Updater:351 - Updater called before beeing initialized
2025-10-10 22:37:46,837 [INFO] DbMcusAds:53 - JSON generation date=Thu Oct 02 06:36:05 ART 2025 (1759397765645)
2025-10-10 22:37:46,838 [FATAL] Updater:351 - Updater called before beeing initialized
2025-10-10 22:37:46,864 [WARN] DetailPanel:346 - Failed to get advertising image, set to default
2025-10-10 22:37:46,927 [FATAL] Updater:351 - Updater called before beeing initialized
2025-10-10 22:37:46,929 [FATAL] Updater:351 - Updater called before beeing initialized
2025-10-10 22:37:46,929 [FATAL] Updater:351 - Updater called before beeing initialized
2025-10-10 22:37:46,929 [WARN] DetailPanel:346 - Failed to get advertising image, set to default
2025-10-10 22:37:46,930 [FATAL] Updater:351 - Updater called before beeing initialized
2025-10-10 22:37:46,964 [ERROR] Updater:1198 - MainUpdater not yet initialized. External WinMGr cannot be set.
2025-10-10 22:37:46,965 [INFO] Updater:1134 - Updater Version found : 6.15.0
2025-10-10 22:37:46,977 [INFO] ApplicationProperties:184 - Using Application install path: C:\ST\STM32CubeIDE_1.19.0\STM32CubeIDE\plugins\com.st.stm32cube.common.mx_6.15.0.202507011659
2025-10-10 22:37:48,544 [ERROR] LogOutputStream:75 - [STDERR_REDIRECT] Oct 10, 2025 10:37:48 PM java.util.prefs.WindowsPreferences <init>
2025-10-10 22:37:48,546 [ERROR] LogOutputStream:75 - [STDERR_REDIRECT] WARNING: Could not open/create prefs root node Software\JavaSoft\Prefs at root 0xffffffff80000002. Windows RegCreateKeyEx(...) returned error code 5.
2025-10-10 22:37:48,546 [ERROR] LogOutputStream:75 - [STDERR_REDIRECT] 
2025-10-10 22:37:48,747 [INFO] MainUpdater:2872 - connection check result : 10
2025-10-10 22:37:48,747 [INFO] MainUpdater:289 - Updater Check For Update Now.
2025-10-10 22:37:48,747 [INFO] MicroXplorer:498 - Change Database Version : DB.6.0.150
2025-10-10 22:37:48,753 [INFO] McuFinderGlobals:63 - Set McuFinder mode to 2 (CubeIDE integrated)
2025-10-10 22:37:48,755 [INFO] UserAuth:487 - Internet connection configuration mode: 1
2025-10-10 22:37:48,771 [INFO] JxBrowserEngine:152 - Initiate JxBrowser Engine with user profile folder
2025-10-10 22:37:48,845 [WARN] MainUpdater:1193 - Updater busy. Cannot search thirdparties
2025-10-10 22:37:48,845 [INFO] ThirdPartyUpdaterWithRetryManager:96 - Updater plugin is busy. [1/15]
2025-10-10 22:37:48,925 [INFO] CheckServerUpdateThread:120 - End of CheckServer Thread
2025-10-10 22:37:49,273 [INFO] WebApp:169 - Instantiating new browser for Auth
2025-10-10 22:37:49,820 [INFO] WebApp:463 - Apply proxy settings
2025-10-10 22:37:49,821 [INFO] WebApp:548 - Chromium requires no authentication
2025-10-10 22:37:49,827 [INFO] WebApp:491 - Direct internet connection detected
2025-10-10 22:37:49,853 [INFO] WebApp:900 - Register for checkConnection events
2025-10-10 22:37:49,854 [INFO] WebApp:463 - Apply proxy settings
2025-10-10 22:37:49,854 [INFO] WebApp:548 - Chromium requires no authentication
2025-10-10 22:37:49,854 [INFO] WebApp:491 - Direct internet connection detected
2025-10-10 22:37:49,966 [INFO] WebApp:225 - Starting web application
2025-10-10 22:37:49,966 [INFO] WebApp:593 - Web application path used C:\ST\STM32CubeIDE_1.19.0\STM32CubeIDE\plugins\com.st.stm32cube.common.mx_6.15.0.202507011659\db\plugins\mcufinder\reactClient1\index.html
2025-10-10 22:37:50,033 [INFO] UserAuth:487 - Internet connection configuration mode: 1
2025-10-10 22:37:50,200 [INFO] WebApp:191 - Connection restablished
2025-10-10 22:37:52,055 [WARN] PackLoader:240 - Cannot read IP mode file for STMicroelectronics.FP-SNS-MOTENVWB1.1.4.0
2025-10-10 22:37:52,066 [WARN] PackLoader:240 - Cannot read IP mode file for STMicroelectronics.FP-ATR-ASTRA1.2.0.2
2025-10-10 22:37:52,076 [WARN] PackLoader:240 - Cannot read IP mode file for STMicroelectronics.X-CUBE-SMBUS.2.1.0
2025-10-10 22:37:52,082 [WARN] PackLoader:240 - Cannot read IP mode file for STMicroelectronics.X-CUBE-ST60.1.0.0
2025-10-10 22:37:52,118 [WARN] PackLoader:240 - Cannot read IP mode file for STMicroelectronics.X-CUBE-AZRTOS-F7.1.1.0
2025-10-10 22:37:52,126 [WARN] PackLoader:240 - Cannot read IP mode file for Cesanta.I-CUBE-Mongoose.7.19.0
2025-10-10 22:37:52,138 [WARN] PackLoader:240 - Cannot read IP mode file for WES.I-CUBE-Cesium.1.4.0
2025-10-10 22:37:52,168 [WARN] PackLoader:240 - Cannot read IP mode file for Infineon.AIROC-Wi-Fi-Bluetooth-STM32.1.7.1
2025-10-10 22:37:52,220 [WARN] PackLoader:240 - Cannot read IP mode file for STMicroelectronics.X-CUBE-AZRTOS-H7.3.4.0
2025-10-10 22:37:52,232 [WARN] PackLoader:240 - Cannot read IP mode file for STMicroelectronics.X-CUBE-DISPLAY.3.0.0
2025-10-10 22:37:52,251 [WARN] PackLoader:240 - Cannot read IP mode file for STMicroelectronics.X-CUBE-NFC10.1.0.0
2025-10-10 22:37:52,361 [WARN] PackLoader:240 - Cannot read IP mode file for emotas.I-CUBE-CANOPEN.1.3.0
2025-10-10 22:37:52,369 [WARN] PackLoader:240 - Cannot read IP mode file for STMicroelectronics.FP-SNS-STBOX1.2.1.0
2025-10-10 22:37:52,377 [WARN] PackLoader:240 - Cannot read IP mode file for STMicroelectronics.FP-SNS-SMARTAG2.1.2.0
2025-10-10 22:37:52,382 [WARN] PackLoader:240 - Cannot read IP mode file for STMicroelectronics.FP-SNS-FLIGHT1.5.1.0
2025-10-10 22:37:52,389 [INFO] LogOutputStream:77 - [STDOUT_REDIRECT] 1 : Invalid condition id : UX_CORESTACK_Condition cause : null
2025-10-10 22:37:52,390 [INFO] LogOutputStream:77 - [STDOUT_REDIRECT] 1 : Invalid condition id : UX_CORESTACK_Condition cause : null
2025-10-10 22:37:52,393 [INFO] LogOutputStream:77 - [STDOUT_REDIRECT] 1 : Invalid condition id : UX_CORESTACK_Condition cause : null
2025-10-10 22:37:52,394 [INFO] LogOutputStream:77 - [STDOUT_REDIRECT] 1 : Invalid condition id : UX_CORESTACK_Condition cause : null
2025-10-10 22:37:52,395 [INFO] LogOutputStream:77 - [STDOUT_REDIRECT] 1 : Invalid condition id : UX_CORESTACK_Condition cause : null
2025-10-10 22:37:52,397 [WARN] PackLoader:240 - Cannot read IP mode file for STMicroelectronics.X-CUBE-AZRTOS-WL.2.0.0
2025-10-10 22:37:52,404 [WARN] PackLoader:240 - Cannot read IP mode file for STMicroelectronics.FP-SNS-MOTENV1.5.0.0
2025-10-10 22:37:52,411 [WARN] PackLoader:240 - Cannot read IP mode file for STMicroelectronics.X-CUBE-BLE2.3.3.0
2025-10-10 22:37:52,420 [WARN] PackLoader:240 - Cannot read IP mode file for STMicroelectronics.X-CUBE-NFC9.1.0.0
2025-10-10 22:37:52,427 [WARN] PackLoader:240 - Cannot read IP mode file for wolfSSL.I-CUBE-wolfSSL.5.8.2
2025-10-10 22:37:52,432 [WARN] PackLoader:240 - Cannot read IP mode file for STMicroelectronics.X-CUBE-BLE1.7.1.0
2025-10-10 22:37:52,438 [WARN] PackLoader:240 - Cannot read IP mode file for wolfSSL.I-CUBE-wolfMQTT.1.19.2
2025-10-10 22:37:52,442 [WARN] PackLoader:240 - Cannot read IP mode file for STMicroelectronics.X-CUBE-EEPRMA1.5.2.0
2025-10-10 22:37:52,456 [WARN] PackLoader:240 - Cannot read IP mode file for STMicroelectronics.X-CUBE-AZRTOS-G0.1.1.0
2025-10-10 22:37:52,464 [WARN] PackLoader:240 - Cannot read IP mode file for STMicroelectronics.X-CUBE-SAFEA1.1.2.2
2025-10-10 22:37:52,471 [WARN] PackLoader:240 - Cannot read IP mode file for STMicroelectronics.X-CUBE-NFC4.3.0.0
2025-10-10 22:37:52,478 [WARN] PackLoader:240 - Cannot read IP mode file for EmbeddedOffice.I-CUBE-FS-RTOS.1.0.1
2025-10-10 22:37:52,483 [WARN] PackLoader:240 - Cannot read IP mode file for STMicroelectronics.X-CUBE-WB05N.2.0.0
2025-10-10 22:37:52,490 [WARN] PackLoader:240 - Cannot read IP mode file for wolfSSL.I-CUBE-wolfTPM.3.8.0
2025-10-10 22:37:52,495 [WARN] PackLoader:240 - Cannot read IP mode file for STMicroelectronics.X-CUBE-TCPP.4.2.0
2025-10-10 22:37:52,502 [WARN] PackLoader:240 - Cannot read IP mode file for RealThread.X-CUBE-RT-Thread_Nano.4.1.1
2025-10-10 22:37:52,506 [WARN] PackLoader:240 - Cannot read IP mode file for STMicroelectronics.FP-ATR-SIGFOX1.3.2.0
2025-10-10 22:37:52,510 [WARN] PackLoader:240 - Cannot read IP mode file for ITTIA_DB.I-CUBE-ITTIADB.8.9.0
2025-10-10 22:37:52,517 [WARN] PackLoader:240 - Cannot read IP mode file for STMicroelectronics.X-CUBE-ST67W61.1.0.0
2025-10-10 22:37:52,521 [WARN] PackLoader:240 - Cannot read IP mode file for STMicroelectronics.X-CUBE-AI.10.2.0
2025-10-10 22:37:52,541 [WARN] PackLoader:240 - Cannot read IP mode file for SEGGER.I-CUBE-embOS.1.3.1
2025-10-10 22:37:52,612 [WARN] PackLoader:240 - Cannot read IP mode file for STMicroelectronics.X-CUBE-ALGOBUILD.1.4.0
2025-10-10 22:37:52,689 [WARN] PackLoader:240 - Cannot read IP mode file for STMicroelectronics.X-CUBE-MEMS1.11.3.0
2025-10-10 22:37:52,839 [WARN] PackLoader:240 - Cannot read IP mode file for STMicroelectronics.X-CUBE-PM33A1.1.0.0
2025-10-10 22:37:52,854 [WARN] PackLoader:240 - Cannot read IP mode file for STMicroelectronics.X-CUBE-AZRTOS-F4.1.1.0
2025-10-10 22:37:52,861 [WARN] PackLoader:240 - Cannot read IP mode file for Avnet-IotConnect.X-CUBE-IoTC-DA16k-PMOD.1.0.0
2025-10-10 22:37:52,864 [WARN] PackLoader:240 - Cannot read IP mode file for STMicroelectronics.X-CUBE-ISPU.2.1.0
2025-10-10 22:37:52,869 [WARN] PackLoader:240 - Cannot read IP mode file for STMicroelectronics.X-CUBE-NFC12.1.0.0
2025-10-10 22:37:52,887 [WARN] PackLoader:240 - Cannot read IP mode file for STMicroelectronics.X-CUBE-AZRTOS-L5.2.0.0
2025-10-10 22:37:52,898 [WARN] PackLoader:240 - Cannot read IP mode file for STMicroelectronics.X-CUBE-NFC6.3.1.0
2025-10-10 22:37:52,907 [WARN] PackLoader:240 - Cannot read IP mode file for STMicroelectronics.X-CUBE-FREERTOS.1.3.1
2025-10-10 22:37:52,912 [WARN] PackLoader:240 - Cannot read IP mode file for STMicroelectronics.X-CUBE-TOUCHGFX.4.26.0
2025-10-10 22:37:52,917 [WARN] PackLoader:240 - Cannot read IP mode file for STMicroelectronics.FP-SNS-STAIOTCFT.1.0.0
2025-10-10 22:37:52,922 [WARN] PackLoader:240 - Cannot read IP mode file for STMicroelectronics.X-CUBE-DPower.1.3.0
2025-10-10 22:37:52,939 [WARN] ConditionMgr:438 - getConditionDescription Invalid condition id : LAN8742 Phy interface Condition cause : null
2025-10-10 22:37:52,940 [WARN] PackLoader:240 - Cannot read IP mode file for STMicroelectronics.X-CUBE-AZRTOS-L4.2.0.0
2025-10-10 22:37:52,940 [WARN] ConditionMgr:1044 - genDependencies : Invalid condition id : LAN8742 Phy interface Condition cause : null
2025-10-10 22:37:52,940 [WARN] ConditionMgr:1044 - genDependencies : Invalid condition id : LAN8742 Phy interface Condition cause : null
2025-10-10 22:37:52,941 [WARN] ConditionMgr:1044 - genDependencies : Invalid condition id : LAN8742 Phy interface Condition cause : null
2025-10-10 22:37:52,947 [WARN] PackLoader:240 - Cannot read IP mode file for STMicroelectronics.X-CUBE-SFXS2LP1.4.0.0
2025-10-10 22:37:52,957 [WARN] PackLoader:240 - Cannot read IP mode file for STMicroelectronics.X-CUBE-BLEMGR.4.1.0
2025-10-10 22:37:52,968 [WARN] ConditionMgr:438 - getConditionDescription Invalid condition id : UX DEVICE CLASS RTOS Condition cause : null
2025-10-10 22:37:52,968 [WARN] ConditionMgr:438 - getConditionDescription Invalid condition id : UX DEVICE CLASS RTOS Condition cause : null
2025-10-10 22:37:52,970 [WARN] PackLoader:240 - Cannot read IP mode file for STMicroelectronics.X-CUBE-AZRTOS-WB.2.0.0
2025-10-10 22:37:52,971 [WARN] ConditionMgr:1044 - genDependencies : Invalid condition id : UX DEVICE CLASS RTOS Condition cause : null
2025-10-10 22:37:52,971 [WARN] ConditionMgr:1044 - genDependencies : Invalid condition id : UX DEVICE CLASS RTOS Condition cause : null
2025-10-10 22:37:52,971 [WARN] ConditionMgr:1044 - genDependencies : Invalid condition id : UX DEVICE CLASS RTOS Condition cause : null
2025-10-10 22:37:52,971 [WARN] ConditionMgr:1044 - genDependencies : Invalid condition id : UX DEVICE CLASS RTOS Condition cause : null
2025-10-10 22:37:52,971 [WARN] ConditionMgr:1044 - genDependencies : Invalid condition id : UX DEVICE CLASS RTOS Condition cause : null
2025-10-10 22:37:52,976 [WARN] PackLoader:240 - Cannot read IP mode file for STMicroelectronics.X-CUBE-GNSS1.7.0.1
2025-10-10 22:37:52,980 [WARN] PackLoader:240 - Cannot read IP mode file for STMicroelectronics.X-CUBE-TOUCHGFX.4.25.0
2025-10-10 22:37:52,985 [WARN] ConditionMgr:438 - getConditionDescription Invalid condition id : Cortex-A Device cause : null
2025-10-10 22:37:52,994 [WARN] ConditionMgr:1044 - genDependencies : Invalid condition id : Cortex-A Device cause : null
2025-10-10 22:37:52,995 [WARN] ConditionMgr:1044 - genDependencies : Invalid condition id : Cortex-A Device cause : null
2025-10-10 22:37:52,995 [WARN] ConditionMgr:1044 - genDependencies : Invalid condition id : Cortex-A Device cause : null
2025-10-10 22:37:53,004 [WARN] PackLoader:240 - Cannot read IP mode file for STMicroelectronics.X-CUBE-SUBG2.5.0.0
2025-10-10 22:37:53,024 [WARN] PackLoader:240 - Cannot read IP mode file for STMicroelectronics.X-CUBE-AZRTOS-H7RS.1.1.0
2025-10-10 22:37:53,029 [WARN] PackLoader:240 - Cannot read IP mode file for Cesanta.I-CUBE-Mongoose.7.13.0
2025-10-10 22:37:53,037 [WARN] PackLoader:240 - Cannot read IP mode file for STMicroelectronics.X-CUBE-AZRTOS-G4.2.0.0
2025-10-10 22:37:53,043 [WARN] PackLoader:240 - Cannot read IP mode file for wolfSSL.I-CUBE-wolfSSH.1.4.20
2025-10-10 22:37:53,048 [WARN] PackLoader:240 - Cannot read IP mode file for STMicroelectronics.X-CUBE-NFC7.2.0.0
2025-10-10 22:37:53,080 [WARN] PackLoader:240 - Cannot read IP mode file for STMicroelectronics.X-CUBE-IPS.3.1.0
2025-10-10 22:37:53,090 [WARN] PackLoader:240 - Cannot read IP mode file for STMicroelectronics.X-CUBE-ALS.1.0.2
2025-10-10 22:37:53,098 [WARN] PackLoader:240 - Cannot read IP mode file for STMicroelectronics.X-CUBE-STSE01.1.0.0
2025-10-10 22:37:53,104 [WARN] PackLoader:240 - Cannot read IP mode file for portGmbH.I-Cube-SoM-uGOAL.1.1.0
2025-10-10 22:37:53,113 [WARN] PackLoader:240 - Cannot read IP mode file for STMicroelectronics.X-CUBE-TOF1.3.4.3
2025-10-10 22:37:53,122 [INFO] ThirdParty:978 - Integrity check success = true
2025-10-10 22:37:53,122 [INFO] IntegrityCheckThread:100 - exiting critical section [integrity check]
2025-10-10 22:37:53,122 [INFO] IntegrityCheckThread:103 - End integrity checks thread
2025-10-10 22:59:07,018 [INFO] WebApp:194 - Connection lost
2025-10-10 22:59:07,151 [INFO] WebApp:191 - Connection restablished
2025-10-10 23:16:45,890 [INFO] McuFinderGlobals:63 - Set McuFinder mode to 2 (CubeIDE integrated)
2025-10-10 23:16:45,898 [INFO] MainUpdater:2872 - connection check result : 10
2025-10-10 23:16:45,900 [INFO] MainUpdater:2872 - connection check result : 10
2025-10-10 23:16:45,940 [INFO] MicroXplorer:468 - Change Database Path : 
2025-10-10 23:16:45,941 [INFO] MicroXplorer:498 - Change Database Version : DB.6.0.150
2025-10-10 23:16:45,947 [WARN] ThirdParty:871 - waiting for thirdparty lock release [close project]
2025-10-10 23:16:45,949 [INFO] ThirdParty:873 - entering critical section [close project]
2025-10-10 23:16:45,950 [INFO] ThirdParty:883 - exiting critical section [close project]
2025-10-10 23:16:45,953 [INFO] PinOutPanel:1589 - setPackage(No Configuration,No Configuration)
2025-10-10 23:16:45,957 [INFO] UtilMem:75 - Begin LoadConfig() Used Memory: 460001872 Bytes (570425344)
2025-10-10 23:16:45,960 [INFO] MicroXplorer:468 - Change Database Path : 
2025-10-10 23:16:45,960 [INFO] MicroXplorer:498 - Change Database Version : DB.6.0.150
2025-10-10 23:16:45,960 [INFO] OpenFileManager:355 - Change cursor
2025-10-10 23:16:45,978 [INFO] ThirdPartyDownloadManager:103 - Found SW packSTMicroelectronics.X-CUBE-NFC10.1.0.0up-to-date on disk
2025-10-10 23:16:46,052 [INFO] Mcu:2029 - Initializing MCU STM32F446R(C-E)Tx STM32F446RETx STM32F446RET6
2025-10-10 23:16:47,591 [INFO] Context:786 - Trying to add GPIOservice into a context  which must be forbidden
2025-10-10 23:16:48,078 [INFO] ApiDbMcu:532 - Load IP Config File for STMicroelectronics.X-CUBE-NFC10.1.0.0
2025-10-10 23:16:48,187 [INFO] ImportTextPane:234 - (OptionalMessage_ERROR) Pin18 (VP_RIF_VS_RIF1) cannot be retrieved for this MCU
2025-10-10 23:16:48,273 [INFO] RtosManager:558 - Registered RTOS mode: class=CMSIS, group=RTOS, mode=CMSIS_V1, owner=FREERTOS
2025-10-10 23:16:48,273 [INFO] RtosManager:558 - Registered RTOS mode: class=CMSIS, group=RTOS2, mode=CMSIS_V2, owner=FREERTOS
2025-10-10 23:16:48,273 [INFO] RtosManager:558 - Registered RTOS mode: class=RTOS, group=Core, mode=CMSIS_V1, owner=FREERTOS
2025-10-10 23:16:48,273 [INFO] RtosManager:558 - Registered RTOS mode: class=RTOS, group=Core, mode=CMSIS_V2, owner=FREERTOS
2025-10-10 23:16:48,273 [WARN] ModelIntegratedComponent:184 - Missing modes for component STMicroelectronics:FreeRTOS:0.0.1:STMicroelectronics:RTOS:FreeRTOS:Core:::10.2.0:
2025-10-10 23:16:48,293 [WARN] ModelIntegratedComponent:63 - No mode defined for component null
2025-10-10 23:16:48,293 [WARN] ModelIntegratedComponent:63 - No mode defined for component null
2025-10-10 23:16:48,293 [WARN] ModelIntegratedComponent:63 - No mode defined for component null
2025-10-10 23:16:48,293 [WARN] ModelIntegratedComponent:63 - No mode defined for component null
2025-10-10 23:16:48,293 [WARN] ModelIntegratedComponent:63 - No mode defined for component null
2025-10-10 23:16:48,294 [WARN] ModelIntegratedComponent:63 - No mode defined for component null
2025-10-10 23:16:48,294 [WARN] ModelIntegratedComponent:63 - No mode defined for component null
2025-10-10 23:16:48,294 [WARN] ModelIntegratedComponent:63 - No mode defined for component null
2025-10-10 23:16:48,294 [WARN] ModelIntegratedComponent:63 - No mode defined for component null
2025-10-10 23:16:48,294 [WARN] ModelIntegratedComponent:63 - No mode defined for component null
2025-10-10 23:16:48,294 [WARN] ModelIntegratedComponent:63 - No mode defined for component null
2025-10-10 23:16:48,294 [WARN] ModelIntegratedComponent:63 - No mode defined for component null
2025-10-10 23:16:48,294 [WARN] ModelIntegratedComponent:63 - No mode defined for component null
2025-10-10 23:16:48,294 [WARN] ModelIntegratedComponent:63 - No mode defined for component null
2025-10-10 23:16:48,294 [WARN] ModelIntegratedComponent:63 - No mode defined for component null
2025-10-10 23:16:48,294 [WARN] ModelIntegratedComponent:63 - No mode defined for component null
2025-10-10 23:16:48,294 [WARN] ModelIntegratedComponent:63 - No mode defined for component null
2025-10-10 23:16:48,294 [WARN] ModelIntegratedComponent:63 - No mode defined for component null
2025-10-10 23:16:48,294 [WARN] ModelIntegratedComponent:63 - No mode defined for component null
2025-10-10 23:16:48,294 [WARN] ModelIntegratedComponent:63 - No mode defined for component null
2025-10-10 23:16:48,294 [WARN] ModelIntegratedComponent:63 - No mode defined for component null
2025-10-10 23:16:48,294 [WARN] ModelIntegratedComponent:63 - No mode defined for component null
2025-10-10 23:16:48,295 [WARN] ModelIntegratedComponent:63 - No mode defined for component null
2025-10-10 23:16:48,295 [WARN] ModelIntegratedComponent:63 - No mode defined for component null
2025-10-10 23:16:48,295 [WARN] ModelIntegratedComponent:63 - No mode defined for component null
2025-10-10 23:16:48,295 [WARN] ModelIntegratedComponent:63 - No mode defined for component null
2025-10-10 23:16:48,295 [WARN] ModelIntegratedComponent:63 - No mode defined for component null
2025-10-10 23:16:48,295 [WARN] ModelIntegratedComponent:63 - No mode defined for component null
2025-10-10 23:16:48,295 [WARN] ModelIntegratedComponent:63 - No mode defined for component null
2025-10-10 23:16:48,295 [WARN] ModelIntegratedComponent:63 - No mode defined for component null
2025-10-10 23:16:48,295 [WARN] ModelIntegratedComponent:63 - No mode defined for component null
2025-10-10 23:16:48,295 [WARN] ModelIntegratedComponent:63 - No mode defined for component null
2025-10-10 23:16:48,295 [WARN] ModelIntegratedComponent:63 - No mode defined for component null
2025-10-10 23:16:48,296 [WARN] ModelIntegratedComponent:63 - No mode defined for component null
2025-10-10 23:16:48,296 [WARN] ModelIntegratedComponent:63 - No mode defined for component null
2025-10-10 23:16:48,296 [WARN] ModelPack:524 - Component already loaded: STMicroelectronics:HAL Drivers:0.0.0:STMicroelectronics:Device:STMicro_Driver:XSPI:HAL::0.0.1:HAL_XSPI
2025-10-10 23:16:48,883 [INFO] ThirdPartyModel:298 - Start build external matchings
2025-10-10 23:16:49,134 [INFO] ThirdPartyModel:316 - End build external matchings
2025-10-10 23:16:49,145 [INFO] ImportTextPane:234 - (OptionalMessage_ERROR) IP (RCC) : Invalid parameter (48MHZClocksFreq_Value)
2025-10-10 23:16:49,145 [INFO] ImportTextPane:234 - (OptionalMessage_ERROR) IP (RCC) : Invalid parameter (EthernetFreq_Value)
2025-10-10 23:16:49,146 [INFO] ImportTextPane:234 - (OptionalMessage_ERROR) IP (RCC) : Parameter (FLatency) has Id (AdvancedSettings) currently not set
2025-10-10 23:16:49,146 [INFO] ImportTextPane:234 - (OptionalMessage_ERROR) IP (RCC) : Invalid parameter (FamilyName)
2025-10-10 23:16:49,146 [INFO] ImportTextPane:234 - (OptionalMessage_ERROR) IP (RCC) : Invalid parameter (I2SClocksFreq_Value)
2025-10-10 23:16:49,147 [INFO] ImportTextPane:234 - (OptionalMessage_ERROR) IP (RCC) : Parameter (SDIOFreq_Value) has invalid value (168000000)
2025-10-10 23:16:49,147 [INFO] ImportTextPane:234 - (OptionalMessage_ERROR) IP (RCC) : Parameter (USBFreq_Value) has invalid value (168000000)
2025-10-10 23:16:49,148 [INFO] ImportTextPane:234 - (OptionalMessage_ERROR) IP (RCC) : Invalid parameter (VCOInputMFreq_Value)
2025-10-10 23:16:49,148 [INFO] ImportTextPane:234 - (OptionalMessage_ERROR) IP (RCC) : Invalid parameter (VcooutputI2S)
2025-10-10 23:16:49,460 [INFO] ApiDb:581 - Connected to CubeFinder SQLite database (C:\Users\Paulo\.stmcufinder\plugins\mcufinder\mcu\cube-finder-db.db)
2025-10-10 23:16:49,537 [INFO] ApiDb:668 - CubeFinder database Data Model version=2.1
2025-10-10 23:16:49,537 [INFO] ApiDb:669 - CubeFinder database Configuration version=3.0.39
2025-10-10 23:16:49,538 [INFO] ApiDb:670 - CubeFinder database generation date=2025-08-25 (1756130511)
2025-10-10 23:16:49,538 [INFO] ApiDb:671 - CubeFinder database FW Pack versions=[FP-ATR-ASTRA1_V2.0.0, FP-SNS-FLIGHT1_V5.1.0, FP-SNS-MOTENV1_V5.0.0, FP-SNS-MOTENVWB1_V1.4.0, FP-SNS-SMARTAG2_V1.2.0, FP-SNS-STBOX1_V2.1.0, STM32Cube_FW_C0_V1.4.0, STM32Cube_FW_F4_V1.28.3, STM32Cube_FW_F7_V1.17.4, STM32Cube_FW_G0_V1.6.2, STM32Cube_FW_G4_V1.6.1, STM32Cube_FW_H5_V1.5.0, STM32Cube_FW_H7RS_V1.2.0, STM32Cube_FW_H7_V1.12.1, STM32Cube_FW_L0_V1.12.2, STM32Cube_FW_L4_V1.18.1, STM32Cube_FW_L5_V1.5.1, STM32Cube_FW_N6_V1.2.0, STM32Cube_FW_U0_V1.3.0, STM32Cube_FW_U3_V1.2.0, STM32Cube_FW_U5_V1.8.0, STM32Cube_FW_WB0_V1.3.0, STM32Cube_FW_WBA_V1.7.0, STM32Cube_FW_WB_V1.23.0, STM32Cube_FW_WL3_V1.2.0, STM32Cube_FW_WL_V1.3.1, X-CUBE-ALGOBUILD_V1.4.0, X-CUBE-ALS_V1.0.2, X-CUBE-AZRTOS-F4_V1.1.0, X-CUBE-AZRTOS-F7_V1.1.0, X-CUBE-AZRTOS-G0_V1.1.0, X-CUBE-AZRTOS-G4_V2.0.0, X-CUBE-AZRTOS-H7RS_V1.1.0, X-CUBE-AZRTOS-H7_V3.4.0, X-CUBE-AZRTOS-L4_V2.0.0, X-CUBE-AZRTOS-L5_V2.0.0, X-CUBE-AZRTOS-WB_V2.0.0, X-CUBE-AZRTOS-WL_V2.0.0, X-CUBE-BLE1_V7.1.0, X-CUBE-BLE2_V3.3.0, X-CUBE-BLEMGR_V4.1.0, X-CUBE-EEPRMA1_V5.2.0, X-CUBE-FREERTOS_V1.3.1, X-CUBE-GNSS1_V6.0.0, X-CUBE-MEMS1_V11.3.0, X-CUBE-NFC4_V3.0.0, X-CUBE-NFC7_V2.0.0, X-CUBE-SFXS2LP1_V4.0.0, X-CUBE-ST67W61_V1.0.0, X-CUBE-SUBG2_V5.0.0, X-CUBE-TOF1_V3.4.3]
2025-10-10 23:16:49,637 [INFO] DbBoardsSqlite:226 - include board P-NUCLEO-WB55-NUCLEO as a kit item of type 'Nucleo-64'
2025-10-10 23:16:49,637 [INFO] DbBoardsSqlite:226 - include board P-NUCLEO-WB55-USBDONGLE as a kit item of type 'Nucleo USB Dongle'
2025-10-10 23:16:49,638 [INFO] DbBoardsSqlite:226 - include board STEVAL-IDP005V1 as a kit item of type 'Evaluation Board'
2025-10-10 23:16:49,639 [INFO] DbBoardsSqlite:226 - include board STEVAL-IDP005V2 as a kit item of type 'Evaluation Board'
2025-10-10 23:16:49,982 [INFO] ApiDb:240 - Found 880 in-development CPN: [B-G473E-ZEST1S, B-WB1M-WPAN1, B-WBA5M-WPAN, B-WL5M-SUBG1, NUCLEO-C031C6, NUCLEO-C051C8, NUCLEO-C071RB, NUCLEO-C092RC, NUCLEO-H503RB, NUCLEO-H533RE, NUCLEO-H563ZI, NUCLEO-H7S3L8, NUCLEO-N657X0-Q, NUCLEO-U031R8, NUCLEO-U083RC, NUCLEO-U385RG-Q, NUCLEO-U545RE-Q, NUCLEO-U5A5ZJ-Q, NUCLEO-WB05KZ, NUCLEO-WB07CC, NUCLEO-WB09KE, NUCLEO-WBA52CG, NUCLEO-WBA55CG, NUCLEO-WL33CC1, NUCLEO-WL33CC2, STEVAL-PROTEUS1, STEVAL-SMARTAG2, STEVAL-STWINBX1, STM320518-EVAL, STM32C0116-DK, STM32C011D6Y3TR, STM32C011D6Y6TR, STM32C011F4P3, STM32C011F4P6, STM32C011F4U3, STM32C011F4U6TR, STM32C011F6P3, STM32C011F6P6, STM32C011F6U3, STM32C011F6U6TR, STM32C011J4M3, STM32C011J4M6, STM32C011J6M3, STM32C011J6M6, STM32C0316-DK, STM32C031C4T3, STM32C031C4T6, STM32C031C4U3, STM32C031C4U6, STM32C031C6T3, STM32C031C6T6, STM32C031C6U3, STM32C031C6U6, STM32C031F4P3, STM32C031F4P6, STM32C031F6P3, STM32C031F6P6, STM32C031G4U3, STM32C031G4U6, STM32C031G6U3, STM32C031G6U6, STM32C031K4T3, STM32C031K4T6, STM32C031K4U3, STM32C031K4U6, STM32C031K6T3, STM32C031K6T6, STM32C031K6U3, STM32C031K6U6, STM32C051C6T6, STM32C051C6U6, STM32C051C8T6, STM32C051C8U6, STM32C051D8Y6TR, STM32C051F6P6, STM32C051F8P6, STM32C051G6U6, STM32C051G8U6, STM32C051K6T6, STM32C051K6U6, STM32C051K8T6, STM32C071C8T6, STM32C071C8T6N, STM32C071C8U6, STM32C071C8U6N, STM32C071CBT6, STM32C071CBT6N, STM32C071CBU6, STM32C071CBU6N, STM32C071F8P6, STM32C071F8P6N, STM32C071FBP6, STM32C071FBP6N, STM32C071FBY6TR, STM32C071G8U6, STM32C071G8U6N, STM32C071GBU6, STM32C071GBU6N, STM32C071K8T6, STM32C071K8T6N, STM32C071K8U6, STM32C071K8U6N, STM32C071KBT6, STM32C071KBT6N, STM32C071KBU6, STM32C071KBU6N, STM32C071R8T6, STM32C071R8T6N, STM32C071RBI6N, STM32C071RBT6, STM32C071RBT6N, STM32C091CBT6, STM32C091CBU6, STM32C091CCT6, STM32C091CCU6, STM32C091ECY6TR, STM32C091FBP6, STM32C091FCP6, STM32C091GBU6, STM32C091GCU6, STM32C091KBT6, STM32C091KBU6, STM32C091KCT6, STM32C091KCU6, STM32C091RBT6, STM32C091RCI6, STM32C091RCT6, STM32C092CBT6, STM32C092CBU6, STM32C092CCT6, STM32C092CCU6, STM32C092ECY6TR, STM32C092FBP6, STM32C092FCP6, STM32C092GBU6, STM32C092GCU6, STM32C092KBT6, STM32C092KBU6, STM32C092KCT6, STM32C092KCU6, STM32C092RBT6, STM32C092RCI6, STM32C092RCT6, STM32G071K8TXN, STM32G071K8UXN, STM32G081GBU6N, STM32G081KBT6N, STM32G081KBUXN, STM32G0B1CCT6N, STM32G0B1KCT6, STM32G0B1NEY6TR, STM32G0B1RCT6N, STM32G0C1CCT6, STM32G0C1CCT6N, STM32G0C1CCU6N, STM32G0C1CET6N, STM32G0C1CEU6N, STM32G0C1KCT6, STM32G0C1NEY6TR, STM32G0C1RCI6N, STM32G0C1RCT6N, STM32G0C1REI6N, STM32G0C1RET6N, STM32G0C1VCI6, STM32G0C1VEI6, STM32G411C6T3, STM32G411C6T6, STM32G411C6U3, STM32G411C6U6, STM32G411C8T3, STM32G411C8T6, STM32G411C8U3, STM32G411C8U6, STM32G411CBT3, STM32G411CBT6, STM32G411CBU3, STM32G411CBU6, STM32G411K6T3, STM32G411K6T6, STM32G411K6U3, STM32G411K6U6, STM32G411K8T3, STM32G411K8T6, STM32G411K8U3, STM32G411K8U6, STM32G411KBT3, STM32G411KBT6, STM32G411KBU3, STM32G411KBU6, STM32G411M6T3, STM32G411M6T6, STM32G411M8T3, STM32G411M8T6, STM32G411MBT3, STM32G411MBT6, STM32G411R6T3, STM32G411R6T6, STM32G411R8T3, STM32G411R8T6, STM32G411RBT3, STM32G411RBT6, STM32G414CBT3, STM32G414CBT6, STM32G414CBU3, STM32G414CBU6, STM32G414CCT3, STM32G414CCT6, STM32G414CCU3, STM32G414CCU6, STM32G414MBT3, STM32G414MBT6, STM32G414MCT3, STM32G414MCT6, STM32G414RBT3, STM32G414RBT6, STM32G414RCT3, STM32G414RCT6, STM32G414VBT3, STM32G414VBT6, STM32G414VCT3, STM32G414VCT6, STM32G431CBT3Z, STM32G431RBT3Z, STM32G471CCT6, STM32G471CCU6, STM32G471CET3, STM32G471CET6, STM32G471CEU3, STM32G471CEU6, STM32G471MCT6, STM32G471MET3, STM32G471MET6, STM32G471MEY6TR, STM32G471QCT6, STM32G471QET3, STM32G471RCT6, STM32G471RET3, STM32G471RET6, STM32G471VCH6, STM32G471VCI6, STM32G471VCT6, STM32G471VEH3, STM32G471VEH6, STM32G471VEI3, STM32G471VEI6, STM32G471VET3, STM32G471VET6, STM32G473QET3Z, STM32G473RET3Z, STM32G474CCT6, STM32G491RET3Z, STM32H503CBT6, STM32H503CBU6, STM32H503EBY6TR, STM32H503KBU6, STM32H503RBT6, STM32H523CCT6, STM32H523CCU6, STM32H523CET6, STM32H523CEU6, STM32H523HEY6TR, STM32H523RCT6, STM32H523RET6, STM32H523VCI6, STM32H523VCT6, STM32H523VEI6, STM32H523VET6, STM32H523ZCJ6, STM32H523ZCT6, STM32H523ZEJ6, STM32H523ZET6, STM32H533CET6, STM32H533CEU6, STM32H533HEY6TR, STM32H533RET6, STM32H533VEI6, STM32H533VET6, STM32H533ZEJ6, STM32H533ZET6, STM32H562AGI6, STM32H562AII6, STM32H562IGK6, STM32H562IGT6, STM32H562IIK6, STM32H562IIT6, STM32H562RGT6, STM32H562RGV6, STM32H562RIT6, STM32H562RIV6, STM32H562VGT6, STM32H562VIT6, STM32H562ZGT6, STM32H562ZIT6, STM32H563AGI6, STM32H563AII3Q, STM32H563AII6, STM32H563IGK6, STM32H563IGT6, STM32H563IIK3Q, STM32H563IIK6, STM32H563IIT3Q, STM32H563IIT6, STM32H563MIY3QTR, STM32H563RGT6, STM32H563RGV6, STM32H563RIT6, STM32H563RIV6, STM32H563VGT6, STM32H563VIT3Q, STM32H563VIT6, STM32H563ZGT6, STM32H563ZIT3Q, STM32H563ZIT6, STM32H573AII3Q, STM32H573AII6, STM32H573I-DK, STM32H573IIK3Q, STM32H573IIK6, STM32H573IIT3Q, STM32H573IIT6, STM32H573MIY3QTR, STM32H573RIT6, STM32H573RIV6, STM32H573VIT3Q, STM32H573VIT6, STM32H573ZIT3Q, STM32H573ZIT6, STM32H7R3A8I6, STM32H7R3I8K6, STM32H7R3I8T6, STM32H7R3L8H6, STM32H7R3L8H6H, STM32H7R3R8V6, STM32H7R3V8H6, STM32H7R3V8T6, STM32H7R3V8Y6TR, STM32H7R3Z8J6, STM32H7R3Z8T6, STM32H7R7A8I6, STM32H7R7I8K6, STM32H7R7I8T6, STM32H7R7L8H6, STM32H7R7L8H6H, STM32H7R7Z8J6, STM32H7S3A8I6, STM32H7S3I8K6, STM32H7S3I8T6, STM32H7S3L8H6, STM32H7S3L8H6H, STM32H7S3R8V6, STM32H7S3V8H6, STM32H7S3V8T6, STM32H7S3V8Y6TR, STM32H7S3Z8J6, STM32H7S3Z8T6, STM32H7S78-DK, STM32H7S7A8I6, STM32H7S7I8K6, STM32H7S7I8T6, STM32H7S7L8H6, STM32H7S7L8H6H, STM32H7S7Z8J6, STM32L4R5QGI6STR, STM32MP131AAE3, STM32MP131AAF3, STM32MP131AAG3, STM32MP131CAE3, STM32MP131CAF3, STM32MP131CAG3, STM32MP131DAE7, STM32MP131DAF7, STM32MP131DAG7, STM32MP131FAE7, STM32MP131FAF7, STM32MP131FAG7, STM32MP133AAE3, STM32MP133AAF3, STM32MP133AAG3, STM32MP133CAE3, STM32MP133CAF3, STM32MP133CAG3, STM32MP133DAE7, STM32MP133DAF7, STM32MP133DAG7, STM32MP133FAE7, STM32MP133FAF7, STM32MP133FAG7, STM32MP135AAE3, STM32MP135AAF3, STM32MP135AAG3, STM32MP135CAE3, STM32MP135CAF3, STM32MP135CAG3, STM32MP135DAE7, STM32MP135DAF7, STM32MP135DAG7, STM32MP135F-DK, STM32MP135FAE7, STM32MP135FAF7, STM32MP135FAF7T, STM32MP135FAF7U, STM32MP135FAG7, STM32MP211AAL3, STM32MP211AAM3, STM32MP211AAN3, STM32MP211AAO3, STM32MP211CAL3, STM32MP211CAM3, STM32MP211CAN3, STM32MP211CAO3, STM32MP211DAL3, STM32MP211DAM3, STM32MP211DAN3, STM32MP211DAO3, STM32MP211FAL3, STM32MP211FAM3, STM32MP211FAN3, STM32MP211FAO3, STM32MP213AAL3, STM32MP213AAM3, STM32MP213AAN3, STM32MP213AAO3, STM32MP213CAL3, STM32MP213CAM3, STM32MP213CAN3, STM32MP213CAO3, STM32MP213DAL3, STM32MP213DAM3, STM32MP213DAN3, STM32MP213DAO3, STM32MP213FAL3, STM32MP213FAM3, STM32MP213FAN3, STM32MP213FAO3, STM32MP215AAL3, STM32MP215AAM3, STM32MP215AAN3, STM32MP215AAO3, STM32MP215CAL3, STM32MP215CAM3, STM32MP215CAN3, STM32MP215CAO3, STM32MP215DAL3, STM32MP215DAM3, STM32MP215DAN3, STM32MP215DAO3, STM32MP215F-DK, STM32MP215FAL3, STM32MP215FAM3, STM32MP215FAN3, STM32MP215FAO3, STM32MP231AAJ3, STM32MP231AAK3, STM32MP231AAL3, STM32MP231CAJ3, STM32MP231CAK3, STM32MP231CAL3, STM32MP231DAJ3, STM32MP231DAK3, STM32MP231DAL3, STM32MP231FAJ3, STM32MP231FAK3, STM32MP231FAL3, STM32MP233AAJ3, STM32MP233AAK3, STM32MP233AAL3, STM32MP233CAJ3, STM32MP233CAK3, STM32MP233CAL3, STM32MP233DAJ3, STM32MP233DAK3, STM32MP233DAL3, STM32MP233FAJ3, STM32MP233FAK3, STM32MP233FAL3, STM32MP235AAJ3, STM32MP235AAK3, STM32MP235AAL3, STM32MP235CAJ3, STM32MP235CAK3, STM32MP235CAL3, STM32MP235DAJ3, STM32MP235DAK3, STM32MP235DAL3, STM32MP235FAJ3, STM32MP235FAK3, STM32MP235FAL3, STM32MP251AAI3, STM32MP251AAK3, STM32MP251AAL3, STM32MP251CAI3, STM32MP251CAK3, STM32MP251CAL3, STM32MP251DAI3, STM32MP251DAK3, STM32MP251DAL3, STM32MP251FAI3, STM32MP251FAK3, STM32MP251FAL3, STM32MP253AAI3, STM32MP253AAK3, STM32MP253AAL3, STM32MP253CAI3, STM32MP253CAK3, STM32MP253CAL3, STM32MP253DAI3, STM32MP253DAK3, STM32MP253DAL3, STM32MP253FAI3, STM32MP253FAK3, STM32MP253FAL3, STM32MP255AAI3, STM32MP255AAK3, STM32MP255AAL3, STM32MP255CAI3, STM32MP255CAK3, STM32MP255CAL3, STM32MP255DAI3, STM32MP255DAK3, STM32MP255DAL3, STM32MP255FAI3, STM32MP255FAK3, STM32MP255FAL3, STM32MP257AAI3, STM32MP257AAK3, STM32MP257AAL3, STM32MP257CAI3, STM32MP257CAK3, STM32MP257CAL3, STM32MP257DAI3, STM32MP257DAK3, STM32MP257DAL3, STM32MP257F-DK, STM32MP257F-EV1, STM32MP257FAI3, STM32MP257FAK3, STM32MP257FAL3, STM32N645A0H3Q, STM32N645B0H3Q, STM32N645I0H3Q, STM32N645L0H3Q, STM32N645X0H3Q, STM32N645Z0H3Q, STM32N647A0H3Q, STM32N647B0H3Q, STM32N647I0H3Q, STM32N647L0H3Q, STM32N647X0H3Q, STM32N647Z0H3Q, STM32N655A0H3Q, STM32N655B0H3Q, STM32N655I0H3Q, STM32N655L0H3Q, STM32N655X0H3Q, STM32N655Z0H3Q, STM32N6570-DK, STM32N657A0H3Q, STM32N657B0H3Q, STM32N657I0H3Q, STM32N657L0H3Q, STM32N657X0H3Q, STM32N657Z0H3Q, STM32U031C6T6, STM32U031C6U6, STM32U031C8T6, STM32U031C8U6, STM32U031F4P6, STM32U031F6P6, STM32U031F8P6, STM32U031G6Y6TR, STM32U031G8Y6TR, STM32U031K4U6, STM32U031K6U6, STM32U031K8U6, STM32U031R6I6, STM32U031R6T6, STM32U031R8I6, STM32U031R8T6, STM32U073C8T6, STM32U073C8U6, STM32U073CBT6, STM32U073CBU6, STM32U073CCT6, STM32U073CCU6, STM32U073H8Y6TR, STM32U073HBY6TR, STM32U073HCY6TR, STM32U073K8U6, STM32U073KBU6, STM32U073KCU6, STM32U073M8I6, STM32U073M8T6, STM32U073MBI6, STM32U073MBT6, STM32U073MCI6, STM32U073MCT6, STM32U073R8I6, STM32U073R8T6, STM32U073RBI6, STM32U073RBT6, STM32U073RCI6, STM32U073RCT6, STM32U083C-DK, STM32U083CCT6, STM32U083CCU6, STM32U083HCY6TR, STM32U083KCU6, STM32U083MCI6, STM32U083MCT6, STM32U083RCI6, STM32U083RCT6, STM32U375CET6, STM32U375CET6Q, STM32U375CEU6, STM32U375CEU6Q, STM32U375CEY6QTR, STM32U375CGT6, STM32U375CGT6Q, STM32U375CGU6, STM32U375CGU6Q, STM32U375CGY6QTR, STM32U375KEU6, STM32U375KGU6, STM32U375REI6, STM32U375REI6Q, STM32U375RET6, STM32U375RET6Q, STM32U375REY6GTR, STM32U375REY6QTR, STM32U375RGI6, STM32U375RGI6Q, STM32U375RGT6, STM32U375RGT6Q, STM32U375RGY6GTR, STM32U375RGY6QTR, STM32U375VEI6, STM32U375VEI6Q, STM32U375VET6, STM32U375VET6Q, STM32U375VGI6, STM32U375VGI6Q, STM32U375VGT6, STM32U375VGT6Q, STM32U385CGT6, STM32U385CGT6Q, STM32U385CGU6, STM32U385CGU6Q, STM32U385CGY6QTR, STM32U385KGU6, STM32U385RGI6, STM32U385RGI6Q, STM32U385RGT6, STM32U385RGT6Q, STM32U385RGY6GTR, STM32U385RGY6QTR, STM32U385VGI6, STM32U385VGI6Q, STM32U385VGT6, STM32U385VGT6Q, STM32U535CBT6, STM32U535CBT6Q, STM32U535CBU6, STM32U535CBU6Q, STM32U535CCT6, STM32U535CCT6Q, STM32U535CCU6, STM32U535CCU6Q, STM32U535CET6, STM32U535CET6Q, STM32U535CEU6, STM32U535CEU6Q, STM32U535JEY6QTR, STM32U535NCY6QTR, STM32U535NEY6QTR, STM32U535RBI6, STM32U535RBI6Q, STM32U535RBT6, STM32U535RBT6Q, STM32U535RCI6, STM32U535RCI6Q, STM32U535RCT6, STM32U535RCT6Q, STM32U535REI6, STM32U535REI6Q, STM32U535RET6, STM32U535RET6Q, STM32U535VCI6, STM32U535VCI6Q, STM32U535VCT6, STM32U535VCT6Q, STM32U535VEI6, STM32U535VEI6Q, STM32U535VET6, STM32U535VET6Q, STM32U545CET6, STM32U545CET6Q, STM32U545CEU6, STM32U545CEU6Q, STM32U545JEY6QTR, STM32U545NEY6QTR, STM32U545REI6, STM32U545REI6Q, STM32U545RET6, STM32U545RET6Q, STM32U545VEI6, STM32U545VEI6Q, STM32U545VET6, STM32U545VET6Q, STM32U595AIH6, STM32U595AIH6Q, STM32U595AJH6, STM32U595AJH6Q, STM32U595QII6, STM32U595QII6Q, STM32U595QJI6, STM32U595QJI6Q, STM32U595RIT6, STM32U595RIT6Q, STM32U595RJT6, STM32U595RJT6Q, STM32U595VIT6, STM32U595VIT6Q, STM32U595VJT6, STM32U595VJT6Q, STM32U595ZIT6, STM32U595ZIT6Q, STM32U595ZIY6QTR, STM32U595ZJT6, STM32U595ZJT6Q, STM32U595ZJY6QTR, STM32U599BJY6QTR, STM32U599NIH6Q, STM32U599NJH6Q, STM32U599VIT6Q, STM32U599VJT6, STM32U599VJT6Q, STM32U599ZIT6Q, STM32U599ZIY6QTR, STM32U599ZJT6Q, STM32U599ZJY6QTR, STM32U5A5AJH6, STM32U5A5AJH6Q, STM32U5A5QII3Q , STM32U5A5QJI6, STM32U5A5QJI6Q, STM32U5A5RJT6, STM32U5A5RJT6Q, STM32U5A5VJT6, STM32U5A5VJT6Q, STM32U5A5ZJT6, STM32U5A5ZJT6Q, STM32U5A5ZJY6QTR, STM32U5A9BJY6QTR, STM32U5A9J-DK, STM32U5A9NJH6Q, STM32U5A9VJT6Q, STM32U5A9ZJT6Q, STM32U5A9ZJY6QTR, STM32U5F7VIT6, STM32U5F7VIT6Q, STM32U5F7VJT6, STM32U5F7VJT6Q, STM32U5F9BJY6QTR, STM32U5F9NJH6Q, STM32U5F9VIT6Q, STM32U5F9VJT6Q, STM32U5F9ZIJ6QTR, STM32U5F9ZIT6Q, STM32U5F9ZJJ6QTR, STM32U5F9ZJT6Q, STM32U5G7VJT6, STM32U5G7VJT6Q, STM32U5G9BJY6QTR, STM32U5G9J-DK1, STM32U5G9J-DK2, STM32U5G9NJH6Q, STM32U5G9VJT6Q, STM32U5G9ZJJ6QTR, STM32U5G9ZJT6Q, STM32WB05KZV6TR, STM32WB05KZV7TR, STM32WB05TZF6TR, STM32WB05TZF7TR, STM32WB06CCF6TR, STM32WB06CCF7TR, STM32WB06CCV6TR, STM32WB06CCV7TR, STM32WB06KCV6TR, STM32WB06KCV7TR, STM32WB07CCF6TR, STM32WB07CCF7TR, STM32WB07CCV6TR, STM32WB07CCV7TR, STM32WB07KCV6TR, STM32WB07KCV7TR, STM32WB09KEV6TR, STM32WB09KEV7TR, STM32WB09TEF6TR, STM32WB09TEF7TR, STM32WB1MMCH6, STM32WBA50KGU6, STM32WBA50KGU6TR, STM32WBA52CEU6, STM32WBA52CEU6TR, STM32WBA52CEU7, STM32WBA52CEU7TR, STM32WBA52CGU6, STM32WBA52CGU6TR, STM32WBA52CGU6U, STM32WBA52CGU7, STM32WBA52CGU7TR, STM32WBA52KEU6, STM32WBA52KEU6TR, STM32WBA52KGU6, STM32WBA52KGU6TR, STM32WBA54CEU6, STM32WBA54CEU6TR, STM32WBA54CEU7, STM32WBA54CEU7TR, STM32WBA54CGU6, STM32WBA54CGU6TR, STM32WBA54CGU7, STM32WBA54CGU7TR, STM32WBA54KEU6, STM32WBA54KEU6TR, STM32WBA54KEU7, STM32WBA54KEU7TR, STM32WBA54KGU6, STM32WBA54KGU6TR, STM32WBA54KGU7, STM32WBA54KGU7TR, STM32WBA55CEU6, STM32WBA55CEU6TR, STM32WBA55CEU7, STM32WBA55CEU7TR, STM32WBA55CGU6, STM32WBA55CGU6TR, STM32WBA55CGU6U, STM32WBA55CGU7, STM32WBA55CGU7TR, STM32WBA55G-DK1, STM32WBA55HEF6, STM32WBA55HEF7, STM32WBA55HGF6, STM32WBA55HGF7, STM32WBA55UEI6, STM32WBA55UEI6TR, STM32WBA55UEI7, STM32WBA55UEI7TR, STM32WBA55UGI6, STM32WBA55UGI6TR, STM32WBA55UGI7, STM32WBA55UGI7TR, STM32WBA5MMGH6TR, STM32WBA62MGF6, STM32WBA62MIF6, STM32WBA65MGF7, STM32WBA65MIF6, STM32WBA65MIF7, STM32WL30K8V6, STM32WL30KBV6, STM32WL31C8V6, STM32WL31CBV6, STM32WL31K8V6, STM32WL31KBV6, STM32WL33C8V6, STM32WL33C8V6X, STM32WL33CBV6, STM32WL33CBV6X, STM32WL33CCV6, STM32WL33CCV6A, STM32WL33CCV6X, STM32WL33K8V7, STM32WL33K8V7X, STM32WL33KBV7 , STM32WL33KBV7X, STM32WL33KCV7, STM32WL33KCV7X, STM32WL5MOCH6, STM32WL5MOCH6TR]
2025-10-10 23:16:50,229 [INFO] BoardInfo:889 - No configuration file found for board P-NUCLEO-WB55
2025-10-10 23:16:50,231 [INFO] DbBoards:161 - Kit is not supported: P-NUCLEO-WB55
2025-10-10 23:16:50,240 [INFO] BoardInfo:889 - No configuration file found for board STEVAL-BFA001V1B
2025-10-10 23:16:50,241 [INFO] DbBoards:161 - Kit is not supported: STEVAL-BFA001V1B
2025-10-10 23:16:50,242 [INFO] BoardInfo:889 - No configuration file found for board STEVAL-BFA001V2B
2025-10-10 23:16:50,244 [INFO] DbBoards:161 - Kit is not supported: STEVAL-BFA001V2B
2025-10-10 23:16:50,439 [INFO] DbBoards:168 - Found 212 boards, 209 are supported
2025-10-10 23:16:50,439 [INFO] DbBoards:169 - Found 212 boards, 43 of them is supported for  Bsp
2025-10-10 23:16:50,442 [INFO] ApiDb:668 - CubeFinder database Data Model version=2.1
2025-10-10 23:16:50,442 [INFO] ApiDb:669 - CubeFinder database Configuration version=3.0.39
2025-10-10 23:16:50,442 [INFO] ApiDb:670 - CubeFinder database generation date=2025-08-25 (1756130511)
2025-10-10 23:16:50,442 [INFO] ApiDb:671 - CubeFinder database FW Pack versions=[FP-ATR-ASTRA1_V2.0.0, FP-SNS-FLIGHT1_V5.1.0, FP-SNS-MOTENV1_V5.0.0, FP-SNS-MOTENVWB1_V1.4.0, FP-SNS-SMARTAG2_V1.2.0, FP-SNS-STBOX1_V2.1.0, STM32Cube_FW_C0_V1.4.0, STM32Cube_FW_F4_V1.28.3, STM32Cube_FW_F7_V1.17.4, STM32Cube_FW_G0_V1.6.2, STM32Cube_FW_G4_V1.6.1, STM32Cube_FW_H5_V1.5.0, STM32Cube_FW_H7RS_V1.2.0, STM32Cube_FW_H7_V1.12.1, STM32Cube_FW_L0_V1.12.2, STM32Cube_FW_L4_V1.18.1, STM32Cube_FW_L5_V1.5.1, STM32Cube_FW_N6_V1.2.0, STM32Cube_FW_U0_V1.3.0, STM32Cube_FW_U3_V1.2.0, STM32Cube_FW_U5_V1.8.0, STM32Cube_FW_WB0_V1.3.0, STM32Cube_FW_WBA_V1.7.0, STM32Cube_FW_WB_V1.23.0, STM32Cube_FW_WL3_V1.2.0, STM32Cube_FW_WL_V1.3.1, X-CUBE-ALGOBUILD_V1.4.0, X-CUBE-ALS_V1.0.2, X-CUBE-AZRTOS-F4_V1.1.0, X-CUBE-AZRTOS-F7_V1.1.0, X-CUBE-AZRTOS-G0_V1.1.0, X-CUBE-AZRTOS-G4_V2.0.0, X-CUBE-AZRTOS-H7RS_V1.1.0, X-CUBE-AZRTOS-H7_V3.4.0, X-CUBE-AZRTOS-L4_V2.0.0, X-CUBE-AZRTOS-L5_V2.0.0, X-CUBE-AZRTOS-WB_V2.0.0, X-CUBE-AZRTOS-WL_V2.0.0, X-CUBE-BLE1_V7.1.0, X-CUBE-BLE2_V3.3.0, X-CUBE-BLEMGR_V4.1.0, X-CUBE-EEPRMA1_V5.2.0, X-CUBE-FREERTOS_V1.3.1, X-CUBE-GNSS1_V6.0.0, X-CUBE-MEMS1_V11.3.0, X-CUBE-NFC4_V3.0.0, X-CUBE-NFC7_V2.0.0, X-CUBE-SFXS2LP1_V4.0.0, X-CUBE-ST67W61_V1.0.0, X-CUBE-SUBG2_V5.0.0, X-CUBE-TOF1_V3.4.3]
2025-10-10 23:16:51,951 [INFO] ApiDb:240 - Found 880 in-development CPN: [B-G473E-ZEST1S, B-WB1M-WPAN1, B-WBA5M-WPAN, B-WL5M-SUBG1, NUCLEO-C031C6, NUCLEO-C051C8, NUCLEO-C071RB, NUCLEO-C092RC, NUCLEO-H503RB, NUCLEO-H533RE, NUCLEO-H563ZI, NUCLEO-H7S3L8, NUCLEO-N657X0-Q, NUCLEO-U031R8, NUCLEO-U083RC, NUCLEO-U385RG-Q, NUCLEO-U545RE-Q, NUCLEO-U5A5ZJ-Q, NUCLEO-WB05KZ, NUCLEO-WB07CC, NUCLEO-WB09KE, NUCLEO-WBA52CG, NUCLEO-WBA55CG, NUCLEO-WL33CC1, NUCLEO-WL33CC2, STEVAL-PROTEUS1, STEVAL-SMARTAG2, STEVAL-STWINBX1, STM320518-EVAL, STM32C0116-DK, STM32C011D6Y3TR, STM32C011D6Y6TR, STM32C011F4P3, STM32C011F4P6, STM32C011F4U3, STM32C011F4U6TR, STM32C011F6P3, STM32C011F6P6, STM32C011F6U3, STM32C011F6U6TR, STM32C011J4M3, STM32C011J4M6, STM32C011J6M3, STM32C011J6M6, STM32C0316-DK, STM32C031C4T3, STM32C031C4T6, STM32C031C4U3, STM32C031C4U6, STM32C031C6T3, STM32C031C6T6, STM32C031C6U3, STM32C031C6U6, STM32C031F4P3, STM32C031F4P6, STM32C031F6P3, STM32C031F6P6, STM32C031G4U3, STM32C031G4U6, STM32C031G6U3, STM32C031G6U6, STM32C031K4T3, STM32C031K4T6, STM32C031K4U3, STM32C031K4U6, STM32C031K6T3, STM32C031K6T6, STM32C031K6U3, STM32C031K6U6, STM32C051C6T6, STM32C051C6U6, STM32C051C8T6, STM32C051C8U6, STM32C051D8Y6TR, STM32C051F6P6, STM32C051F8P6, STM32C051G6U6, STM32C051G8U6, STM32C051K6T6, STM32C051K6U6, STM32C051K8T6, STM32C071C8T6, STM32C071C8T6N, STM32C071C8U6, STM32C071C8U6N, STM32C071CBT6, STM32C071CBT6N, STM32C071CBU6, STM32C071CBU6N, STM32C071F8P6, STM32C071F8P6N, STM32C071FBP6, STM32C071FBP6N, STM32C071FBY6TR, STM32C071G8U6, STM32C071G8U6N, STM32C071GBU6, STM32C071GBU6N, STM32C071K8T6, STM32C071K8T6N, STM32C071K8U6, STM32C071K8U6N, STM32C071KBT6, STM32C071KBT6N, STM32C071KBU6, STM32C071KBU6N, STM32C071R8T6, STM32C071R8T6N, STM32C071RBI6N, STM32C071RBT6, STM32C071RBT6N, STM32C091CBT6, STM32C091CBU6, STM32C091CCT6, STM32C091CCU6, STM32C091ECY6TR, STM32C091FBP6, STM32C091FCP6, STM32C091GBU6, STM32C091GCU6, STM32C091KBT6, STM32C091KBU6, STM32C091KCT6, STM32C091KCU6, STM32C091RBT6, STM32C091RCI6, STM32C091RCT6, STM32C092CBT6, STM32C092CBU6, STM32C092CCT6, STM32C092CCU6, STM32C092ECY6TR, STM32C092FBP6, STM32C092FCP6, STM32C092GBU6, STM32C092GCU6, STM32C092KBT6, STM32C092KBU6, STM32C092KCT6, STM32C092KCU6, STM32C092RBT6, STM32C092RCI6, STM32C092RCT6, STM32G071K8TXN, STM32G071K8UXN, STM32G081GBU6N, STM32G081KBT6N, STM32G081KBUXN, STM32G0B1CCT6N, STM32G0B1KCT6, STM32G0B1NEY6TR, STM32G0B1RCT6N, STM32G0C1CCT6, STM32G0C1CCT6N, STM32G0C1CCU6N, STM32G0C1CET6N, STM32G0C1CEU6N, STM32G0C1KCT6, STM32G0C1NEY6TR, STM32G0C1RCI6N, STM32G0C1RCT6N, STM32G0C1REI6N, STM32G0C1RET6N, STM32G0C1VCI6, STM32G0C1VEI6, STM32G411C6T3, STM32G411C6T6, STM32G411C6U3, STM32G411C6U6, STM32G411C8T3, STM32G411C8T6, STM32G411C8U3, STM32G411C8U6, STM32G411CBT3, STM32G411CBT6, STM32G411CBU3, STM32G411CBU6, STM32G411K6T3, STM32G411K6T6, STM32G411K6U3, STM32G411K6U6, STM32G411K8T3, STM32G411K8T6, STM32G411K8U3, STM32G411K8U6, STM32G411KBT3, STM32G411KBT6, STM32G411KBU3, STM32G411KBU6, STM32G411M6T3, STM32G411M6T6, STM32G411M8T3, STM32G411M8T6, STM32G411MBT3, STM32G411MBT6, STM32G411R6T3, STM32G411R6T6, STM32G411R8T3, STM32G411R8T6, STM32G411RBT3, STM32G411RBT6, STM32G414CBT3, STM32G414CBT6, STM32G414CBU3, STM32G414CBU6, STM32G414CCT3, STM32G414CCT6, STM32G414CCU3, STM32G414CCU6, STM32G414MBT3, STM32G414MBT6, STM32G414MCT3, STM32G414MCT6, STM32G414RBT3, STM32G414RBT6, STM32G414RCT3, STM32G414RCT6, STM32G414VBT3, STM32G414VBT6, STM32G414VCT3, STM32G414VCT6, STM32G431CBT3Z, STM32G431RBT3Z, STM32G471CCT6, STM32G471CCU6, STM32G471CET3, STM32G471CET6, STM32G471CEU3, STM32G471CEU6, STM32G471MCT6, STM32G471MET3, STM32G471MET6, STM32G471MEY6TR, STM32G471QCT6, STM32G471QET3, STM32G471RCT6, STM32G471RET3, STM32G471RET6, STM32G471VCH6, STM32G471VCI6, STM32G471VCT6, STM32G471VEH3, STM32G471VEH6, STM32G471VEI3, STM32G471VEI6, STM32G471VET3, STM32G471VET6, STM32G473QET3Z, STM32G473RET3Z, STM32G474CCT6, STM32G491RET3Z, STM32H503CBT6, STM32H503CBU6, STM32H503EBY6TR, STM32H503KBU6, STM32H503RBT6, STM32H523CCT6, STM32H523CCU6, STM32H523CET6, STM32H523CEU6, STM32H523HEY6TR, STM32H523RCT6, STM32H523RET6, STM32H523VCI6, STM32H523VCT6, STM32H523VEI6, STM32H523VET6, STM32H523ZCJ6, STM32H523ZCT6, STM32H523ZEJ6, STM32H523ZET6, STM32H533CET6, STM32H533CEU6, STM32H533HEY6TR, STM32H533RET6, STM32H533VEI6, STM32H533VET6, STM32H533ZEJ6, STM32H533ZET6, STM32H562AGI6, STM32H562AII6, STM32H562IGK6, STM32H562IGT6, STM32H562IIK6, STM32H562IIT6, STM32H562RGT6, STM32H562RGV6, STM32H562RIT6, STM32H562RIV6, STM32H562VGT6, STM32H562VIT6, STM32H562ZGT6, STM32H562ZIT6, STM32H563AGI6, STM32H563AII3Q, STM32H563AII6, STM32H563IGK6, STM32H563IGT6, STM32H563IIK3Q, STM32H563IIK6, STM32H563IIT3Q, STM32H563IIT6, STM32H563MIY3QTR, STM32H563RGT6, STM32H563RGV6, STM32H563RIT6, STM32H563RIV6, STM32H563VGT6, STM32H563VIT3Q, STM32H563VIT6, STM32H563ZGT6, STM32H563ZIT3Q, STM32H563ZIT6, STM32H573AII3Q, STM32H573AII6, STM32H573I-DK, STM32H573IIK3Q, STM32H573IIK6, STM32H573IIT3Q, STM32H573IIT6, STM32H573MIY3QTR, STM32H573RIT6, STM32H573RIV6, STM32H573VIT3Q, STM32H573VIT6, STM32H573ZIT3Q, STM32H573ZIT6, STM32H7R3A8I6, STM32H7R3I8K6, STM32H7R3I8T6, STM32H7R3L8H6, STM32H7R3L8H6H, STM32H7R3R8V6, STM32H7R3V8H6, STM32H7R3V8T6, STM32H7R3V8Y6TR, STM32H7R3Z8J6, STM32H7R3Z8T6, STM32H7R7A8I6, STM32H7R7I8K6, STM32H7R7I8T6, STM32H7R7L8H6, STM32H7R7L8H6H, STM32H7R7Z8J6, STM32H7S3A8I6, STM32H7S3I8K6, STM32H7S3I8T6, STM32H7S3L8H6, STM32H7S3L8H6H, STM32H7S3R8V6, STM32H7S3V8H6, STM32H7S3V8T6, STM32H7S3V8Y6TR, STM32H7S3Z8J6, STM32H7S3Z8T6, STM32H7S78-DK, STM32H7S7A8I6, STM32H7S7I8K6, STM32H7S7I8T6, STM32H7S7L8H6, STM32H7S7L8H6H, STM32H7S7Z8J6, STM32L4R5QGI6STR, STM32MP131AAE3, STM32MP131AAF3, STM32MP131AAG3, STM32MP131CAE3, STM32MP131CAF3, STM32MP131CAG3, STM32MP131DAE7, STM32MP131DAF7, STM32MP131DAG7, STM32MP131FAE7, STM32MP131FAF7, STM32MP131FAG7, STM32MP133AAE3, STM32MP133AAF3, STM32MP133AAG3, STM32MP133CAE3, STM32MP133CAF3, STM32MP133CAG3, STM32MP133DAE7, STM32MP133DAF7, STM32MP133DAG7, STM32MP133FAE7, STM32MP133FAF7, STM32MP133FAG7, STM32MP135AAE3, STM32MP135AAF3, STM32MP135AAG3, STM32MP135CAE3, STM32MP135CAF3, STM32MP135CAG3, STM32MP135DAE7, STM32MP135DAF7, STM32MP135DAG7, STM32MP135F-DK, STM32MP135FAE7, STM32MP135FAF7, STM32MP135FAF7T, STM32MP135FAF7U, STM32MP135FAG7, STM32MP211AAL3, STM32MP211AAM3, STM32MP211AAN3, STM32MP211AAO3, STM32MP211CAL3, STM32MP211CAM3, STM32MP211CAN3, STM32MP211CAO3, STM32MP211DAL3, STM32MP211DAM3, STM32MP211DAN3, STM32MP211DAO3, STM32MP211FAL3, STM32MP211FAM3, STM32MP211FAN3, STM32MP211FAO3, STM32MP213AAL3, STM32MP213AAM3, STM32MP213AAN3, STM32MP213AAO3, STM32MP213CAL3, STM32MP213CAM3, STM32MP213CAN3, STM32MP213CAO3, STM32MP213DAL3, STM32MP213DAM3, STM32MP213DAN3, STM32MP213DAO3, STM32MP213FAL3, STM32MP213FAM3, STM32MP213FAN3, STM32MP213FAO3, STM32MP215AAL3, STM32MP215AAM3, STM32MP215AAN3, STM32MP215AAO3, STM32MP215CAL3, STM32MP215CAM3, STM32MP215CAN3, STM32MP215CAO3, STM32MP215DAL3, STM32MP215DAM3, STM32MP215DAN3, STM32MP215DAO3, STM32MP215F-DK, STM32MP215FAL3, STM32MP215FAM3, STM32MP215FAN3, STM32MP215FAO3, STM32MP231AAJ3, STM32MP231AAK3, STM32MP231AAL3, STM32MP231CAJ3, STM32MP231CAK3, STM32MP231CAL3, STM32MP231DAJ3, STM32MP231DAK3, STM32MP231DAL3, STM32MP231FAJ3, STM32MP231FAK3, STM32MP231FAL3, STM32MP233AAJ3, STM32MP233AAK3, STM32MP233AAL3, STM32MP233CAJ3, STM32MP233CAK3, STM32MP233CAL3, STM32MP233DAJ3, STM32MP233DAK3, STM32MP233DAL3, STM32MP233FAJ3, STM32MP233FAK3, STM32MP233FAL3, STM32MP235AAJ3, STM32MP235AAK3, STM32MP235AAL3, STM32MP235CAJ3, STM32MP235CAK3, STM32MP235CAL3, STM32MP235DAJ3, STM32MP235DAK3, STM32MP235DAL3, STM32MP235FAJ3, STM32MP235FAK3, STM32MP235FAL3, STM32MP251AAI3, STM32MP251AAK3, STM32MP251AAL3, STM32MP251CAI3, STM32MP251CAK3, STM32MP251CAL3, STM32MP251DAI3, STM32MP251DAK3, STM32MP251DAL3, STM32MP251FAI3, STM32MP251FAK3, STM32MP251FAL3, STM32MP253AAI3, STM32MP253AAK3, STM32MP253AAL3, STM32MP253CAI3, STM32MP253CAK3, STM32MP253CAL3, STM32MP253DAI3, STM32MP253DAK3, STM32MP253DAL3, STM32MP253FAI3, STM32MP253FAK3, STM32MP253FAL3, STM32MP255AAI3, STM32MP255AAK3, STM32MP255AAL3, STM32MP255CAI3, STM32MP255CAK3, STM32MP255CAL3, STM32MP255DAI3, STM32MP255DAK3, STM32MP255DAL3, STM32MP255FAI3, STM32MP255FAK3, STM32MP255FAL3, STM32MP257AAI3, STM32MP257AAK3, STM32MP257AAL3, STM32MP257CAI3, STM32MP257CAK3, STM32MP257CAL3, STM32MP257DAI3, STM32MP257DAK3, STM32MP257DAL3, STM32MP257F-DK, STM32MP257F-EV1, STM32MP257FAI3, STM32MP257FAK3, STM32MP257FAL3, STM32N645A0H3Q, STM32N645B0H3Q, STM32N645I0H3Q, STM32N645L0H3Q, STM32N645X0H3Q, STM32N645Z0H3Q, STM32N647A0H3Q, STM32N647B0H3Q, STM32N647I0H3Q, STM32N647L0H3Q, STM32N647X0H3Q, STM32N647Z0H3Q, STM32N655A0H3Q, STM32N655B0H3Q, STM32N655I0H3Q, STM32N655L0H3Q, STM32N655X0H3Q, STM32N655Z0H3Q, STM32N6570-DK, STM32N657A0H3Q, STM32N657B0H3Q, STM32N657I0H3Q, STM32N657L0H3Q, STM32N657X0H3Q, STM32N657Z0H3Q, STM32U031C6T6, STM32U031C6U6, STM32U031C8T6, STM32U031C8U6, STM32U031F4P6, STM32U031F6P6, STM32U031F8P6, STM32U031G6Y6TR, STM32U031G8Y6TR, STM32U031K4U6, STM32U031K6U6, STM32U031K8U6, STM32U031R6I6, STM32U031R6T6, STM32U031R8I6, STM32U031R8T6, STM32U073C8T6, STM32U073C8U6, STM32U073CBT6, STM32U073CBU6, STM32U073CCT6, STM32U073CCU6, STM32U073H8Y6TR, STM32U073HBY6TR, STM32U073HCY6TR, STM32U073K8U6, STM32U073KBU6, STM32U073KCU6, STM32U073M8I6, STM32U073M8T6, STM32U073MBI6, STM32U073MBT6, STM32U073MCI6, STM32U073MCT6, STM32U073R8I6, STM32U073R8T6, STM32U073RBI6, STM32U073RBT6, STM32U073RCI6, STM32U073RCT6, STM32U083C-DK, STM32U083CCT6, STM32U083CCU6, STM32U083HCY6TR, STM32U083KCU6, STM32U083MCI6, STM32U083MCT6, STM32U083RCI6, STM32U083RCT6, STM32U375CET6, STM32U375CET6Q, STM32U375CEU6, STM32U375CEU6Q, STM32U375CEY6QTR, STM32U375CGT6, STM32U375CGT6Q, STM32U375CGU6, STM32U375CGU6Q, STM32U375CGY6QTR, STM32U375KEU6, STM32U375KGU6, STM32U375REI6, STM32U375REI6Q, STM32U375RET6, STM32U375RET6Q, STM32U375REY6GTR, STM32U375REY6QTR, STM32U375RGI6, STM32U375RGI6Q, STM32U375RGT6, STM32U375RGT6Q, STM32U375RGY6GTR, STM32U375RGY6QTR, STM32U375VEI6, STM32U375VEI6Q, STM32U375VET6, STM32U375VET6Q, STM32U375VGI6, STM32U375VGI6Q, STM32U375VGT6, STM32U375VGT6Q, STM32U385CGT6, STM32U385CGT6Q, STM32U385CGU6, STM32U385CGU6Q, STM32U385CGY6QTR, STM32U385KGU6, STM32U385RGI6, STM32U385RGI6Q, STM32U385RGT6, STM32U385RGT6Q, STM32U385RGY6GTR, STM32U385RGY6QTR, STM32U385VGI6, STM32U385VGI6Q, STM32U385VGT6, STM32U385VGT6Q, STM32U535CBT6, STM32U535CBT6Q, STM32U535CBU6, STM32U535CBU6Q, STM32U535CCT6, STM32U535CCT6Q, STM32U535CCU6, STM32U535CCU6Q, STM32U535CET6, STM32U535CET6Q, STM32U535CEU6, STM32U535CEU6Q, STM32U535JEY6QTR, STM32U535NCY6QTR, STM32U535NEY6QTR, STM32U535RBI6, STM32U535RBI6Q, STM32U535RBT6, STM32U535RBT6Q, STM32U535RCI6, STM32U535RCI6Q, STM32U535RCT6, STM32U535RCT6Q, STM32U535REI6, STM32U535REI6Q, STM32U535RET6, STM32U535RET6Q, STM32U535VCI6, STM32U535VCI6Q, STM32U535VCT6, STM32U535VCT6Q, STM32U535VEI6, STM32U535VEI6Q, STM32U535VET6, STM32U535VET6Q, STM32U545CET6, STM32U545CET6Q, STM32U545CEU6, STM32U545CEU6Q, STM32U545JEY6QTR, STM32U545NEY6QTR, STM32U545REI6, STM32U545REI6Q, STM32U545RET6, STM32U545RET6Q, STM32U545VEI6, STM32U545VEI6Q, STM32U545VET6, STM32U545VET6Q, STM32U595AIH6, STM32U595AIH6Q, STM32U595AJH6, STM32U595AJH6Q, STM32U595QII6, STM32U595QII6Q, STM32U595QJI6, STM32U595QJI6Q, STM32U595RIT6, STM32U595RIT6Q, STM32U595RJT6, STM32U595RJT6Q, STM32U595VIT6, STM32U595VIT6Q, STM32U595VJT6, STM32U595VJT6Q, STM32U595ZIT6, STM32U595ZIT6Q, STM32U595ZIY6QTR, STM32U595ZJT6, STM32U595ZJT6Q, STM32U595ZJY6QTR, STM32U599BJY6QTR, STM32U599NIH6Q, STM32U599NJH6Q, STM32U599VIT6Q, STM32U599VJT6, STM32U599VJT6Q, STM32U599ZIT6Q, STM32U599ZIY6QTR, STM32U599ZJT6Q, STM32U599ZJY6QTR, STM32U5A5AJH6, STM32U5A5AJH6Q, STM32U5A5QII3Q , STM32U5A5QJI6, STM32U5A5QJI6Q, STM32U5A5RJT6, STM32U5A5RJT6Q, STM32U5A5VJT6, STM32U5A5VJT6Q, STM32U5A5ZJT6, STM32U5A5ZJT6Q, STM32U5A5ZJY6QTR, STM32U5A9BJY6QTR, STM32U5A9J-DK, STM32U5A9NJH6Q, STM32U5A9VJT6Q, STM32U5A9ZJT6Q, STM32U5A9ZJY6QTR, STM32U5F7VIT6, STM32U5F7VIT6Q, STM32U5F7VJT6, STM32U5F7VJT6Q, STM32U5F9BJY6QTR, STM32U5F9NJH6Q, STM32U5F9VIT6Q, STM32U5F9VJT6Q, STM32U5F9ZIJ6QTR, STM32U5F9ZIT6Q, STM32U5F9ZJJ6QTR, STM32U5F9ZJT6Q, STM32U5G7VJT6, STM32U5G7VJT6Q, STM32U5G9BJY6QTR, STM32U5G9J-DK1, STM32U5G9J-DK2, STM32U5G9NJH6Q, STM32U5G9VJT6Q, STM32U5G9ZJJ6QTR, STM32U5G9ZJT6Q, STM32WB05KZV6TR, STM32WB05KZV7TR, STM32WB05TZF6TR, STM32WB05TZF7TR, STM32WB06CCF6TR, STM32WB06CCF7TR, STM32WB06CCV6TR, STM32WB06CCV7TR, STM32WB06KCV6TR, STM32WB06KCV7TR, STM32WB07CCF6TR, STM32WB07CCF7TR, STM32WB07CCV6TR, STM32WB07CCV7TR, STM32WB07KCV6TR, STM32WB07KCV7TR, STM32WB09KEV6TR, STM32WB09KEV7TR, STM32WB09TEF6TR, STM32WB09TEF7TR, STM32WB1MMCH6, STM32WBA50KGU6, STM32WBA50KGU6TR, STM32WBA52CEU6, STM32WBA52CEU6TR, STM32WBA52CEU7, STM32WBA52CEU7TR, STM32WBA52CGU6, STM32WBA52CGU6TR, STM32WBA52CGU6U, STM32WBA52CGU7, STM32WBA52CGU7TR, STM32WBA52KEU6, STM32WBA52KEU6TR, STM32WBA52KGU6, STM32WBA52KGU6TR, STM32WBA54CEU6, STM32WBA54CEU6TR, STM32WBA54CEU7, STM32WBA54CEU7TR, STM32WBA54CGU6, STM32WBA54CGU6TR, STM32WBA54CGU7, STM32WBA54CGU7TR, STM32WBA54KEU6, STM32WBA54KEU6TR, STM32WBA54KEU7, STM32WBA54KEU7TR, STM32WBA54KGU6, STM32WBA54KGU6TR, STM32WBA54KGU7, STM32WBA54KGU7TR, STM32WBA55CEU6, STM32WBA55CEU6TR, STM32WBA55CEU7, STM32WBA55CEU7TR, STM32WBA55CGU6, STM32WBA55CGU6TR, STM32WBA55CGU6U, STM32WBA55CGU7, STM32WBA55CGU7TR, STM32WBA55G-DK1, STM32WBA55HEF6, STM32WBA55HEF7, STM32WBA55HGF6, STM32WBA55HGF7, STM32WBA55UEI6, STM32WBA55UEI6TR, STM32WBA55UEI7, STM32WBA55UEI7TR, STM32WBA55UGI6, STM32WBA55UGI6TR, STM32WBA55UGI7, STM32WBA55UGI7TR, STM32WBA5MMGH6TR, STM32WBA62MGF6, STM32WBA62MIF6, STM32WBA65MGF7, STM32WBA65MIF6, STM32WBA65MIF7, STM32WL30K8V6, STM32WL30KBV6, STM32WL31C8V6, STM32WL31CBV6, STM32WL31K8V6, STM32WL31KBV6, STM32WL33C8V6, STM32WL33C8V6X, STM32WL33CBV6, STM32WL33CBV6X, STM32WL33CCV6, STM32WL33CCV6A, STM32WL33CCV6X, STM32WL33K8V7, STM32WL33K8V7X, STM32WL33KBV7 , STM32WL33KBV7X, STM32WL33KCV7, STM32WL33KCV7X, STM32WL5MOCH6, STM32WL5MOCH6TR]
2025-10-10 23:16:51,957 [INFO] DbMcus:218 - Found 4801 MCUs, 4801 are supported
2025-10-10 23:16:51,963 [INFO] ApiDb:423 - Load user favorites file C:\Users\Paulo/.stm32cubeide/favorites.mcus.txt: 0 item(s)
2025-10-10 23:16:51,963 [INFO] ApiDb:427 - User favorites MCUs=[]
2025-10-10 23:16:51,963 [INFO] DbMcus:224 - Set 0 / 0 favorites MCUs
2025-10-10 23:16:52,313 [INFO] ApiDb:423 - Load user favorites file C:\Users\Paulo/.stm32cubeide/favorites.boards.txt: 1 item(s)
2025-10-10 23:16:52,313 [INFO] ApiDb:427 - User favorites Boards=[NUCLEO-F446RE]
2025-10-10 23:16:52,313 [INFO] DbBoards:198 - Set 1 / 1 favorites Boards
2025-10-10 23:16:52,389 [INFO] UtilMem:75 - End LoadConfig() Used Memory: 487398568 Bytes (570425344)
2025-10-10 23:16:52,512 [WARN] ThirdParty:833 - waiting for thirdparty lock release [change project]
2025-10-10 23:16:52,512 [INFO] ThirdParty:835 - entering critical section [change project]
2025-10-10 23:16:52,512 [INFO] ThirdParty:1030 - CMSIS Pack Vendor :STMicroelectronics X-CUBE-PM33A1 1.0.0
2025-10-10 23:16:52,512 [INFO] ThirdParty:1030 - CMSIS Pack Vendor :STMicroelectronics USBPD 4.1
2025-10-10 23:16:52,512 [INFO] ThirdParty:1030 - CMSIS Pack Vendor :STMicroelectronics X-CUBE-NFC9 1.0.0
2025-10-10 23:16:52,512 [INFO] ThirdParty:1030 - CMSIS Pack Vendor :STMicroelectronics USB_HOST 2.0.0
2025-10-10 23:16:52,512 [INFO] ThirdParty:1030 - CMSIS Pack Vendor :STMicroelectronics FP-SNS-MOTENVWB1 1.4.0
2025-10-10 23:16:52,512 [INFO] ThirdParty:1030 - CMSIS Pack Vendor :STMicroelectronics X-CUBE-AZRTOS-F4 1.1.0
2025-10-10 23:16:52,512 [INFO] ThirdParty:1030 - CMSIS Pack Vendor :STMicroelectronics LIBJPEG 8.0.0
2025-10-10 23:16:52,512 [INFO] ThirdParty:1030 - CMSIS Pack Vendor :STMicroelectronics FP-ATR-ASTRA1 2.0.2
2025-10-10 23:16:52,512 [INFO] ThirdParty:1030 - CMSIS Pack Vendor :wolfSSL I-CUBE-wolfSSL 5.8.2
2025-10-10 23:16:52,513 [INFO] ThirdParty:1030 - CMSIS Pack Vendor :STMicroelectronics X-CUBE-BLE1 7.1.0
2025-10-10 23:16:52,513 [INFO] ThirdParty:1030 - CMSIS Pack Vendor :Avnet-IotConnect X-CUBE-IoTC-DA16k-PMOD 1.0.0
2025-10-10 23:16:52,513 [INFO] ThirdParty:1030 - CMSIS Pack Vendor :STMicroelectronics X-CUBE-SMBUS 2.1.0
2025-10-10 23:16:52,513 [INFO] ThirdParty:1030 - CMSIS Pack Vendor :wolfSSL I-CUBE-wolfMQTT 1.19.2
2025-10-10 23:16:52,513 [INFO] ThirdParty:1030 - CMSIS Pack Vendor :STMicroelectronics USB_DEVICE 3.0.0
2025-10-10 23:16:52,513 [INFO] ThirdParty:1030 - CMSIS Pack Vendor :STMicroelectronics X-CUBE-ISPU 2.1.0
2025-10-10 23:16:52,513 [INFO] ThirdParty:1030 - CMSIS Pack Vendor :STMicroelectronics X-CUBE-EEPRMA1 5.2.0
2025-10-10 23:16:52,513 [INFO] ThirdParty:1030 - CMSIS Pack Vendor :STMicroelectronics X-CUBE-BLEMGR 4.1.0
2025-10-10 23:16:52,513 [INFO] ThirdParty:1030 - CMSIS Pack Vendor :STMicroelectronics X-CUBE-AZRTOS-WB 2.0.0
2025-10-10 23:16:52,513 [INFO] ThirdParty:1030 - CMSIS Pack Vendor :STMicroelectronics X-CUBE-ST60 1.0.0
2025-10-10 23:16:52,513 [INFO] ThirdParty:1030 - CMSIS Pack Vendor :STMicroelectronics X-CUBE-GNSS1 7.0.1
2025-10-10 23:16:52,513 [INFO] ThirdParty:1030 - CMSIS Pack Vendor :STMicroelectronics X-CUBE-NFC12 1.0.0
2025-10-10 23:16:52,513 [INFO] ThirdParty:1030 - CMSIS Pack Vendor :STMicroelectronics X-CUBE-AZRTOS-F7 1.1.0
2025-10-10 23:16:52,513 [INFO] ThirdParty:1030 - CMSIS Pack Vendor :STMicroelectronics X-CUBE-AZRTOS-L5 2.0.0
2025-10-10 23:16:52,513 [INFO] ThirdParty:1030 - CMSIS Pack Vendor :STMicroelectronics X-CUBE-TOUCHGFX 4.25.0
2025-10-10 23:16:52,513 [INFO] ThirdParty:1030 - CMSIS Pack Vendor :STMicroelectronics USB_DEVICE 2.0.0
2025-10-10 23:16:52,513 [INFO] ThirdParty:1030 - CMSIS Pack Vendor :STMicroelectronics X-CUBE-NFC6 3.1.0
2025-10-10 23:16:52,513 [INFO] ThirdParty:1030 - CMSIS Pack Vendor :Cesanta I-CUBE-Mongoose 7.19.0
2025-10-10 23:16:52,513 [INFO] ThirdParty:1030 - CMSIS Pack Vendor :quantropi X-CUBE-qispace-sdk-base 2.1.0
2025-10-10 23:16:52,513 [INFO] ThirdParty:1030 - CMSIS Pack Vendor :STMicroelectronics FreeRTOS 0.0.1
2025-10-10 23:16:52,513 [INFO] ThirdParty:1030 - CMSIS Pack Vendor :STMicroelectronics X-CUBE-AZRTOS-G0 1.1.0
2025-10-10 23:16:52,513 [INFO] ThirdParty:1030 - CMSIS Pack Vendor :STMicroelectronics X-CUBE-SAFEA1 1.2.2
2025-10-10 23:16:52,513 [INFO] ThirdParty:1030 - CMSIS Pack Vendor :STMicroelectronics X-CUBE-NFC4 3.0.0
2025-10-10 23:16:52,513 [INFO] ThirdParty:1030 - CMSIS Pack Vendor :STMicroelectronics X-CUBE-SUBG2 5.0.0
2025-10-10 23:16:52,513 [INFO] ThirdParty:1030 - CMSIS Pack Vendor :STMicroelectronics X-CUBE-AZRTOS-H7RS 1.1.0
2025-10-10 23:16:52,513 [INFO] ThirdParty:1030 - CMSIS Pack Vendor :STMicroelectronics STM32_WPAN 1.0.0
2025-10-10 23:16:52,513 [INFO] ThirdParty:1030 - CMSIS Pack Vendor :EmbeddedOffice I-CUBE-FS-RTOS 1.0.1
2025-10-10 23:16:52,513 [INFO] ThirdParty:1030 - CMSIS Pack Vendor :STMicroelectronics lwIP 2.0.3
2025-10-10 23:16:52,514 [INFO] ThirdParty:1030 - CMSIS Pack Vendor :WES I-CUBE-Cesium 1.4.0
2025-10-10 23:16:52,514 [INFO] ThirdParty:1030 - CMSIS Pack Vendor :Cesanta I-CUBE-Mongoose 7.13.0
2025-10-10 23:16:52,514 [INFO] ThirdParty:1030 - CMSIS Pack Vendor :STMicroelectronics USB_HOST 1.0.0
2025-10-10 23:16:52,514 [INFO] ThirdParty:1030 - CMSIS Pack Vendor :Infineon AIROC-Wi-Fi-Bluetooth-STM32 1.7.1
2025-10-10 23:16:52,514 [INFO] ThirdParty:1030 - CMSIS Pack Vendor :STMicroelectronics X-CUBE-AZRTOS-G4 2.0.0
2025-10-10 23:16:52,514 [INFO] ThirdParty:1030 - CMSIS Pack Vendor :STMicroelectronics X-CUBE-WB05N 2.0.0
2025-10-10 23:16:52,514 [INFO] ThirdParty:1030 - CMSIS Pack Vendor :STMicroelectronics PDM2PCM 3.1.0
2025-10-10 23:16:52,514 [INFO] ThirdParty:1030 - CMSIS Pack Vendor :STMicroelectronics PDM2PCM 3.3.0
2025-10-10 23:16:52,514 [INFO] ThirdParty:1030 - CMSIS Pack Vendor :wolfSSL I-CUBE-wolfTPM 3.8.0
2025-10-10 23:16:52,514 [INFO] ThirdParty:1030 - CMSIS Pack Vendor :STMicroelectronics X-CUBE-AZRTOS-H7 3.4.0
2025-10-10 23:16:52,514 [INFO] ThirdParty:1030 - CMSIS Pack Vendor :STMicroelectronics X-CUBE-DISPLAY 3.0.0
2025-10-10 23:16:52,514 [INFO] ThirdParty:1030 - CMSIS Pack Vendor :wolfSSL I-CUBE-wolfSSH 1.4.20
2025-10-10 23:16:52,514 [INFO] ThirdParty:1030 - CMSIS Pack Vendor :STMicroelectronics X-CUBE-NFC7 2.0.0
2025-10-10 23:16:52,514 [INFO] ThirdParty:1030 - CMSIS Pack Vendor :STMicroelectronics X-CUBE-TCPP 4.2.0
2025-10-10 23:16:52,514 [INFO] ThirdParty:1030 - CMSIS Pack Vendor :RealThread X-CUBE-RT-Thread_Nano 4.1.1
2025-10-10 23:16:52,514 [INFO] ThirdParty:1030 - CMSIS Pack Vendor :STMicroelectronics FP-ATR-SIGFOX1 3.2.0
2025-10-10 23:16:52,514 [INFO] ThirdParty:1030 - CMSIS Pack Vendor :STMicroelectronics X-CUBE-NFC10 1.0.0
2025-10-10 23:16:52,514 [INFO] ThirdParty:1030 - CMSIS Pack Vendor :STMicroelectronics X-CUBE-FREERTOS 1.3.1
2025-10-10 23:16:52,514 [INFO] ThirdParty:1030 - CMSIS Pack Vendor :STMicroelectronics HAL Drivers 0.0.0
2025-10-10 23:16:52,514 [INFO] ThirdParty:1030 - CMSIS Pack Vendor :STMicroelectronics MBEDTLS 2.16.2
2025-10-10 23:16:52,514 [INFO] ThirdParty:1030 - CMSIS Pack Vendor :STMicroelectronics X-CUBE-IPS 3.1.0
2025-10-10 23:16:52,514 [INFO] ThirdParty:1030 - CMSIS Pack Vendor :STMicroelectronics X-CUBE-ALS 1.0.2
2025-10-10 23:16:52,514 [INFO] ThirdParty:1030 - CMSIS Pack Vendor :emotas I-CUBE-CANOPEN 1.3.0
2025-10-10 23:16:52,514 [INFO] ThirdParty:1030 - CMSIS Pack Vendor :STMicroelectronics MBEDTLS 2.14.1
2025-10-10 23:16:52,514 [INFO] ThirdParty:1030 - CMSIS Pack Vendor :ITTIA_DB I-CUBE-ITTIADB 8.9.0
2025-10-10 23:16:52,514 [INFO] ThirdParty:1030 - CMSIS Pack Vendor :STMicroelectronics X-CUBE-TOUCHGFX 4.26.0
2025-10-10 23:16:52,514 [INFO] ThirdParty:1030 - CMSIS Pack Vendor :STMicroelectronics X-CUBE-STSE01 1.0.0
2025-10-10 23:16:52,514 [INFO] ThirdParty:1030 - CMSIS Pack Vendor :portGmbH I-Cube-SoM-uGOAL 1.1.0
2025-10-10 23:16:52,514 [INFO] ThirdParty:1030 - CMSIS Pack Vendor :STMicroelectronics X-CUBE-ST67W61 1.0.0
2025-10-10 23:16:52,514 [INFO] ThirdParty:1030 - CMSIS Pack Vendor :STMicroelectronics FP-SNS-STBOX1 2.1.0
2025-10-10 23:16:52,514 [INFO] ThirdParty:1030 - CMSIS Pack Vendor :STMicroelectronics X-CUBE-AI 10.2.0
2025-10-10 23:16:52,514 [INFO] ThirdParty:1030 - CMSIS Pack Vendor :STMicroelectronics FP-SNS-STAIOTCFT 1.0.0
2025-10-10 23:16:52,514 [INFO] ThirdParty:1030 - CMSIS Pack Vendor :STMicroelectronics ThreadX 1.0.0
2025-10-10 23:16:52,515 [INFO] ThirdParty:1030 - CMSIS Pack Vendor :STMicroelectronics FP-SNS-SMARTAG2 1.2.0
2025-10-10 23:16:52,515 [INFO] ThirdParty:1030 - CMSIS Pack Vendor :STMicroelectronics FP-SNS-FLIGHT1 5.1.0
2025-10-10 23:16:52,515 [INFO] ThirdParty:1030 - CMSIS Pack Vendor :STMicroelectronics X-CUBE-AZRTOS-WL 2.0.0
2025-10-10 23:16:52,515 [INFO] ThirdParty:1030 - CMSIS Pack Vendor :SEGGER I-CUBE-embOS 1.3.1
2025-10-10 23:16:52,515 [INFO] ThirdParty:1030 - CMSIS Pack Vendor :STMicroelectronics X-CUBE-ALGOBUILD 1.4.0
2025-10-10 23:16:52,515 [INFO] ThirdParty:1030 - CMSIS Pack Vendor :STMicroelectronics X-CUBE-DPower 1.3.0
2025-10-10 23:16:52,515 [INFO] ThirdParty:1030 - CMSIS Pack Vendor :STMicroelectronics X-CUBE-MEMS1 11.3.0
2025-10-10 23:16:52,515 [INFO] ThirdParty:1030 - CMSIS Pack Vendor :STMicroelectronics FP-SNS-MOTENV1 5.0.0
2025-10-10 23:16:52,515 [INFO] ThirdParty:1030 - CMSIS Pack Vendor :STMicroelectronics USB_DEVICE 1.0.0
2025-10-10 23:16:52,515 [INFO] ThirdParty:1030 - CMSIS Pack Vendor :STMicroelectronics X-CUBE-AZRTOS-L4 2.0.0
2025-10-10 23:16:52,515 [INFO] ThirdParty:1030 - CMSIS Pack Vendor :STMicroelectronics ThreadX 0.0.2
2025-10-10 23:16:52,515 [INFO] ThirdParty:1030 - CMSIS Pack Vendor :STMicroelectronics lwIP 2.1.2
2025-10-10 23:16:52,515 [INFO] ThirdParty:1030 - CMSIS Pack Vendor :STMicroelectronics X-CUBE-SFXS2LP1 4.0.0
2025-10-10 23:16:52,515 [INFO] ThirdParty:1030 - CMSIS Pack Vendor :STMicroelectronics X-CUBE-BLE2 3.3.0
2025-10-10 23:16:52,515 [INFO] ThirdParty:1030 - CMSIS Pack Vendor :STMicroelectronics X-CUBE-TOF1 3.4.3
2025-10-10 23:16:52,515 [INFO] ThirdParty:1030 - CMSIS Pack Vendor :STMicroelectronics PDM2PCM 3.2.0
2025-10-10 23:16:52,515 [INFO] ThirdParty:841 - exiting critical section [change project]
2025-10-10 23:16:52,771 [INFO] PinOutPanel:1589 - setPackage(No Configuration,No Configuration)
2025-10-10 23:16:52,773 [INFO] PinOutPanel:1589 - setPackage(STM32F446RETx,LQFP64)
2025-10-10 23:16:53,245 [INFO] UtilMem:75 - Before build in PCC Used Memory: 408259912 Bytes (570425344)
2025-10-10 23:16:53,962 [INFO] UtilMem:75 - After build in PCC Used Memory: 484345704 Bytes (570425344)
2025-10-10 23:16:53,989 [INFO] IPUIPlugin:80 - create IPUIPlugin
2025-10-10 23:16:53,989 [INFO] IPUIPlugin:80 - create IPUIPlugin
2025-10-10 23:16:53,990 [INFO] IPUIPlugin:80 - create IPUIPlugin
2025-10-10 23:16:53,990 [INFO] IPUIPlugin:80 - create IPUIPlugin
2025-10-10 23:16:53,990 [INFO] IPUIPlugin:80 - create IPUIPlugin
2025-10-10 23:16:53,990 [INFO] IPUIPlugin:80 - create IPUIPlugin
2025-10-10 23:16:53,990 [INFO] IPUIPlugin:80 - create IPUIPlugin
2025-10-10 23:16:53,990 [INFO] IPUIPlugin:80 - create IPUIPlugin
2025-10-10 23:16:53,991 [INFO] IPUIPlugin:80 - create IPUIPlugin
2025-10-10 23:16:53,991 [INFO] IPUIPlugin:80 - create IPUIPlugin
2025-10-10 23:16:54,016 [INFO] IPUIPlugin:80 - create IPUIPlugin
2025-10-10 23:16:54,016 [INFO] IPUIPlugin:80 - create IPUIPlugin
2025-10-10 23:16:54,016 [INFO] IPUIPlugin:80 - create IPUIPlugin
2025-10-10 23:16:54,017 [INFO] IPUIPlugin:80 - create IPUIPlugin
2025-10-10 23:16:54,017 [INFO] IPUIPlugin:80 - create IPUIPlugin
2025-10-10 23:16:54,017 [INFO] IPUIPlugin:80 - create IPUIPlugin
2025-10-10 23:16:54,017 [INFO] IPUIPlugin:80 - create IPUIPlugin
2025-10-10 23:16:54,017 [INFO] IPUIPlugin:80 - create IPUIPlugin
2025-10-10 23:16:54,017 [INFO] IPUIPlugin:80 - create IPUIPlugin
2025-10-10 23:16:54,017 [INFO] IPUIPlugin:80 - create IPUIPlugin
2025-10-10 23:16:54,018 [INFO] IPUIPlugin:80 - create IPUIPlugin
2025-10-10 23:16:54,018 [INFO] IPUIPlugin:80 - create IPUIPlugin
2025-10-10 23:16:54,019 [INFO] IPUIPlugin:80 - create IPUIPlugin
2025-10-10 23:16:54,019 [INFO] IPUIPlugin:80 - create IPUIPlugin
2025-10-10 23:16:54,019 [INFO] IPUIPlugin:80 - create IPUIPlugin
2025-10-10 23:16:54,019 [INFO] IPUIPlugin:80 - create IPUIPlugin
2025-10-10 23:16:54,019 [INFO] IPUIPlugin:80 - create IPUIPlugin
2025-10-10 23:16:54,020 [INFO] IPUIPlugin:80 - create IPUIPlugin
2025-10-10 23:16:54,020 [INFO] IPUIPlugin:80 - create IPUIPlugin
2025-10-10 23:16:54,020 [INFO] IPUIPlugin:80 - create IPUIPlugin
2025-10-10 23:16:54,020 [INFO] IPUIPlugin:80 - create IPUIPlugin
2025-10-10 23:16:54,020 [INFO] IPUIPlugin:80 - create IPUIPlugin
2025-10-10 23:16:54,020 [INFO] IPUIPlugin:80 - create IPUIPlugin
2025-10-10 23:16:54,020 [INFO] IPUIPlugin:80 - create IPUIPlugin
2025-10-10 23:16:54,021 [INFO] IPUIPlugin:80 - create IPUIPlugin
2025-10-10 23:16:54,022 [INFO] IPUIPlugin:80 - create IPUIPlugin
2025-10-10 23:16:54,022 [INFO] IPUIPlugin:80 - create IPUIPlugin
2025-10-10 23:16:54,023 [INFO] IPUIPlugin:80 - create IPUIPlugin
2025-10-10 23:16:54,023 [INFO] IPUIPlugin:80 - create IPUIPlugin
2025-10-10 23:16:54,023 [INFO] IPUIPlugin:80 - create IPUIPlugin
2025-10-10 23:16:54,023 [INFO] IPUIPlugin:80 - create IPUIPlugin
2025-10-10 23:16:54,023 [INFO] IPUIPlugin:80 - create IPUIPlugin
2025-10-10 23:16:54,023 [INFO] IPUIPlugin:80 - create IPUIPlugin
2025-10-10 23:16:54,023 [INFO] IPUIPlugin:80 - create IPUIPlugin
2025-10-10 23:16:54,024 [INFO] IPUIPlugin:80 - create IPUIPlugin
2025-10-10 23:16:54,024 [INFO] IPUIPlugin:80 - create IPUIPlugin
2025-10-10 23:16:54,024 [INFO] IPUIPlugin:80 - create IPUIPlugin
2025-10-10 23:16:54,024 [INFO] IPUIPlugin:80 - create IPUIPlugin
2025-10-10 23:16:54,024 [INFO] IPUIPlugin:80 - create IPUIPlugin
2025-10-10 23:16:54,024 [INFO] IPUIPlugin:80 - create IPUIPlugin
2025-10-10 23:16:54,024 [INFO] IPUIPlugin:80 - create IPUIPlugin
2025-10-10 23:16:54,025 [INFO] IPUIPlugin:80 - create IPUIPlugin
2025-10-10 23:16:54,025 [INFO] IPUIPlugin:80 - create IPUIPlugin
2025-10-10 23:16:54,025 [INFO] IPUIPlugin:80 - create IPUIPlugin
2025-10-10 23:16:54,025 [INFO] IPUIPlugin:80 - create IPUIPlugin
2025-10-10 23:16:54,025 [INFO] IPUIPlugin:80 - create IPUIPlugin
2025-10-10 23:16:54,026 [INFO] IPUIPlugin:80 - create IPUIPlugin
2025-10-10 23:16:54,026 [INFO] IPUIPlugin:80 - create IPUIPlugin
2025-10-10 23:16:54,027 [INFO] IPUIPlugin:80 - create IPUIPlugin
2025-10-10 23:16:54,027 [INFO] IPUIPlugin:80 - create IPUIPlugin
2025-10-10 23:16:54,027 [INFO] IPUIPlugin:80 - create IPUIPlugin
2025-10-10 23:16:54,051 [INFO] ApiDbMcu:532 - Load IP Config File for PDM2PCM
2025-10-10 23:16:54,060 [WARN] IP:2250 - I2C_Coeff_DF not found: check if there is a RefParameter without a condition.
2025-10-10 23:16:54,060 [WARN] IP:2250 - Analog_Filter not found: check if there is a RefParameter without a condition.
2025-10-10 23:16:54,229 [INFO] CADModel:165 - CPN selected for project levelSTM32F446RET6
2025-10-10 23:16:54,229 [INFO] CADModel:114 - Register for checkConnection events
2025-10-10 23:16:54,291 [INFO] OpenFileManager:386 - Restore cursor
2025-10-10 23:16:54,476 [WARN] IP:2250 - I2C_Coeff_DF not found: check if there is a RefParameter without a condition.
2025-10-10 23:16:54,477 [WARN] IP:2250 - Analog_Filter not found: check if there is a RefParameter without a condition.
2025-10-10 23:16:54,477 [WARN] IP:2250 - I2C_Coeff_DF not found: check if there is a RefParameter without a condition.
2025-10-10 23:16:54,477 [WARN] IP:2250 - Analog_Filter not found: check if there is a RefParameter without a condition.
2025-10-10 23:17:24,057 [INFO] MainUpdater:2872 - connection check result : 10
2025-10-10 23:17:24,057 [INFO] MainUpdater:2872 - connection check result : 10
2025-10-10 23:17:24,203 [INFO] MicroXplorer:468 - Change Database Path : 
2025-10-10 23:17:24,203 [INFO] MicroXplorer:498 - Change Database Version : DB.6.0.150
2025-10-10 23:17:24,215 [ERROR] ProjectManagerView:395 - 
java.lang.NullPointerException: Cannot invoke "javax.swing.JTextField.getText()" because the return value of "java.util.List.get(int)" is null
	at com.st.microxplorer.plugins.projectmanager.gui.ProjectChoiceTab$9.caretUpdate(ProjectChoiceTab.java:2706) ~[filemanager.jar:?]
	at javax.swing.text.JTextComponent.fireCaretUpdate(JTextComponent.java:408) ~[?:?]
	at javax.swing.text.JTextComponent$MutableCaretEvent.fire(JTextComponent.java:4484) ~[?:?]
	at javax.swing.text.JTextComponent$MutableCaretEvent.stateChanged(JTextComponent.java:4506) ~[?:?]
	at javax.swing.text.DefaultCaret.fireStateChanged(DefaultCaret.java:857) ~[?:?]
	at javax.swing.text.DefaultCaret.changeCaretPosition(DefaultCaret.java:1343) ~[?:?]
	at javax.swing.text.DefaultCaret.handleSetDot(DefaultCaret.java:1242) ~[?:?]
	at javax.swing.text.DefaultCaret.setDot(DefaultCaret.java:1223) ~[?:?]
	at javax.swing.text.DefaultCaret$Handler.insertUpdate(DefaultCaret.java:1819) ~[?:?]
	at javax.swing.text.AbstractDocument.fireInsertUpdate(AbstractDocument.java:227) ~[?:?]
	at javax.swing.text.AbstractDocument.handleInsertString(AbstractDocument.java:781) ~[?:?]
	at javax.swing.text.AbstractDocument.insertString(AbstractDocument.java:740) ~[?:?]
	at javax.swing.text.PlainDocument.insertString(PlainDocument.java:131) ~[?:?]
	at javax.swing.text.AbstractDocument.replace(AbstractDocument.java:699) ~[?:?]
	at javax.swing.text.JTextComponent.setText(JTextComponent.java:1725) ~[?:?]
	at com.st.microxplorer.plugins.projectmanager.gui.ProjectChoiceTab.createHeapStackFields(ProjectChoiceTab.java:993) ~[filemanager.jar:?]
	at com.st.microxplorer.plugins.projectmanager.gui.ProjectChoiceTab.buildLinkSettingsPanel(ProjectChoiceTab.java:3813) ~[filemanager.jar:?]
	at com.st.microxplorer.plugins.projectmanager.gui.ProjectChoiceTab.defineWindowsFields(ProjectChoiceTab.java:1987) ~[filemanager.jar:?]
	at com.st.microxplorer.plugins.projectmanager.gui.ProjectChoiceTab.updateSettings(ProjectChoiceTab.java:558) ~[filemanager.jar:?]
	at com.st.microxplorer.plugins.projectmanager.gui.ProjectSettingsPanel.UpdateDialog(ProjectSettingsPanel.java:247) ~[filemanager.jar:?]
	at com.st.microxplorer.plugins.projectmanager.ProjectManagerView.propertyChange(ProjectManagerView.java:392) ~[filemanager.jar:?]
	at java.beans.PropertyChangeSupport.fire(PropertyChangeSupport.java:343) ~[?:?]
	at java.beans.PropertyChangeSupport.firePropertyChange(PropertyChangeSupport.java:335) ~[?:?]
	at java.beans.PropertyChangeSupport.firePropertyChange(PropertyChangeSupport.java:268) ~[?:?]
	at com.st.microxplorer.util.MXPropertyChangeSupport.firePropertyChange(MXPropertyChangeSupport.java:54) ~[STM32CubeMX.jar:?]
	at com.st.microxplorer.mxsystem.MxSystem.closeConfig(MxSystem.java:899) ~[STM32CubeMX.jar:?]
	at com.st.microxplorer.maingui.MainPanel.closeConfig(MainPanel.java:792) ~[STM32CubeMX.jar:?]
	at com.st.microxplorer.plugins.filemanager.engine.OpenFileManager.loadConfigurationFile(OpenFileManager.java:288) ~[filemanager.jar:?]
	at com.st.microxplorer.plugins.filemanager.engine.MainFileManager.userLoadConfig(MainFileManager.java:364) ~[filemanager.jar:?]
	at com.st.microxplorer.plugins.filemanager.engine.MainFileManager.userLoadConfig(MainFileManager.java:342) ~[filemanager.jar:?]
	at com.st.microxplorer.plugins.filemanager.FileManagerView.getSpecificTask(FileManagerView.java:264) ~[filemanager.jar:?]
	at com.st.stm32cube.common.mx.editor.CubeMxEditor.getMxTabbedPaneInstance(CubeMxEditor.java:1198) ~[com.st.stm32cube.common.mx_6.15.0.202507011659/:?]
	at com.st.stm32cube.common.mx.editor.CubeMxEditor$12$1.createSwingComponent(CubeMxEditor.java:1068) ~[com.st.stm32cube.common.mx_6.15.0.202507011659/:?]
	at com.st.stm32cube.common.mx.oss.core.awtswtbridge.EmbeddedSwingComposite.doComponentCreation(EmbeddedSwingComposite.java:492) ~[com.st.stm32cube.common.mx.oss_6.15.0.202507011659/:?]
	at com.st.stm32cube.common.mx.oss.core.awtswtbridge.EmbeddedSwingComposite$4.run(EmbeddedSwingComposite.java:291) ~[com.st.stm32cube.common.mx.oss_6.15.0.202507011659/:?]
	at com.st.stm32cube.common.mx.oss.core.awtswtbridge.AwtEnvironment$2.run(AwtEnvironment.java:166) ~[com.st.stm32cube.common.mx.oss_6.15.0.202507011659/:?]
	at java.awt.event.InvocationEvent.dispatch(InvocationEvent.java:318) ~[?:?]
	at java.awt.EventQueue.dispatchEventImpl(EventQueue.java:773) ~[?:?]
	at java.awt.EventQueue$4.run(EventQueue.java:720) ~[?:?]
	at java.awt.EventQueue$4.run(EventQueue.java:714) ~[?:?]
	at java.security.AccessController.doPrivileged(AccessController.java:400) ~[?:?]
	at java.security.ProtectionDomain$JavaSecurityAccessImpl.doIntersectionPrivilege(ProtectionDomain.java:87) ~[?:?]
	at java.awt.EventQueue.dispatchEvent(EventQueue.java:742) ~[?:?]
	at java.awt.EventDispatchThread.pumpOneEventForFilters(EventDispatchThread.java:203) ~[?:?]
	at java.awt.EventDispatchThread.pumpEventsForFilter(EventDispatchThread.java:124) ~[?:?]
	at java.awt.EventDispatchThread.pumpEventsForHierarchy(EventDispatchThread.java:113) ~[?:?]
	at java.awt.EventDispatchThread.pumpEvents(EventDispatchThread.java:109) ~[?:?]
	at java.awt.EventDispatchThread.pumpEvents(EventDispatchThread.java:101) ~[?:?]
	at java.awt.EventDispatchThread.run(EventDispatchThread.java:90) ~[?:?]
2025-10-10 23:17:24,222 [WARN] ThirdParty:871 - waiting for thirdparty lock release [close project]
2025-10-10 23:17:24,222 [INFO] ThirdParty:873 - entering critical section [close project]
2025-10-10 23:17:24,222 [INFO] ThirdParty:883 - exiting critical section [close project]
2025-10-10 23:17:24,223 [INFO] PinOutPanel:1589 - setPackage(No Configuration,No Configuration)
2025-10-10 23:17:24,235 [WARN] IpParametersView:155 - Warning: This peripheral hasn't parameters
2025-10-10 23:17:24,244 [WARN] MainPanel:289 - <html><b><center>Warning: This peripheral has no parameters to be configured<br></b></html>
2025-10-10 23:17:24,251 [INFO] UtilMem:75 - Begin LoadConfig() Used Memory: 291166864 Bytes (570425344)
2025-10-10 23:17:24,252 [INFO] MicroXplorer:468 - Change Database Path : 
2025-10-10 23:17:24,252 [INFO] MicroXplorer:498 - Change Database Version : DB.6.0.150
2025-10-10 23:17:24,252 [INFO] OpenFileManager:355 - Change cursor
2025-10-10 23:17:24,262 [INFO] Mcu:2029 - Initializing MCU STM32F446R(C-E)Tx STM32F446RETx STM32F446RET6
2025-10-10 23:17:25,218 [INFO] Context:786 - Trying to add GPIOservice into a context  which must be forbidden
2025-10-10 23:17:25,674 [INFO] ApiDbMcu:532 - Load IP Config File for STMicroelectronics.X-CUBE-NFC10.1.0.0
2025-10-10 23:17:25,763 [INFO] ImportTextPane:234 - (OptionalMessage_ERROR) Pin18 (VP_RIF_VS_RIF1) cannot be retrieved for this MCU
2025-10-10 23:17:25,805 [INFO] RtosManager:558 - Registered RTOS mode: class=CMSIS, group=RTOS, mode=CMSIS_V1, owner=FREERTOS
2025-10-10 23:17:25,805 [INFO] RtosManager:558 - Registered RTOS mode: class=CMSIS, group=RTOS2, mode=CMSIS_V2, owner=FREERTOS
2025-10-10 23:17:25,805 [INFO] RtosManager:558 - Registered RTOS mode: class=RTOS, group=Core, mode=CMSIS_V1, owner=FREERTOS
2025-10-10 23:17:25,805 [INFO] RtosManager:558 - Registered RTOS mode: class=RTOS, group=Core, mode=CMSIS_V2, owner=FREERTOS
2025-10-10 23:17:25,805 [WARN] ModelIntegratedComponent:184 - Missing modes for component STMicroelectronics:FreeRTOS:0.0.1:STMicroelectronics:RTOS:FreeRTOS:Core:::10.2.0:
2025-10-10 23:17:25,837 [WARN] ModelIntegratedComponent:63 - No mode defined for component null
2025-10-10 23:17:25,837 [WARN] ModelIntegratedComponent:63 - No mode defined for component null
2025-10-10 23:17:25,837 [WARN] ModelIntegratedComponent:63 - No mode defined for component null
2025-10-10 23:17:25,837 [WARN] ModelIntegratedComponent:63 - No mode defined for component null
2025-10-10 23:17:25,837 [WARN] ModelIntegratedComponent:63 - No mode defined for component null
2025-10-10 23:17:25,837 [WARN] ModelIntegratedComponent:63 - No mode defined for component null
2025-10-10 23:17:25,837 [WARN] ModelIntegratedComponent:63 - No mode defined for component null
2025-10-10 23:17:25,837 [WARN] ModelIntegratedComponent:63 - No mode defined for component null
2025-10-10 23:17:25,837 [WARN] ModelIntegratedComponent:63 - No mode defined for component null
2025-10-10 23:17:25,837 [WARN] ModelIntegratedComponent:63 - No mode defined for component null
2025-10-10 23:17:25,837 [WARN] ModelIntegratedComponent:63 - No mode defined for component null
2025-10-10 23:17:25,837 [WARN] ModelIntegratedComponent:63 - No mode defined for component null
2025-10-10 23:17:25,837 [WARN] ModelIntegratedComponent:63 - No mode defined for component null
2025-10-10 23:17:25,837 [WARN] ModelIntegratedComponent:63 - No mode defined for component null
2025-10-10 23:17:25,837 [WARN] ModelIntegratedComponent:63 - No mode defined for component null
2025-10-10 23:17:25,837 [WARN] ModelIntegratedComponent:63 - No mode defined for component null
2025-10-10 23:17:25,837 [WARN] ModelIntegratedComponent:63 - No mode defined for component null
2025-10-10 23:17:25,837 [WARN] ModelIntegratedComponent:63 - No mode defined for component null
2025-10-10 23:17:25,837 [WARN] ModelIntegratedComponent:63 - No mode defined for component null
2025-10-10 23:17:25,837 [WARN] ModelIntegratedComponent:63 - No mode defined for component null
2025-10-10 23:17:25,837 [WARN] ModelIntegratedComponent:63 - No mode defined for component null
2025-10-10 23:17:25,837 [WARN] ModelIntegratedComponent:63 - No mode defined for component null
2025-10-10 23:17:25,837 [WARN] ModelIntegratedComponent:63 - No mode defined for component null
2025-10-10 23:17:25,837 [WARN] ModelIntegratedComponent:63 - No mode defined for component null
2025-10-10 23:17:25,837 [WARN] ModelIntegratedComponent:63 - No mode defined for component null
2025-10-10 23:17:25,837 [WARN] ModelIntegratedComponent:63 - No mode defined for component null
2025-10-10 23:17:25,838 [WARN] ModelIntegratedComponent:63 - No mode defined for component null
2025-10-10 23:17:25,838 [WARN] ModelIntegratedComponent:63 - No mode defined for component null
2025-10-10 23:17:25,838 [WARN] ModelIntegratedComponent:63 - No mode defined for component null
2025-10-10 23:17:25,838 [WARN] ModelIntegratedComponent:63 - No mode defined for component null
2025-10-10 23:17:25,838 [WARN] ModelIntegratedComponent:63 - No mode defined for component null
2025-10-10 23:17:25,838 [WARN] ModelIntegratedComponent:63 - No mode defined for component null
2025-10-10 23:17:25,838 [WARN] ModelIntegratedComponent:63 - No mode defined for component null
2025-10-10 23:17:25,838 [WARN] ModelIntegratedComponent:63 - No mode defined for component null
2025-10-10 23:17:25,838 [WARN] ModelIntegratedComponent:63 - No mode defined for component null
2025-10-10 23:17:25,838 [WARN] ModelPack:524 - Component already loaded: STMicroelectronics:HAL Drivers:0.0.0:STMicroelectronics:Device:STMicro_Driver:XSPI:HAL::0.0.1:HAL_XSPI
2025-10-10 23:17:26,211 [INFO] ThirdPartyModel:298 - Start build external matchings
2025-10-10 23:17:26,437 [INFO] ThirdPartyModel:316 - End build external matchings
2025-10-10 23:17:26,447 [INFO] ImportTextPane:234 - (OptionalMessage_ERROR) IP (RCC) : Invalid parameter (48MHZClocksFreq_Value)
2025-10-10 23:17:26,448 [INFO] ImportTextPane:234 - (OptionalMessage_ERROR) IP (RCC) : Invalid parameter (EthernetFreq_Value)
2025-10-10 23:17:26,448 [INFO] ImportTextPane:234 - (OptionalMessage_ERROR) IP (RCC) : Parameter (FLatency) has Id (AdvancedSettings) currently not set
2025-10-10 23:17:26,448 [INFO] ImportTextPane:234 - (OptionalMessage_ERROR) IP (RCC) : Invalid parameter (FamilyName)
2025-10-10 23:17:26,448 [INFO] ImportTextPane:234 - (OptionalMessage_ERROR) IP (RCC) : Invalid parameter (I2SClocksFreq_Value)
2025-10-10 23:17:26,449 [INFO] ImportTextPane:234 - (OptionalMessage_ERROR) IP (RCC) : Parameter (SDIOFreq_Value) has invalid value (168000000)
2025-10-10 23:17:26,449 [INFO] ImportTextPane:234 - (OptionalMessage_ERROR) IP (RCC) : Parameter (USBFreq_Value) has invalid value (168000000)
2025-10-10 23:17:26,449 [INFO] ImportTextPane:234 - (OptionalMessage_ERROR) IP (RCC) : Invalid parameter (VCOInputMFreq_Value)
2025-10-10 23:17:26,449 [INFO] ImportTextPane:234 - (OptionalMessage_ERROR) IP (RCC) : Invalid parameter (VcooutputI2S)
2025-10-10 23:17:26,758 [INFO] UtilMem:75 - End LoadConfig() Used Memory: 267751296 Bytes (570425344)
2025-10-10 23:17:26,835 [WARN] ThirdParty:833 - waiting for thirdparty lock release [change project]
2025-10-10 23:17:26,836 [INFO] ThirdParty:835 - entering critical section [change project]
2025-10-10 23:17:26,836 [INFO] ThirdParty:1030 - CMSIS Pack Vendor :STMicroelectronics X-CUBE-PM33A1 1.0.0
2025-10-10 23:17:26,836 [INFO] ThirdParty:1030 - CMSIS Pack Vendor :STMicroelectronics USBPD 4.1
2025-10-10 23:17:26,836 [INFO] ThirdParty:1030 - CMSIS Pack Vendor :STMicroelectronics X-CUBE-NFC9 1.0.0
2025-10-10 23:17:26,836 [INFO] ThirdParty:1030 - CMSIS Pack Vendor :STMicroelectronics USB_HOST 2.0.0
2025-10-10 23:17:26,836 [INFO] ThirdParty:1030 - CMSIS Pack Vendor :STMicroelectronics FP-SNS-MOTENVWB1 1.4.0
2025-10-10 23:17:26,836 [INFO] ThirdParty:1030 - CMSIS Pack Vendor :STMicroelectronics X-CUBE-AZRTOS-F4 1.1.0
2025-10-10 23:17:26,836 [INFO] ThirdParty:1030 - CMSIS Pack Vendor :STMicroelectronics LIBJPEG 8.0.0
2025-10-10 23:17:26,836 [INFO] ThirdParty:1030 - CMSIS Pack Vendor :STMicroelectronics FP-ATR-ASTRA1 2.0.2
2025-10-10 23:17:26,836 [INFO] ThirdParty:1030 - CMSIS Pack Vendor :wolfSSL I-CUBE-wolfSSL 5.8.2
2025-10-10 23:17:26,836 [INFO] ThirdParty:1030 - CMSIS Pack Vendor :STMicroelectronics X-CUBE-BLE1 7.1.0
2025-10-10 23:17:26,836 [INFO] ThirdParty:1030 - CMSIS Pack Vendor :Avnet-IotConnect X-CUBE-IoTC-DA16k-PMOD 1.0.0
2025-10-10 23:17:26,836 [INFO] ThirdParty:1030 - CMSIS Pack Vendor :STMicroelectronics X-CUBE-SMBUS 2.1.0
2025-10-10 23:17:26,836 [INFO] ThirdParty:1030 - CMSIS Pack Vendor :wolfSSL I-CUBE-wolfMQTT 1.19.2
2025-10-10 23:17:26,836 [INFO] ThirdParty:1030 - CMSIS Pack Vendor :STMicroelectronics USB_DEVICE 3.0.0
2025-10-10 23:17:26,836 [INFO] ThirdParty:1030 - CMSIS Pack Vendor :STMicroelectronics X-CUBE-ISPU 2.1.0
2025-10-10 23:17:26,836 [INFO] ThirdParty:1030 - CMSIS Pack Vendor :STMicroelectronics X-CUBE-EEPRMA1 5.2.0
2025-10-10 23:17:26,836 [INFO] ThirdParty:1030 - CMSIS Pack Vendor :STMicroelectronics X-CUBE-BLEMGR 4.1.0
2025-10-10 23:17:26,836 [INFO] ThirdParty:1030 - CMSIS Pack Vendor :STMicroelectronics X-CUBE-AZRTOS-WB 2.0.0
2025-10-10 23:17:26,836 [INFO] ThirdParty:1030 - CMSIS Pack Vendor :STMicroelectronics X-CUBE-ST60 1.0.0
2025-10-10 23:17:26,836 [INFO] ThirdParty:1030 - CMSIS Pack Vendor :STMicroelectronics X-CUBE-GNSS1 7.0.1
2025-10-10 23:17:26,836 [INFO] ThirdParty:1030 - CMSIS Pack Vendor :STMicroelectronics X-CUBE-NFC12 1.0.0
2025-10-10 23:17:26,836 [INFO] ThirdParty:1030 - CMSIS Pack Vendor :STMicroelectronics X-CUBE-AZRTOS-F7 1.1.0
2025-10-10 23:17:26,836 [INFO] ThirdParty:1030 - CMSIS Pack Vendor :STMicroelectronics X-CUBE-AZRTOS-L5 2.0.0
2025-10-10 23:17:26,837 [INFO] ThirdParty:1030 - CMSIS Pack Vendor :STMicroelectronics X-CUBE-TOUCHGFX 4.25.0
2025-10-10 23:17:26,837 [INFO] ThirdParty:1030 - CMSIS Pack Vendor :STMicroelectronics USB_DEVICE 2.0.0
2025-10-10 23:17:26,837 [INFO] ThirdParty:1030 - CMSIS Pack Vendor :STMicroelectronics X-CUBE-NFC6 3.1.0
2025-10-10 23:17:26,837 [INFO] ThirdParty:1030 - CMSIS Pack Vendor :Cesanta I-CUBE-Mongoose 7.19.0
2025-10-10 23:17:26,837 [INFO] ThirdParty:1030 - CMSIS Pack Vendor :quantropi X-CUBE-qispace-sdk-base 2.1.0
2025-10-10 23:17:26,837 [INFO] ThirdParty:1030 - CMSIS Pack Vendor :STMicroelectronics FreeRTOS 0.0.1
2025-10-10 23:17:26,837 [INFO] ThirdParty:1030 - CMSIS Pack Vendor :STMicroelectronics X-CUBE-AZRTOS-G0 1.1.0
2025-10-10 23:17:26,837 [INFO] ThirdParty:1030 - CMSIS Pack Vendor :STMicroelectronics X-CUBE-SAFEA1 1.2.2
2025-10-10 23:17:26,837 [INFO] ThirdParty:1030 - CMSIS Pack Vendor :STMicroelectronics X-CUBE-NFC4 3.0.0
2025-10-10 23:17:26,837 [INFO] ThirdParty:1030 - CMSIS Pack Vendor :STMicroelectronics X-CUBE-SUBG2 5.0.0
2025-10-10 23:17:26,837 [INFO] ThirdParty:1030 - CMSIS Pack Vendor :STMicroelectronics X-CUBE-AZRTOS-H7RS 1.1.0
2025-10-10 23:17:26,837 [INFO] ThirdParty:1030 - CMSIS Pack Vendor :STMicroelectronics STM32_WPAN 1.0.0
2025-10-10 23:17:26,837 [INFO] ThirdParty:1030 - CMSIS Pack Vendor :EmbeddedOffice I-CUBE-FS-RTOS 1.0.1
2025-10-10 23:17:26,837 [INFO] ThirdParty:1030 - CMSIS Pack Vendor :STMicroelectronics lwIP 2.0.3
2025-10-10 23:17:26,837 [INFO] ThirdParty:1030 - CMSIS Pack Vendor :WES I-CUBE-Cesium 1.4.0
2025-10-10 23:17:26,838 [INFO] ThirdParty:1030 - CMSIS Pack Vendor :Cesanta I-CUBE-Mongoose 7.13.0
2025-10-10 23:17:26,838 [INFO] ThirdParty:1030 - CMSIS Pack Vendor :STMicroelectronics USB_HOST 1.0.0
2025-10-10 23:17:26,838 [INFO] ThirdParty:1030 - CMSIS Pack Vendor :Infineon AIROC-Wi-Fi-Bluetooth-STM32 1.7.1
2025-10-10 23:17:26,838 [INFO] ThirdParty:1030 - CMSIS Pack Vendor :STMicroelectronics X-CUBE-AZRTOS-G4 2.0.0
2025-10-10 23:17:26,838 [INFO] ThirdParty:1030 - CMSIS Pack Vendor :STMicroelectronics X-CUBE-WB05N 2.0.0
2025-10-10 23:17:26,838 [INFO] ThirdParty:1030 - CMSIS Pack Vendor :STMicroelectronics PDM2PCM 3.1.0
2025-10-10 23:17:26,838 [INFO] ThirdParty:1030 - CMSIS Pack Vendor :STMicroelectronics PDM2PCM 3.3.0
2025-10-10 23:17:26,838 [INFO] ThirdParty:1030 - CMSIS Pack Vendor :wolfSSL I-CUBE-wolfTPM 3.8.0
2025-10-10 23:17:26,838 [INFO] ThirdParty:1030 - CMSIS Pack Vendor :STMicroelectronics X-CUBE-AZRTOS-H7 3.4.0
2025-10-10 23:17:26,838 [INFO] ThirdParty:1030 - CMSIS Pack Vendor :STMicroelectronics X-CUBE-DISPLAY 3.0.0
2025-10-10 23:17:26,838 [INFO] ThirdParty:1030 - CMSIS Pack Vendor :wolfSSL I-CUBE-wolfSSH 1.4.20
2025-10-10 23:17:26,838 [INFO] ThirdParty:1030 - CMSIS Pack Vendor :STMicroelectronics X-CUBE-NFC7 2.0.0
2025-10-10 23:17:26,838 [INFO] ThirdParty:1030 - CMSIS Pack Vendor :STMicroelectronics X-CUBE-TCPP 4.2.0
2025-10-10 23:17:26,838 [INFO] ThirdParty:1030 - CMSIS Pack Vendor :RealThread X-CUBE-RT-Thread_Nano 4.1.1
2025-10-10 23:17:26,838 [INFO] ThirdParty:1030 - CMSIS Pack Vendor :STMicroelectronics FP-ATR-SIGFOX1 3.2.0
2025-10-10 23:17:26,838 [INFO] ThirdParty:1030 - CMSIS Pack Vendor :STMicroelectronics X-CUBE-NFC10 1.0.0
2025-10-10 23:17:26,838 [INFO] ThirdParty:1030 - CMSIS Pack Vendor :STMicroelectronics X-CUBE-FREERTOS 1.3.1
2025-10-10 23:17:26,838 [INFO] ThirdParty:1030 - CMSIS Pack Vendor :STMicroelectronics HAL Drivers 0.0.0
2025-10-10 23:17:26,838 [INFO] ThirdParty:1030 - CMSIS Pack Vendor :STMicroelectronics MBEDTLS 2.16.2
2025-10-10 23:17:26,838 [INFO] ThirdParty:1030 - CMSIS Pack Vendor :STMicroelectronics X-CUBE-IPS 3.1.0
2025-10-10 23:17:26,838 [INFO] ThirdParty:1030 - CMSIS Pack Vendor :STMicroelectronics X-CUBE-ALS 1.0.2
2025-10-10 23:17:26,838 [INFO] ThirdParty:1030 - CMSIS Pack Vendor :emotas I-CUBE-CANOPEN 1.3.0
2025-10-10 23:17:26,838 [INFO] ThirdParty:1030 - CMSIS Pack Vendor :STMicroelectronics MBEDTLS 2.14.1
2025-10-10 23:17:26,838 [INFO] ThirdParty:1030 - CMSIS Pack Vendor :ITTIA_DB I-CUBE-ITTIADB 8.9.0
2025-10-10 23:17:26,838 [INFO] ThirdParty:1030 - CMSIS Pack Vendor :STMicroelectronics X-CUBE-TOUCHGFX 4.26.0
2025-10-10 23:17:26,838 [INFO] ThirdParty:1030 - CMSIS Pack Vendor :STMicroelectronics X-CUBE-STSE01 1.0.0
2025-10-10 23:17:26,838 [INFO] ThirdParty:1030 - CMSIS Pack Vendor :portGmbH I-Cube-SoM-uGOAL 1.1.0
2025-10-10 23:17:26,838 [INFO] ThirdParty:1030 - CMSIS Pack Vendor :STMicroelectronics X-CUBE-ST67W61 1.0.0
2025-10-10 23:17:26,838 [INFO] ThirdParty:1030 - CMSIS Pack Vendor :STMicroelectronics FP-SNS-STBOX1 2.1.0
2025-10-10 23:17:26,839 [INFO] ThirdParty:1030 - CMSIS Pack Vendor :STMicroelectronics X-CUBE-AI 10.2.0
2025-10-10 23:17:26,839 [INFO] ThirdParty:1030 - CMSIS Pack Vendor :STMicroelectronics FP-SNS-STAIOTCFT 1.0.0
2025-10-10 23:17:26,839 [INFO] ThirdParty:1030 - CMSIS Pack Vendor :STMicroelectronics ThreadX 1.0.0
2025-10-10 23:17:26,839 [INFO] ThirdParty:1030 - CMSIS Pack Vendor :STMicroelectronics FP-SNS-SMARTAG2 1.2.0
2025-10-10 23:17:26,839 [INFO] ThirdParty:1030 - CMSIS Pack Vendor :STMicroelectronics FP-SNS-FLIGHT1 5.1.0
2025-10-10 23:17:26,839 [INFO] ThirdParty:1030 - CMSIS Pack Vendor :STMicroelectronics X-CUBE-AZRTOS-WL 2.0.0
2025-10-10 23:17:26,839 [INFO] ThirdParty:1030 - CMSIS Pack Vendor :SEGGER I-CUBE-embOS 1.3.1
2025-10-10 23:17:26,839 [INFO] ThirdParty:1030 - CMSIS Pack Vendor :STMicroelectronics X-CUBE-ALGOBUILD 1.4.0
2025-10-10 23:17:26,839 [INFO] ThirdParty:1030 - CMSIS Pack Vendor :STMicroelectronics X-CUBE-DPower 1.3.0
2025-10-10 23:17:26,839 [INFO] ThirdParty:1030 - CMSIS Pack Vendor :STMicroelectronics X-CUBE-MEMS1 11.3.0
2025-10-10 23:17:26,839 [INFO] ThirdParty:1030 - CMSIS Pack Vendor :STMicroelectronics FP-SNS-MOTENV1 5.0.0
2025-10-10 23:17:26,839 [INFO] ThirdParty:1030 - CMSIS Pack Vendor :STMicroelectronics USB_DEVICE 1.0.0
2025-10-10 23:17:26,839 [INFO] ThirdParty:1030 - CMSIS Pack Vendor :STMicroelectronics X-CUBE-AZRTOS-L4 2.0.0
2025-10-10 23:17:26,839 [INFO] ThirdParty:1030 - CMSIS Pack Vendor :STMicroelectronics ThreadX 0.0.2
2025-10-10 23:17:26,839 [INFO] ThirdParty:1030 - CMSIS Pack Vendor :STMicroelectronics lwIP 2.1.2
2025-10-10 23:17:26,839 [INFO] ThirdParty:1030 - CMSIS Pack Vendor :STMicroelectronics X-CUBE-SFXS2LP1 4.0.0
2025-10-10 23:17:26,839 [INFO] ThirdParty:1030 - CMSIS Pack Vendor :STMicroelectronics X-CUBE-BLE2 3.3.0
2025-10-10 23:17:26,839 [INFO] ThirdParty:1030 - CMSIS Pack Vendor :STMicroelectronics X-CUBE-TOF1 3.4.3
2025-10-10 23:17:26,839 [INFO] ThirdParty:1030 - CMSIS Pack Vendor :STMicroelectronics PDM2PCM 3.2.0
2025-10-10 23:17:26,839 [INFO] ThirdParty:841 - exiting critical section [change project]
2025-10-10 23:17:26,998 [INFO] PinOutPanel:1589 - setPackage(No Configuration,No Configuration)
2025-10-10 23:17:27,000 [INFO] PinOutPanel:1589 - setPackage(STM32F446RETx,LQFP64)
2025-10-10 23:17:27,279 [INFO] UtilMem:75 - Before build in PCC Used Memory: 466410112 Bytes (570425344)
2025-10-10 23:17:27,527 [INFO] UtilMem:75 - After build in PCC Used Memory: 516741760 Bytes (570425344)
2025-10-10 23:17:27,559 [INFO] IPUIPlugin:80 - create IPUIPlugin
2025-10-10 23:17:27,559 [INFO] IPUIPlugin:80 - create IPUIPlugin
2025-10-10 23:17:27,559 [INFO] IPUIPlugin:80 - create IPUIPlugin
2025-10-10 23:17:27,559 [INFO] IPUIPlugin:80 - create IPUIPlugin
2025-10-10 23:17:27,560 [INFO] IPUIPlugin:80 - create IPUIPlugin
2025-10-10 23:17:27,560 [INFO] IPUIPlugin:80 - create IPUIPlugin
2025-10-10 23:17:27,560 [INFO] IPUIPlugin:80 - create IPUIPlugin
2025-10-10 23:17:27,560 [INFO] IPUIPlugin:80 - create IPUIPlugin
2025-10-10 23:17:27,560 [INFO] IPUIPlugin:80 - create IPUIPlugin
2025-10-10 23:17:27,560 [INFO] IPUIPlugin:80 - create IPUIPlugin
2025-10-10 23:17:27,560 [INFO] IPUIPlugin:80 - create IPUIPlugin
2025-10-10 23:17:27,560 [INFO] IPUIPlugin:80 - create IPUIPlugin
2025-10-10 23:17:27,560 [INFO] IPUIPlugin:80 - create IPUIPlugin
2025-10-10 23:17:27,561 [INFO] IPUIPlugin:80 - create IPUIPlugin
2025-10-10 23:17:27,561 [INFO] IPUIPlugin:80 - create IPUIPlugin
2025-10-10 23:17:27,561 [INFO] IPUIPlugin:80 - create IPUIPlugin
2025-10-10 23:17:27,561 [INFO] IPUIPlugin:80 - create IPUIPlugin
2025-10-10 23:17:27,561 [INFO] IPUIPlugin:80 - create IPUIPlugin
2025-10-10 23:17:27,561 [INFO] IPUIPlugin:80 - create IPUIPlugin
2025-10-10 23:17:27,561 [INFO] IPUIPlugin:80 - create IPUIPlugin
2025-10-10 23:17:27,562 [INFO] IPUIPlugin:80 - create IPUIPlugin
2025-10-10 23:17:27,562 [INFO] IPUIPlugin:80 - create IPUIPlugin
2025-10-10 23:17:27,562 [INFO] IPUIPlugin:80 - create IPUIPlugin
2025-10-10 23:17:27,562 [INFO] IPUIPlugin:80 - create IPUIPlugin
2025-10-10 23:17:27,562 [INFO] IPUIPlugin:80 - create IPUIPlugin
2025-10-10 23:17:27,563 [INFO] IPUIPlugin:80 - create IPUIPlugin
2025-10-10 23:17:27,563 [INFO] IPUIPlugin:80 - create IPUIPlugin
2025-10-10 23:17:27,563 [INFO] IPUIPlugin:80 - create IPUIPlugin
2025-10-10 23:17:27,563 [INFO] IPUIPlugin:80 - create IPUIPlugin
2025-10-10 23:17:27,563 [INFO] IPUIPlugin:80 - create IPUIPlugin
2025-10-10 23:17:27,564 [INFO] IPUIPlugin:80 - create IPUIPlugin
2025-10-10 23:17:27,564 [INFO] IPUIPlugin:80 - create IPUIPlugin
2025-10-10 23:17:27,564 [INFO] IPUIPlugin:80 - create IPUIPlugin
2025-10-10 23:17:27,565 [INFO] IPUIPlugin:80 - create IPUIPlugin
2025-10-10 23:17:27,565 [INFO] IPUIPlugin:80 - create IPUIPlugin
2025-10-10 23:17:27,566 [INFO] IPUIPlugin:80 - create IPUIPlugin
2025-10-10 23:17:27,566 [INFO] IPUIPlugin:80 - create IPUIPlugin
2025-10-10 23:17:27,566 [INFO] IPUIPlugin:80 - create IPUIPlugin
2025-10-10 23:17:27,566 [INFO] IPUIPlugin:80 - create IPUIPlugin
2025-10-10 23:17:27,567 [INFO] IPUIPlugin:80 - create IPUIPlugin
2025-10-10 23:17:27,567 [INFO] IPUIPlugin:80 - create IPUIPlugin
2025-10-10 23:17:27,567 [INFO] IPUIPlugin:80 - create IPUIPlugin
2025-10-10 23:17:27,568 [INFO] IPUIPlugin:80 - create IPUIPlugin
2025-10-10 23:17:27,568 [INFO] IPUIPlugin:80 - create IPUIPlugin
2025-10-10 23:17:27,568 [INFO] IPUIPlugin:80 - create IPUIPlugin
2025-10-10 23:17:27,568 [INFO] IPUIPlugin:80 - create IPUIPlugin
2025-10-10 23:17:27,568 [INFO] IPUIPlugin:80 - create IPUIPlugin
2025-10-10 23:17:27,568 [INFO] IPUIPlugin:80 - create IPUIPlugin
2025-10-10 23:17:27,569 [INFO] IPUIPlugin:80 - create IPUIPlugin
2025-10-10 23:17:27,569 [INFO] IPUIPlugin:80 - create IPUIPlugin
2025-10-10 23:17:27,569 [INFO] IPUIPlugin:80 - create IPUIPlugin
2025-10-10 23:17:27,569 [INFO] IPUIPlugin:80 - create IPUIPlugin
2025-10-10 23:17:27,570 [INFO] IPUIPlugin:80 - create IPUIPlugin
2025-10-10 23:17:27,570 [INFO] IPUIPlugin:80 - create IPUIPlugin
2025-10-10 23:17:27,570 [INFO] IPUIPlugin:80 - create IPUIPlugin
2025-10-10 23:17:27,571 [INFO] IPUIPlugin:80 - create IPUIPlugin
2025-10-10 23:17:27,571 [INFO] IPUIPlugin:80 - create IPUIPlugin
2025-10-10 23:17:27,571 [INFO] IPUIPlugin:80 - create IPUIPlugin
2025-10-10 23:17:27,571 [INFO] IPUIPlugin:80 - create IPUIPlugin
2025-10-10 23:17:27,571 [INFO] IPUIPlugin:80 - create IPUIPlugin
2025-10-10 23:17:27,572 [INFO] IPUIPlugin:80 - create IPUIPlugin
2025-10-10 23:17:27,574 [INFO] ApiDbMcu:532 - Load IP Config File for PDM2PCM
2025-10-10 23:17:27,575 [WARN] IP:2250 - I2C_Coeff_DF not found: check if there is a RefParameter without a condition.
2025-10-10 23:17:27,575 [WARN] IP:2250 - Analog_Filter not found: check if there is a RefParameter without a condition.
2025-10-10 23:17:27,623 [INFO] CADModel:165 - CPN selected for project levelSTM32F446RET6
2025-10-10 23:17:27,623 [INFO] CADModel:114 - Register for checkConnection events
2025-10-10 23:17:27,686 [INFO] OpenFileManager:386 - Restore cursor
2025-10-10 23:17:27,851 [WARN] IP:2250 - I2C_Coeff_DF not found: check if there is a RefParameter without a condition.
2025-10-10 23:17:27,851 [WARN] IP:2250 - Analog_Filter not found: check if there is a RefParameter without a condition.
2025-10-10 23:17:27,852 [WARN] IP:2250 - I2C_Coeff_DF not found: check if there is a RefParameter without a condition.
2025-10-10 23:17:27,852 [WARN] IP:2250 - Analog_Filter not found: check if there is a RefParameter without a condition.
2025-10-10 23:20:01,634 [WARN] IP:2250 - I2C_Coeff_DF not found: check if there is a RefParameter without a condition.
2025-10-10 23:20:01,634 [WARN] IP:2250 - Analog_Filter not found: check if there is a RefParameter without a condition.
2025-10-10 23:20:01,635 [WARN] IP:2250 - I2C_Coeff_DF not found: check if there is a RefParameter without a condition.
2025-10-10 23:20:01,635 [WARN] IP:2250 - Analog_Filter not found: check if there is a RefParameter without a condition.
2025-10-10 23:20:01,691 [WARN] IP:2250 - I2C_Coeff_DF not found: check if there is a RefParameter without a condition.
2025-10-10 23:20:01,691 [WARN] IP:2250 - Analog_Filter not found: check if there is a RefParameter without a condition.
2025-10-10 23:20:01,734 [WARN] IP:2250 - I2C_Coeff_DF not found: check if there is a RefParameter without a condition.
2025-10-10 23:20:01,735 [WARN] IP:2250 - Analog_Filter not found: check if there is a RefParameter without a condition.
2025-10-10 23:21:15,020 [WARN] IP:2250 - I2C_Coeff_DF not found: check if there is a RefParameter without a condition.
2025-10-10 23:21:15,021 [WARN] IP:2250 - Analog_Filter not found: check if there is a RefParameter without a condition.
2025-10-10 23:21:15,021 [WARN] IP:2250 - I2C_Coeff_DF not found: check if there is a RefParameter without a condition.
2025-10-10 23:21:15,021 [WARN] IP:2250 - Analog_Filter not found: check if there is a RefParameter without a condition.
2025-10-10 23:21:15,074 [WARN] IP:2250 - I2C_Coeff_DF not found: check if there is a RefParameter without a condition.
2025-10-10 23:21:15,074 [WARN] IP:2250 - Analog_Filter not found: check if there is a RefParameter without a condition.
2025-10-10 23:21:15,116 [WARN] IP:2250 - I2C_Coeff_DF not found: check if there is a RefParameter without a condition.
2025-10-10 23:21:15,117 [WARN] IP:2250 - Analog_Filter not found: check if there is a RefParameter without a condition.
2025-10-10 23:21:26,313 [WARN] IP:2250 - I2C_Coeff_DF not found: check if there is a RefParameter without a condition.
2025-10-10 23:21:26,313 [WARN] IP:2250 - Analog_Filter not found: check if there is a RefParameter without a condition.
2025-10-10 23:21:26,314 [WARN] IP:2250 - I2C_Coeff_DF not found: check if there is a RefParameter without a condition.
2025-10-10 23:21:26,314 [WARN] IP:2250 - Analog_Filter not found: check if there is a RefParameter without a condition.
2025-10-10 23:21:26,348 [WARN] IP:2250 - I2C_Coeff_DF not found: check if there is a RefParameter without a condition.
2025-10-10 23:21:26,348 [WARN] IP:2250 - Analog_Filter not found: check if there is a RefParameter without a condition.
2025-10-10 23:21:26,389 [WARN] IP:2250 - I2C_Coeff_DF not found: check if there is a RefParameter without a condition.
2025-10-10 23:21:26,389 [WARN] IP:2250 - Analog_Filter not found: check if there is a RefParameter without a condition.
2025-10-10 23:21:34,883 [WARN] IP:2250 - I2C_Coeff_DF not found: check if there is a RefParameter without a condition.
2025-10-10 23:21:34,883 [WARN] IP:2250 - Analog_Filter not found: check if there is a RefParameter without a condition.
2025-10-10 23:21:34,883 [WARN] IP:2250 - I2C_Coeff_DF not found: check if there is a RefParameter without a condition.
2025-10-10 23:21:34,883 [WARN] IP:2250 - Analog_Filter not found: check if there is a RefParameter without a condition.
2025-10-10 23:21:34,919 [WARN] IP:2250 - I2C_Coeff_DF not found: check if there is a RefParameter without a condition.
2025-10-10 23:21:34,919 [WARN] IP:2250 - Analog_Filter not found: check if there is a RefParameter without a condition.
2025-10-10 23:21:34,952 [WARN] IP:2250 - I2C_Coeff_DF not found: check if there is a RefParameter without a condition.
2025-10-10 23:21:34,952 [WARN] IP:2250 - Analog_Filter not found: check if there is a RefParameter without a condition.
2025-10-10 23:24:07,729 [WARN] IP:2250 - I2C_Coeff_DF not found: check if there is a RefParameter without a condition.
2025-10-10 23:24:07,730 [WARN] IP:2250 - Analog_Filter not found: check if there is a RefParameter without a condition.
2025-10-10 23:24:07,730 [WARN] IP:2250 - I2C_Coeff_DF not found: check if there is a RefParameter without a condition.
2025-10-10 23:24:07,730 [WARN] IP:2250 - Analog_Filter not found: check if there is a RefParameter without a condition.
2025-10-10 23:24:07,764 [WARN] IP:2250 - I2C_Coeff_DF not found: check if there is a RefParameter without a condition.
2025-10-10 23:24:07,765 [WARN] IP:2250 - Analog_Filter not found: check if there is a RefParameter without a condition.
2025-10-10 23:24:07,790 [WARN] IP:2250 - I2C_Coeff_DF not found: check if there is a RefParameter without a condition.
2025-10-10 23:24:07,790 [WARN] IP:2250 - Analog_Filter not found: check if there is a RefParameter without a condition.
2025-10-10 23:24:21,424 [WARN] IP:2250 - I2C_Coeff_DF not found: check if there is a RefParameter without a condition.
2025-10-10 23:24:21,424 [WARN] IP:2250 - Analog_Filter not found: check if there is a RefParameter without a condition.
2025-10-10 23:24:21,425 [WARN] IP:2250 - I2C_Coeff_DF not found: check if there is a RefParameter without a condition.
2025-10-10 23:24:21,425 [WARN] IP:2250 - Analog_Filter not found: check if there is a RefParameter without a condition.
2025-10-10 23:24:21,455 [WARN] IP:2250 - I2C_Coeff_DF not found: check if there is a RefParameter without a condition.
2025-10-10 23:24:21,456 [WARN] IP:2250 - Analog_Filter not found: check if there is a RefParameter without a condition.
2025-10-10 23:24:21,483 [WARN] IP:2250 - I2C_Coeff_DF not found: check if there is a RefParameter without a condition.
2025-10-10 23:24:21,483 [WARN] IP:2250 - Analog_Filter not found: check if there is a RefParameter without a condition.
2025-10-10 23:24:39,088 [WARN] IP:2250 - I2C_Coeff_DF not found: check if there is a RefParameter without a condition.
2025-10-10 23:24:39,088 [WARN] IP:2250 - Analog_Filter not found: check if there is a RefParameter without a condition.
2025-10-10 23:24:39,088 [WARN] IP:2250 - I2C_Coeff_DF not found: check if there is a RefParameter without a condition.
2025-10-10 23:24:39,088 [WARN] IP:2250 - Analog_Filter not found: check if there is a RefParameter without a condition.
2025-10-10 23:24:39,131 [WARN] IP:2250 - I2C_Coeff_DF not found: check if there is a RefParameter without a condition.
2025-10-10 23:24:39,131 [WARN] IP:2250 - Analog_Filter not found: check if there is a RefParameter without a condition.
2025-10-10 23:24:39,165 [WARN] IP:2250 - I2C_Coeff_DF not found: check if there is a RefParameter without a condition.
2025-10-10 23:24:39,166 [WARN] IP:2250 - Analog_Filter not found: check if there is a RefParameter without a condition.
2025-10-10 23:24:58,126 [WARN] IP:2250 - I2C_Coeff_DF not found: check if there is a RefParameter without a condition.
2025-10-10 23:24:58,127 [WARN] IP:2250 - Analog_Filter not found: check if there is a RefParameter without a condition.
2025-10-10 23:24:58,127 [WARN] IP:2250 - I2C_Coeff_DF not found: check if there is a RefParameter without a condition.
2025-10-10 23:24:58,127 [WARN] IP:2250 - Analog_Filter not found: check if there is a RefParameter without a condition.
2025-10-10 23:24:58,152 [WARN] IP:2250 - I2C_Coeff_DF not found: check if there is a RefParameter without a condition.
2025-10-10 23:24:58,152 [WARN] IP:2250 - Analog_Filter not found: check if there is a RefParameter without a condition.
2025-10-10 23:24:58,176 [WARN] IP:2250 - I2C_Coeff_DF not found: check if there is a RefParameter without a condition.
2025-10-10 23:24:58,176 [WARN] IP:2250 - Analog_Filter not found: check if there is a RefParameter without a condition.
2025-10-10 23:25:15,123 [WARN] IP:2250 - I2C_Coeff_DF not found: check if there is a RefParameter without a condition.
2025-10-10 23:25:15,123 [WARN] IP:2250 - Analog_Filter not found: check if there is a RefParameter without a condition.
2025-10-10 23:25:15,124 [WARN] IP:2250 - I2C_Coeff_DF not found: check if there is a RefParameter without a condition.
2025-10-10 23:25:15,124 [WARN] IP:2250 - Analog_Filter not found: check if there is a RefParameter without a condition.
2025-10-10 23:25:15,161 [WARN] IP:2250 - I2C_Coeff_DF not found: check if there is a RefParameter without a condition.
2025-10-10 23:25:15,162 [WARN] IP:2250 - Analog_Filter not found: check if there is a RefParameter without a condition.
2025-10-10 23:25:15,204 [WARN] IP:2250 - I2C_Coeff_DF not found: check if there is a RefParameter without a condition.
2025-10-10 23:25:15,205 [WARN] IP:2250 - Analog_Filter not found: check if there is a RefParameter without a condition.
2025-10-10 23:25:36,072 [WARN] IP:2250 - I2C_Coeff_DF not found: check if there is a RefParameter without a condition.
2025-10-10 23:25:36,072 [WARN] IP:2250 - Analog_Filter not found: check if there is a RefParameter without a condition.
2025-10-10 23:25:36,073 [WARN] IP:2250 - I2C_Coeff_DF not found: check if there is a RefParameter without a condition.
2025-10-10 23:25:36,073 [WARN] IP:2250 - Analog_Filter not found: check if there is a RefParameter without a condition.
2025-10-10 23:25:36,099 [WARN] IP:2250 - I2C_Coeff_DF not found: check if there is a RefParameter without a condition.
2025-10-10 23:25:36,099 [WARN] IP:2250 - Analog_Filter not found: check if there is a RefParameter without a condition.
2025-10-10 23:25:36,130 [WARN] IP:2250 - I2C_Coeff_DF not found: check if there is a RefParameter without a condition.
2025-10-10 23:25:36,130 [WARN] IP:2250 - Analog_Filter not found: check if there is a RefParameter without a condition.
2025-10-10 23:25:59,178 [INFO] UtilMem:75 - End SaveConfig() Used Memory: 232724160 Bytes (688914432)
2025-10-10 23:26:01,064 [INFO] UtilMem:75 - End SaveConfig() Used Memory: 241609544 Bytes (688914432)
2025-10-10 23:26:03,575 [INFO] UtilMem:75 - End SaveConfig() Used Memory: 332835648 Bytes (688914432)
2025-10-10 23:26:04,051 [INFO] BlockDiagram:2775 - set Specific Code input for plugin: SPI
2025-10-10 23:26:04,051 [INFO] BlockDiagram:2775 - set Specific Code input for plugin: SYS
2025-10-10 23:26:04,051 [INFO] BlockDiagram:2775 - set Specific Code input for plugin: RCC
2025-10-10 23:26:04,051 [INFO] BlockDiagram:2775 - set Specific Code input for plugin: I2C
2025-10-10 23:26:04,051 [INFO] BlockDiagram:2775 - set Specific Code input for plugin: NVIC
2025-10-10 23:26:04,051 [INFO] BlockDiagram:2775 - set Specific Code input for plugin: USART
2025-10-10 23:26:04,052 [INFO] BlockDiagram:2775 - set Specific Code input for plugin: GPIO
2025-10-10 23:26:04,055 [INFO] CodeGenerator:892 - code generatio: config db path: C:\ST\STM32CubeIDE_1.19.0\STM32CubeIDE\plugins\com.st.stm32cube.common.mx_6.15.0.202507011659\\db\
2025-10-10 23:26:04,060 [WARN] IP:2250 - I2C_Coeff_DF not found: check if there is a RefParameter without a condition.
2025-10-10 23:26:04,061 [WARN] IP:2250 - Analog_Filter not found: check if there is a RefParameter without a condition.
2025-10-10 23:26:04,194 [INFO] IP:3329 - RTE Config file name : RTE_Component
2025-10-10 23:26:04,194 [INFO] IP:3347 - RTE template : RTE_Components.ftl
2025-10-10 23:26:04,217 [INFO] CodeEngine:265 - oldGeneratedFile, D:\CESE_25_Embebidos\tp_final_micro_com\MXTmpFiles\license.tmp_save
2025-10-10 23:26:04,591 [INFO] CodeEngine:289 - Generated code: D:\CESE_25_Embebidos\tp_final_micro_com\MXTmpFiles\license.tmp
2025-10-10 23:26:04,671 [INFO] CodeEngine:265 - oldGeneratedFile, D:\CESE_25_Embebidos\tp_final_micro_com\MXTmpFiles\gpio.tmp_save
2025-10-10 23:26:04,856 [INFO] CodeEngine:289 - Generated code: D:\CESE_25_Embebidos\tp_final_micro_com\MXTmpFiles\gpio.tmp
2025-10-10 23:26:05,035 [INFO] CodeEngine:265 - oldGeneratedFile, D:\CESE_25_Embebidos\tp_final_micro_com\Core\Src\stm32f4xx_it.c_save
2025-10-10 23:26:05,221 [INFO] CodeEngine:289 - Generated code: D:\CESE_25_Embebidos\tp_final_micro_com\Core\Src\stm32f4xx_it.c
2025-10-10 23:26:05,225 [INFO] CodeEngine:265 - oldGeneratedFile, D:\CESE_25_Embebidos\tp_final_micro_com\Core\Inc\stm32f4xx_it.h_save
2025-10-10 23:26:05,349 [INFO] CodeEngine:289 - Generated code: D:\CESE_25_Embebidos\tp_final_micro_com\Core\Inc\stm32f4xx_it.h
2025-10-10 23:26:05,365 [INFO] CodeEngine:265 - oldGeneratedFile, D:\CESE_25_Embebidos\tp_final_micro_com\Core\Src\stm32f4xx_hal_msp.c_save
2025-10-10 23:26:05,561 [INFO] CodeEngine:289 - Generated code: D:\CESE_25_Embebidos\tp_final_micro_com\Core\Src\stm32f4xx_hal_msp.c
2025-10-10 23:26:05,565 [INFO] CodeEngine:265 - oldGeneratedFile, D:\CESE_25_Embebidos\tp_final_micro_com\MXTmpFiles\system.tmp_save
2025-10-10 23:26:05,628 [INFO] CodeEngine:289 - Generated code: D:\CESE_25_Embebidos\tp_final_micro_com\MXTmpFiles\system.tmp
2025-10-10 23:26:05,648 [INFO] CodeEngine:321 - oldGeneratedFile, D:\CESE_25_Embebidos\tp_final_micro_com\Core\Inc\stm32f4xx_hal_conf.h_save
2025-10-10 23:26:05,791 [INFO] CodeEngine:345 - Generated code: D:\CESE_25_Embebidos\tp_final_micro_com\Core\Inc\stm32f4xx_hal_conf.h
2025-10-10 23:26:05,826 [WARN] IPConfigManager:3238 - Warning: the RefConfig PLL2P_FOR_MCO is not available in your config.xml file
2025-10-10 23:26:05,834 [INFO] ApiDbMcu:532 - Load IP Config File for I2C1
2025-10-10 23:26:05,838 [INFO] ApiDbMcu:532 - Load IP Config File for SPI1
2025-10-10 23:26:05,840 [INFO] ApiDbMcu:532 - Load IP Config File for USART2
2025-10-10 23:26:05,843 [INFO] ApiDbMcu:532 - Load IP Config File for RCC
2025-10-10 23:26:05,855 [INFO] CodeEngine:265 - oldGeneratedFile, D:\CESE_25_Embebidos\tp_final_micro_com\Core\Inc\main.h_save
2025-10-10 23:26:06,000 [INFO] CodeEngine:289 - Generated code: D:\CESE_25_Embebidos\tp_final_micro_com\Core\Inc\main.h
2025-10-10 23:26:06,006 [INFO] CodeEngine:265 - oldGeneratedFile, D:\CESE_25_Embebidos\tp_final_micro_com\Core\Src\main.c_save
2025-10-10 23:26:06,179 [INFO] CodeEngine:289 - Generated code: D:\CESE_25_Embebidos\tp_final_micro_com\Core\Src\main.c
2025-10-10 23:26:06,613 [INFO] ProjectBuilder:3606 - Time for Copy HAL[1] : 281mS.
2025-10-10 23:26:06,618 [INFO] ProjectBuilder:5216 - Project Generator version: 4.7.0-B52
2025-10-10 23:26:06,686 [INFO] ConfigFileManager:1595 - The Die is : DIE421
2025-10-10 23:26:06,690 [INFO] ApiDbMcu:532 - Load IP Config File for FATFS
2025-10-10 23:26:06,694 [INFO] ApiDbMcu:532 - Load IP Config File for FREERTOS
2025-10-10 23:26:06,697 [INFO] ApiDbMcu:532 - Load IP Config File for LIBJPEG
2025-10-10 23:26:06,702 [INFO] ApiDbMcu:532 - Load IP Config File for MBEDTLS
2025-10-10 23:26:06,708 [INFO] ApiDbMcu:532 - Load IP Config File for USB_DEVICE
2025-10-10 23:26:06,711 [INFO] ApiDbMcu:532 - Load IP Config File for USB_HOST
2025-10-10 23:26:07,092 [INFO] LogOutputStream:77 - [STDOUT_REDIRECT] 
2025-10-10 23:26:08,350 [INFO] ProjectBuilder:5496 - Time for Generating toolchain IDE Files: 1731mS.
2025-10-10 23:26:08,351 [INFO] ProjectBuilder:3463 - Time for Copy CMSIS : 0mS.
2025-10-10 23:26:08,352 [INFO] ProjectBuilder:3463 - Time for Copy CMSIS : 0mS.
2025-10-10 23:47:49,179 [INFO] MainUpdater:2872 - connection check result : 10
2025-10-10 23:47:49,179 [INFO] MainUpdater:2872 - connection check result : 10
2025-10-10 23:47:49,307 [INFO] MicroXplorer:468 - Change Database Path : 
2025-10-10 23:47:49,307 [INFO] MicroXplorer:498 - Change Database Version : DB.6.0.150
2025-10-10 23:47:49,359 [ERROR] ProjectManagerView:395 - 
java.lang.NullPointerException: Cannot invoke "javax.swing.JTextField.getText()" because the return value of "java.util.List.get(int)" is null
	at com.st.microxplorer.plugins.projectmanager.gui.ProjectChoiceTab$9.caretUpdate(ProjectChoiceTab.java:2706) ~[filemanager.jar:?]
	at javax.swing.text.JTextComponent.fireCaretUpdate(JTextComponent.java:408) ~[?:?]
	at javax.swing.text.JTextComponent$MutableCaretEvent.fire(JTextComponent.java:4484) ~[?:?]
	at javax.swing.text.JTextComponent$MutableCaretEvent.stateChanged(JTextComponent.java:4506) ~[?:?]
	at javax.swing.text.DefaultCaret.fireStateChanged(DefaultCaret.java:857) ~[?:?]
	at javax.swing.text.DefaultCaret.changeCaretPosition(DefaultCaret.java:1343) ~[?:?]
	at javax.swing.text.DefaultCaret.handleSetDot(DefaultCaret.java:1242) ~[?:?]
	at javax.swing.text.DefaultCaret.setDot(DefaultCaret.java:1223) ~[?:?]
	at javax.swing.text.DefaultCaret$Handler.insertUpdate(DefaultCaret.java:1819) ~[?:?]
	at javax.swing.text.AbstractDocument.fireInsertUpdate(AbstractDocument.java:227) ~[?:?]
	at javax.swing.text.AbstractDocument.handleInsertString(AbstractDocument.java:781) ~[?:?]
	at javax.swing.text.AbstractDocument.insertString(AbstractDocument.java:740) ~[?:?]
	at javax.swing.text.PlainDocument.insertString(PlainDocument.java:131) ~[?:?]
	at javax.swing.text.AbstractDocument.replace(AbstractDocument.java:699) ~[?:?]
	at javax.swing.text.JTextComponent.setText(JTextComponent.java:1725) ~[?:?]
	at com.st.microxplorer.plugins.projectmanager.gui.ProjectChoiceTab.createHeapStackFields(ProjectChoiceTab.java:993) ~[filemanager.jar:?]
	at com.st.microxplorer.plugins.projectmanager.gui.ProjectChoiceTab.buildLinkSettingsPanel(ProjectChoiceTab.java:3813) ~[filemanager.jar:?]
	at com.st.microxplorer.plugins.projectmanager.gui.ProjectChoiceTab.defineWindowsFields(ProjectChoiceTab.java:1987) ~[filemanager.jar:?]
	at com.st.microxplorer.plugins.projectmanager.gui.ProjectChoiceTab.updateSettings(ProjectChoiceTab.java:558) ~[filemanager.jar:?]
	at com.st.microxplorer.plugins.projectmanager.gui.ProjectSettingsPanel.UpdateDialog(ProjectSettingsPanel.java:247) ~[filemanager.jar:?]
	at com.st.microxplorer.plugins.projectmanager.ProjectManagerView.propertyChange(ProjectManagerView.java:392) ~[filemanager.jar:?]
	at java.beans.PropertyChangeSupport.fire(PropertyChangeSupport.java:343) ~[?:?]
	at java.beans.PropertyChangeSupport.firePropertyChange(PropertyChangeSupport.java:335) ~[?:?]
	at java.beans.PropertyChangeSupport.firePropertyChange(PropertyChangeSupport.java:268) ~[?:?]
	at com.st.microxplorer.util.MXPropertyChangeSupport.firePropertyChange(MXPropertyChangeSupport.java:54) ~[STM32CubeMX.jar:?]
	at com.st.microxplorer.mxsystem.MxSystem.closeConfig(MxSystem.java:899) ~[STM32CubeMX.jar:?]
	at com.st.microxplorer.maingui.MainPanel.closeConfig(MainPanel.java:792) ~[STM32CubeMX.jar:?]
	at com.st.microxplorer.plugins.filemanager.engine.OpenFileManager.loadConfigurationFile(OpenFileManager.java:288) ~[filemanager.jar:?]
	at com.st.microxplorer.plugins.filemanager.engine.MainFileManager.userLoadConfig(MainFileManager.java:364) ~[filemanager.jar:?]
	at com.st.microxplorer.plugins.filemanager.engine.MainFileManager.userLoadConfig(MainFileManager.java:342) ~[filemanager.jar:?]
	at com.st.microxplorer.plugins.filemanager.FileManagerView.getSpecificTask(FileManagerView.java:264) ~[filemanager.jar:?]
	at com.st.stm32cube.common.mx.editor.CubeMxEditor.getMxTabbedPaneInstance(CubeMxEditor.java:1198) ~[com.st.stm32cube.common.mx_6.15.0.202507011659/:?]
	at com.st.stm32cube.common.mx.editor.CubeMxEditor$12$1.createSwingComponent(CubeMxEditor.java:1068) ~[com.st.stm32cube.common.mx_6.15.0.202507011659/:?]
	at com.st.stm32cube.common.mx.oss.core.awtswtbridge.EmbeddedSwingComposite.doComponentCreation(EmbeddedSwingComposite.java:492) ~[com.st.stm32cube.common.mx.oss_6.15.0.202507011659/:?]
	at com.st.stm32cube.common.mx.oss.core.awtswtbridge.EmbeddedSwingComposite$4.run(EmbeddedSwingComposite.java:291) ~[com.st.stm32cube.common.mx.oss_6.15.0.202507011659/:?]
	at com.st.stm32cube.common.mx.oss.core.awtswtbridge.AwtEnvironment$2.run(AwtEnvironment.java:166) ~[com.st.stm32cube.common.mx.oss_6.15.0.202507011659/:?]
	at java.awt.event.InvocationEvent.dispatch(InvocationEvent.java:318) ~[?:?]
	at java.awt.EventQueue.dispatchEventImpl(EventQueue.java:773) ~[?:?]
	at java.awt.EventQueue$4.run(EventQueue.java:720) ~[?:?]
	at java.awt.EventQueue$4.run(EventQueue.java:714) ~[?:?]
	at java.security.AccessController.doPrivileged(AccessController.java:400) ~[?:?]
	at java.security.ProtectionDomain$JavaSecurityAccessImpl.doIntersectionPrivilege(ProtectionDomain.java:87) ~[?:?]
	at java.awt.EventQueue.dispatchEvent(EventQueue.java:742) ~[?:?]
	at java.awt.EventDispatchThread.pumpOneEventForFilters(EventDispatchThread.java:203) ~[?:?]
	at java.awt.EventDispatchThread.pumpEventsForFilter(EventDispatchThread.java:124) ~[?:?]
	at java.awt.EventDispatchThread.pumpEventsForHierarchy(EventDispatchThread.java:113) ~[?:?]
	at java.awt.EventDispatchThread.pumpEvents(EventDispatchThread.java:109) ~[?:?]
	at java.awt.EventDispatchThread.pumpEvents(EventDispatchThread.java:101) ~[?:?]
	at java.awt.EventDispatchThread.run(EventDispatchThread.java:90) ~[?:?]
2025-10-10 23:47:49,362 [WARN] ThirdParty:871 - waiting for thirdparty lock release [close project]
2025-10-10 23:47:49,362 [INFO] ThirdParty:873 - entering critical section [close project]
2025-10-10 23:47:49,362 [INFO] ThirdParty:883 - exiting critical section [close project]
2025-10-10 23:47:49,365 [INFO] PinOutPanel:1589 - setPackage(No Configuration,No Configuration)
2025-10-10 23:47:49,383 [WARN] IpParametersView:155 - Warning: This peripheral hasn't parameters
2025-10-10 23:47:49,400 [WARN] MainPanel:289 - <html><b><center>Warning: This peripheral has no parameters to be configured<br></b></html>
2025-10-10 23:47:49,407 [INFO] UtilMem:75 - Begin LoadConfig() Used Memory: 368330128 Bytes (719323136)
2025-10-10 23:47:49,408 [INFO] MicroXplorer:468 - Change Database Path : 
2025-10-10 23:47:49,409 [INFO] MicroXplorer:498 - Change Database Version : DB.6.0.150
2025-10-10 23:47:49,409 [INFO] OpenFileManager:355 - Change cursor
2025-10-10 23:47:49,452 [INFO] RulesReader:64 - Compatibility file has been processed (317 Rules)
2025-10-10 23:47:49,458 [INFO] Mcu:2029 - Initializing MCU STM32F446R(C-E)Tx STM32F446RETx STM32F446RET6
2025-10-10 23:47:50,950 [INFO] Context:786 - Trying to add GPIOservice into a context  which must be forbidden
2025-10-10 23:47:51,715 [INFO] ApiDbMcu:532 - Load IP Config File for STMicroelectronics.X-CUBE-NFC10.1.0.0
2025-10-10 23:47:51,854 [INFO] ImportTextPane:234 - (OptionalMessage_ERROR) Pin25 (VP_RIF_VS_RIF1) cannot be retrieved for this MCU
2025-10-10 23:47:51,911 [INFO] RtosManager:558 - Registered RTOS mode: class=CMSIS, group=RTOS, mode=CMSIS_V1, owner=FREERTOS
2025-10-10 23:47:51,911 [INFO] RtosManager:558 - Registered RTOS mode: class=CMSIS, group=RTOS2, mode=CMSIS_V2, owner=FREERTOS
2025-10-10 23:47:51,912 [INFO] RtosManager:558 - Registered RTOS mode: class=RTOS, group=Core, mode=CMSIS_V1, owner=FREERTOS
2025-10-10 23:47:51,912 [INFO] RtosManager:558 - Registered RTOS mode: class=RTOS, group=Core, mode=CMSIS_V2, owner=FREERTOS
2025-10-10 23:47:51,912 [WARN] ModelIntegratedComponent:184 - Missing modes for component STMicroelectronics:FreeRTOS:0.0.1:STMicroelectronics:RTOS:FreeRTOS:Core:::10.2.0:
2025-10-10 23:47:51,936 [WARN] ModelIntegratedComponent:63 - No mode defined for component null
2025-10-10 23:47:51,936 [WARN] ModelIntegratedComponent:63 - No mode defined for component null
2025-10-10 23:47:51,936 [WARN] ModelIntegratedComponent:63 - No mode defined for component null
2025-10-10 23:47:51,936 [WARN] ModelIntegratedComponent:63 - No mode defined for component null
2025-10-10 23:47:51,938 [WARN] ModelIntegratedComponent:63 - No mode defined for component null
2025-10-10 23:47:51,938 [WARN] ModelIntegratedComponent:63 - No mode defined for component null
2025-10-10 23:47:51,938 [WARN] ModelIntegratedComponent:63 - No mode defined for component null
2025-10-10 23:47:51,938 [WARN] ModelIntegratedComponent:63 - No mode defined for component null
2025-10-10 23:47:51,938 [WARN] ModelIntegratedComponent:63 - No mode defined for component null
2025-10-10 23:47:51,938 [WARN] ModelIntegratedComponent:63 - No mode defined for component null
2025-10-10 23:47:51,938 [WARN] ModelIntegratedComponent:63 - No mode defined for component null
2025-10-10 23:47:51,938 [WARN] ModelIntegratedComponent:63 - No mode defined for component null
2025-10-10 23:47:51,938 [WARN] ModelIntegratedComponent:63 - No mode defined for component null
2025-10-10 23:47:51,938 [WARN] ModelIntegratedComponent:63 - No mode defined for component null
2025-10-10 23:47:51,938 [WARN] ModelIntegratedComponent:63 - No mode defined for component null
2025-10-10 23:47:51,938 [WARN] ModelIntegratedComponent:63 - No mode defined for component null
2025-10-10 23:47:51,938 [WARN] ModelIntegratedComponent:63 - No mode defined for component null
2025-10-10 23:47:51,938 [WARN] ModelIntegratedComponent:63 - No mode defined for component null
2025-10-10 23:47:51,939 [WARN] ModelIntegratedComponent:63 - No mode defined for component null
2025-10-10 23:47:51,939 [WARN] ModelIntegratedComponent:63 - No mode defined for component null
2025-10-10 23:47:51,939 [WARN] ModelIntegratedComponent:63 - No mode defined for component null
2025-10-10 23:47:51,939 [WARN] ModelIntegratedComponent:63 - No mode defined for component null
2025-10-10 23:47:51,939 [WARN] ModelIntegratedComponent:63 - No mode defined for component null
2025-10-10 23:47:51,939 [WARN] ModelIntegratedComponent:63 - No mode defined for component null
2025-10-10 23:47:51,939 [WARN] ModelIntegratedComponent:63 - No mode defined for component null
2025-10-10 23:47:51,939 [WARN] ModelIntegratedComponent:63 - No mode defined for component null
2025-10-10 23:47:51,939 [WARN] ModelIntegratedComponent:63 - No mode defined for component null
2025-10-10 23:47:51,939 [WARN] ModelIntegratedComponent:63 - No mode defined for component null
2025-10-10 23:47:51,939 [WARN] ModelIntegratedComponent:63 - No mode defined for component null
2025-10-10 23:47:51,939 [WARN] ModelIntegratedComponent:63 - No mode defined for component null
2025-10-10 23:47:51,939 [WARN] ModelIntegratedComponent:63 - No mode defined for component null
2025-10-10 23:47:51,939 [WARN] ModelIntegratedComponent:63 - No mode defined for component null
2025-10-10 23:47:51,939 [WARN] ModelIntegratedComponent:63 - No mode defined for component null
2025-10-10 23:47:51,939 [WARN] ModelIntegratedComponent:63 - No mode defined for component null
2025-10-10 23:47:51,939 [WARN] ModelIntegratedComponent:63 - No mode defined for component null
2025-10-10 23:47:51,939 [WARN] ModelPack:524 - Component already loaded: STMicroelectronics:HAL Drivers:0.0.0:STMicroelectronics:Device:STMicro_Driver:XSPI:HAL::0.0.1:HAL_XSPI
2025-10-10 23:47:52,511 [INFO] ThirdPartyModel:298 - Start build external matchings
2025-10-10 23:47:52,835 [INFO] ThirdPartyModel:316 - End build external matchings
2025-10-10 23:47:52,847 [INFO] ImportTextPane:234 - (OptionalMessage_ERROR) IP (RCC) : Invalid parameter (48MHZClocksFreq_Value)
2025-10-10 23:47:52,847 [INFO] ImportTextPane:234 - (OptionalMessage_ERROR) IP (RCC) : Invalid parameter (EthernetFreq_Value)
2025-10-10 23:47:52,849 [INFO] ImportTextPane:234 - (OptionalMessage_ERROR) IP (RCC) : Parameter (FLatency) has Id (AdvancedSettings) currently not set
2025-10-10 23:47:52,850 [INFO] ImportTextPane:234 - (OptionalMessage_ERROR) IP (RCC) : Invalid parameter (FamilyName)
2025-10-10 23:47:52,850 [INFO] ImportTextPane:234 - (OptionalMessage_ERROR) IP (RCC) : Invalid parameter (I2SClocksFreq_Value)
2025-10-10 23:47:52,851 [INFO] ImportTextPane:234 - (OptionalMessage_ERROR) IP (RCC) : Parameter (SDIOFreq_Value) has invalid value (168000000)
2025-10-10 23:47:52,851 [INFO] ImportTextPane:234 - (OptionalMessage_ERROR) IP (RCC) : Parameter (USBFreq_Value) has invalid value (168000000)
2025-10-10 23:47:52,851 [INFO] ImportTextPane:234 - (OptionalMessage_ERROR) IP (RCC) : Invalid parameter (VCOInputMFreq_Value)
2025-10-10 23:47:52,852 [INFO] ImportTextPane:234 - (OptionalMessage_ERROR) IP (RCC) : Invalid parameter (VcooutputI2S)
2025-10-10 23:47:53,098 [INFO] UtilMem:75 - End LoadConfig() Used Memory: 372413960 Bytes (719323136)
2025-10-10 23:47:53,151 [WARN] ThirdParty:833 - waiting for thirdparty lock release [change project]
2025-10-10 23:47:53,152 [INFO] ThirdParty:835 - entering critical section [change project]
2025-10-10 23:47:53,152 [INFO] ThirdParty:1030 - CMSIS Pack Vendor :STMicroelectronics X-CUBE-PM33A1 1.0.0
2025-10-10 23:47:53,152 [INFO] ThirdParty:1030 - CMSIS Pack Vendor :STMicroelectronics USBPD 4.1
2025-10-10 23:47:53,152 [INFO] ThirdParty:1030 - CMSIS Pack Vendor :STMicroelectronics X-CUBE-NFC9 1.0.0
2025-10-10 23:47:53,152 [INFO] ThirdParty:1030 - CMSIS Pack Vendor :STMicroelectronics USB_HOST 2.0.0
2025-10-10 23:47:53,152 [INFO] ThirdParty:1030 - CMSIS Pack Vendor :STMicroelectronics FP-SNS-MOTENVWB1 1.4.0
2025-10-10 23:47:53,152 [INFO] ThirdParty:1030 - CMSIS Pack Vendor :STMicroelectronics X-CUBE-AZRTOS-F4 1.1.0
2025-10-10 23:47:53,152 [INFO] ThirdParty:1030 - CMSIS Pack Vendor :STMicroelectronics LIBJPEG 8.0.0
2025-10-10 23:47:53,152 [INFO] ThirdParty:1030 - CMSIS Pack Vendor :STMicroelectronics FP-ATR-ASTRA1 2.0.2
2025-10-10 23:47:53,152 [INFO] ThirdParty:1030 - CMSIS Pack Vendor :wolfSSL I-CUBE-wolfSSL 5.8.2
2025-10-10 23:47:53,153 [INFO] ThirdParty:1030 - CMSIS Pack Vendor :STMicroelectronics X-CUBE-BLE1 7.1.0
2025-10-10 23:47:53,153 [INFO] ThirdParty:1030 - CMSIS Pack Vendor :Avnet-IotConnect X-CUBE-IoTC-DA16k-PMOD 1.0.0
2025-10-10 23:47:53,153 [INFO] ThirdParty:1030 - CMSIS Pack Vendor :STMicroelectronics X-CUBE-SMBUS 2.1.0
2025-10-10 23:47:53,153 [INFO] ThirdParty:1030 - CMSIS Pack Vendor :wolfSSL I-CUBE-wolfMQTT 1.19.2
2025-10-10 23:47:53,153 [INFO] ThirdParty:1030 - CMSIS Pack Vendor :STMicroelectronics USB_DEVICE 3.0.0
2025-10-10 23:47:53,153 [INFO] ThirdParty:1030 - CMSIS Pack Vendor :STMicroelectronics X-CUBE-ISPU 2.1.0
2025-10-10 23:47:53,153 [INFO] ThirdParty:1030 - CMSIS Pack Vendor :STMicroelectronics X-CUBE-EEPRMA1 5.2.0
2025-10-10 23:47:53,153 [INFO] ThirdParty:1030 - CMSIS Pack Vendor :STMicroelectronics X-CUBE-BLEMGR 4.1.0
2025-10-10 23:47:53,153 [INFO] ThirdParty:1030 - CMSIS Pack Vendor :STMicroelectronics X-CUBE-AZRTOS-WB 2.0.0
2025-10-10 23:47:53,153 [INFO] ThirdParty:1030 - CMSIS Pack Vendor :STMicroelectronics X-CUBE-ST60 1.0.0
2025-10-10 23:47:53,153 [INFO] ThirdParty:1030 - CMSIS Pack Vendor :STMicroelectronics X-CUBE-GNSS1 7.0.1
2025-10-10 23:47:53,153 [INFO] ThirdParty:1030 - CMSIS Pack Vendor :STMicroelectronics X-CUBE-NFC12 1.0.0
2025-10-10 23:47:53,153 [INFO] ThirdParty:1030 - CMSIS Pack Vendor :STMicroelectronics X-CUBE-AZRTOS-F7 1.1.0
2025-10-10 23:47:53,153 [INFO] ThirdParty:1030 - CMSIS Pack Vendor :STMicroelectronics X-CUBE-AZRTOS-L5 2.0.0
2025-10-10 23:47:53,153 [INFO] ThirdParty:1030 - CMSIS Pack Vendor :STMicroelectronics X-CUBE-TOUCHGFX 4.25.0
2025-10-10 23:47:53,153 [INFO] ThirdParty:1030 - CMSIS Pack Vendor :STMicroelectronics USB_DEVICE 2.0.0
2025-10-10 23:47:53,153 [INFO] ThirdParty:1030 - CMSIS Pack Vendor :STMicroelectronics X-CUBE-NFC6 3.1.0
2025-10-10 23:47:53,153 [INFO] ThirdParty:1030 - CMSIS Pack Vendor :Cesanta I-CUBE-Mongoose 7.19.0
2025-10-10 23:47:53,153 [INFO] ThirdParty:1030 - CMSIS Pack Vendor :quantropi X-CUBE-qispace-sdk-base 2.1.0
2025-10-10 23:47:53,153 [INFO] ThirdParty:1030 - CMSIS Pack Vendor :STMicroelectronics FreeRTOS 0.0.1
2025-10-10 23:47:53,153 [INFO] ThirdParty:1030 - CMSIS Pack Vendor :STMicroelectronics X-CUBE-AZRTOS-G0 1.1.0
2025-10-10 23:47:53,153 [INFO] ThirdParty:1030 - CMSIS Pack Vendor :STMicroelectronics X-CUBE-SAFEA1 1.2.2
2025-10-10 23:47:53,154 [INFO] ThirdParty:1030 - CMSIS Pack Vendor :STMicroelectronics X-CUBE-NFC4 3.0.0
2025-10-10 23:47:53,154 [INFO] ThirdParty:1030 - CMSIS Pack Vendor :STMicroelectronics X-CUBE-SUBG2 5.0.0
2025-10-10 23:47:53,154 [INFO] ThirdParty:1030 - CMSIS Pack Vendor :STMicroelectronics X-CUBE-AZRTOS-H7RS 1.1.0
2025-10-10 23:47:53,154 [INFO] ThirdParty:1030 - CMSIS Pack Vendor :STMicroelectronics STM32_WPAN 1.0.0
2025-10-10 23:47:53,154 [INFO] ThirdParty:1030 - CMSIS Pack Vendor :EmbeddedOffice I-CUBE-FS-RTOS 1.0.1
2025-10-10 23:47:53,154 [INFO] ThirdParty:1030 - CMSIS Pack Vendor :STMicroelectronics lwIP 2.0.3
2025-10-10 23:47:53,154 [INFO] ThirdParty:1030 - CMSIS Pack Vendor :WES I-CUBE-Cesium 1.4.0
2025-10-10 23:47:53,154 [INFO] ThirdParty:1030 - CMSIS Pack Vendor :Cesanta I-CUBE-Mongoose 7.13.0
2025-10-10 23:47:53,154 [INFO] ThirdParty:1030 - CMSIS Pack Vendor :STMicroelectronics USB_HOST 1.0.0
2025-10-10 23:47:53,154 [INFO] ThirdParty:1030 - CMSIS Pack Vendor :Infineon AIROC-Wi-Fi-Bluetooth-STM32 1.7.1
2025-10-10 23:47:53,154 [INFO] ThirdParty:1030 - CMSIS Pack Vendor :STMicroelectronics X-CUBE-AZRTOS-G4 2.0.0
2025-10-10 23:47:53,154 [INFO] ThirdParty:1030 - CMSIS Pack Vendor :STMicroelectronics X-CUBE-WB05N 2.0.0
2025-10-10 23:47:53,154 [INFO] ThirdParty:1030 - CMSIS Pack Vendor :STMicroelectronics PDM2PCM 3.1.0
2025-10-10 23:47:53,155 [INFO] ThirdParty:1030 - CMSIS Pack Vendor :STMicroelectronics PDM2PCM 3.3.0
2025-10-10 23:47:53,155 [INFO] ThirdParty:1030 - CMSIS Pack Vendor :wolfSSL I-CUBE-wolfTPM 3.8.0
2025-10-10 23:47:53,155 [INFO] ThirdParty:1030 - CMSIS Pack Vendor :STMicroelectronics X-CUBE-AZRTOS-H7 3.4.0
2025-10-10 23:47:53,155 [INFO] ThirdParty:1030 - CMSIS Pack Vendor :STMicroelectronics X-CUBE-DISPLAY 3.0.0
2025-10-10 23:47:53,155 [INFO] ThirdParty:1030 - CMSIS Pack Vendor :wolfSSL I-CUBE-wolfSSH 1.4.20
2025-10-10 23:47:53,155 [INFO] ThirdParty:1030 - CMSIS Pack Vendor :STMicroelectronics X-CUBE-NFC7 2.0.0
2025-10-10 23:47:53,155 [INFO] ThirdParty:1030 - CMSIS Pack Vendor :STMicroelectronics X-CUBE-TCPP 4.2.0
2025-10-10 23:47:53,155 [INFO] ThirdParty:1030 - CMSIS Pack Vendor :RealThread X-CUBE-RT-Thread_Nano 4.1.1
2025-10-10 23:47:53,156 [INFO] ThirdParty:1030 - CMSIS Pack Vendor :STMicroelectronics FP-ATR-SIGFOX1 3.2.0
2025-10-10 23:47:53,156 [INFO] ThirdParty:1030 - CMSIS Pack Vendor :STMicroelectronics X-CUBE-NFC10 1.0.0
2025-10-10 23:47:53,156 [INFO] ThirdParty:1030 - CMSIS Pack Vendor :STMicroelectronics X-CUBE-FREERTOS 1.3.1
2025-10-10 23:47:53,156 [INFO] ThirdParty:1030 - CMSIS Pack Vendor :STMicroelectronics HAL Drivers 0.0.0
2025-10-10 23:47:53,156 [INFO] ThirdParty:1030 - CMSIS Pack Vendor :STMicroelectronics MBEDTLS 2.16.2
2025-10-10 23:47:53,156 [INFO] ThirdParty:1030 - CMSIS Pack Vendor :STMicroelectronics X-CUBE-IPS 3.1.0
2025-10-10 23:47:53,156 [INFO] ThirdParty:1030 - CMSIS Pack Vendor :STMicroelectronics X-CUBE-ALS 1.0.2
2025-10-10 23:47:53,156 [INFO] ThirdParty:1030 - CMSIS Pack Vendor :emotas I-CUBE-CANOPEN 1.3.0
2025-10-10 23:47:53,156 [INFO] ThirdParty:1030 - CMSIS Pack Vendor :STMicroelectronics MBEDTLS 2.14.1
2025-10-10 23:47:53,156 [INFO] ThirdParty:1030 - CMSIS Pack Vendor :ITTIA_DB I-CUBE-ITTIADB 8.9.0
2025-10-10 23:47:53,156 [INFO] ThirdParty:1030 - CMSIS Pack Vendor :STMicroelectronics X-CUBE-TOUCHGFX 4.26.0
2025-10-10 23:47:53,156 [INFO] ThirdParty:1030 - CMSIS Pack Vendor :STMicroelectronics X-CUBE-STSE01 1.0.0
2025-10-10 23:47:53,156 [INFO] ThirdParty:1030 - CMSIS Pack Vendor :portGmbH I-Cube-SoM-uGOAL 1.1.0
2025-10-10 23:47:53,156 [INFO] ThirdParty:1030 - CMSIS Pack Vendor :STMicroelectronics X-CUBE-ST67W61 1.0.0
2025-10-10 23:47:53,156 [INFO] ThirdParty:1030 - CMSIS Pack Vendor :STMicroelectronics FP-SNS-STBOX1 2.1.0
2025-10-10 23:47:53,156 [INFO] ThirdParty:1030 - CMSIS Pack Vendor :STMicroelectronics X-CUBE-AI 10.2.0
2025-10-10 23:47:53,156 [INFO] ThirdParty:1030 - CMSIS Pack Vendor :STMicroelectronics FP-SNS-STAIOTCFT 1.0.0
2025-10-10 23:47:53,156 [INFO] ThirdParty:1030 - CMSIS Pack Vendor :STMicroelectronics ThreadX 1.0.0
2025-10-10 23:47:53,156 [INFO] ThirdParty:1030 - CMSIS Pack Vendor :STMicroelectronics FP-SNS-SMARTAG2 1.2.0
2025-10-10 23:47:53,156 [INFO] ThirdParty:1030 - CMSIS Pack Vendor :STMicroelectronics FP-SNS-FLIGHT1 5.1.0
2025-10-10 23:47:53,156 [INFO] ThirdParty:1030 - CMSIS Pack Vendor :STMicroelectronics X-CUBE-AZRTOS-WL 2.0.0
2025-10-10 23:47:53,156 [INFO] ThirdParty:1030 - CMSIS Pack Vendor :SEGGER I-CUBE-embOS 1.3.1
2025-10-10 23:47:53,158 [INFO] ThirdParty:1030 - CMSIS Pack Vendor :STMicroelectronics X-CUBE-ALGOBUILD 1.4.0
2025-10-10 23:47:53,158 [INFO] ThirdParty:1030 - CMSIS Pack Vendor :STMicroelectronics X-CUBE-DPower 1.3.0
2025-10-10 23:47:53,158 [INFO] ThirdParty:1030 - CMSIS Pack Vendor :STMicroelectronics X-CUBE-MEMS1 11.3.0
2025-10-10 23:47:53,158 [INFO] ThirdParty:1030 - CMSIS Pack Vendor :STMicroelectronics FP-SNS-MOTENV1 5.0.0
2025-10-10 23:47:53,158 [INFO] ThirdParty:1030 - CMSIS Pack Vendor :STMicroelectronics USB_DEVICE 1.0.0
2025-10-10 23:47:53,158 [INFO] ThirdParty:1030 - CMSIS Pack Vendor :STMicroelectronics X-CUBE-AZRTOS-L4 2.0.0
2025-10-10 23:47:53,158 [INFO] ThirdParty:1030 - CMSIS Pack Vendor :STMicroelectronics ThreadX 0.0.2
2025-10-10 23:47:53,158 [INFO] ThirdParty:1030 - CMSIS Pack Vendor :STMicroelectronics lwIP 2.1.2
2025-10-10 23:47:53,158 [INFO] ThirdParty:1030 - CMSIS Pack Vendor :STMicroelectronics X-CUBE-SFXS2LP1 4.0.0
2025-10-10 23:47:53,158 [INFO] ThirdParty:1030 - CMSIS Pack Vendor :STMicroelectronics X-CUBE-BLE2 3.3.0
2025-10-10 23:47:53,158 [INFO] ThirdParty:1030 - CMSIS Pack Vendor :STMicroelectronics X-CUBE-TOF1 3.4.3
2025-10-10 23:47:53,158 [INFO] ThirdParty:1030 - CMSIS Pack Vendor :STMicroelectronics PDM2PCM 3.2.0
2025-10-10 23:47:53,159 [INFO] ThirdParty:841 - exiting critical section [change project]
2025-10-10 23:47:53,397 [INFO] PinOutPanel:1589 - setPackage(No Configuration,No Configuration)
2025-10-10 23:47:53,398 [INFO] PinOutPanel:1589 - setPackage(STM32F446RETx,LQFP64)
2025-10-10 23:47:53,869 [INFO] UtilMem:75 - Before build in PCC Used Memory: 561880720 Bytes (719323136)
2025-10-10 23:47:54,133 [INFO] UtilMem:75 - After build in PCC Used Memory: 613787280 Bytes (719323136)
2025-10-10 23:47:54,157 [INFO] IPUIPlugin:80 - create IPUIPlugin
2025-10-10 23:47:54,157 [INFO] IPUIPlugin:80 - create IPUIPlugin
2025-10-10 23:47:54,157 [INFO] IPUIPlugin:80 - create IPUIPlugin
2025-10-10 23:47:54,157 [INFO] IPUIPlugin:80 - create IPUIPlugin
2025-10-10 23:47:54,157 [INFO] IPUIPlugin:80 - create IPUIPlugin
2025-10-10 23:47:54,158 [INFO] IPUIPlugin:80 - create IPUIPlugin
2025-10-10 23:47:54,158 [INFO] IPUIPlugin:80 - create IPUIPlugin
2025-10-10 23:47:54,158 [INFO] IPUIPlugin:80 - create IPUIPlugin
2025-10-10 23:47:54,158 [INFO] IPUIPlugin:80 - create IPUIPlugin
2025-10-10 23:47:54,158 [INFO] IPUIPlugin:80 - create IPUIPlugin
2025-10-10 23:47:54,158 [INFO] IPUIPlugin:80 - create IPUIPlugin
2025-10-10 23:47:54,158 [INFO] IPUIPlugin:80 - create IPUIPlugin
2025-10-10 23:47:54,158 [INFO] IPUIPlugin:80 - create IPUIPlugin
2025-10-10 23:47:54,159 [INFO] IPUIPlugin:80 - create IPUIPlugin
2025-10-10 23:47:54,159 [INFO] IPUIPlugin:80 - create IPUIPlugin
2025-10-10 23:47:54,159 [INFO] IPUIPlugin:80 - create IPUIPlugin
2025-10-10 23:47:54,159 [INFO] IPUIPlugin:80 - create IPUIPlugin
2025-10-10 23:47:54,159 [INFO] IPUIPlugin:80 - create IPUIPlugin
2025-10-10 23:47:54,159 [INFO] IPUIPlugin:80 - create IPUIPlugin
2025-10-10 23:47:54,159 [INFO] IPUIPlugin:80 - create IPUIPlugin
2025-10-10 23:47:54,161 [INFO] IPUIPlugin:80 - create IPUIPlugin
2025-10-10 23:47:54,162 [INFO] IPUIPlugin:80 - create IPUIPlugin
2025-10-10 23:47:54,162 [INFO] IPUIPlugin:80 - create IPUIPlugin
2025-10-10 23:47:54,162 [INFO] IPUIPlugin:80 - create IPUIPlugin
2025-10-10 23:47:54,162 [INFO] IPUIPlugin:80 - create IPUIPlugin
2025-10-10 23:47:54,163 [INFO] IPUIPlugin:80 - create IPUIPlugin
2025-10-10 23:47:54,163 [INFO] IPUIPlugin:80 - create IPUIPlugin
2025-10-10 23:47:54,163 [INFO] IPUIPlugin:80 - create IPUIPlugin
2025-10-10 23:47:54,163 [INFO] IPUIPlugin:80 - create IPUIPlugin
2025-10-10 23:47:54,163 [INFO] IPUIPlugin:80 - create IPUIPlugin
2025-10-10 23:47:54,163 [INFO] IPUIPlugin:80 - create IPUIPlugin
2025-10-10 23:47:54,164 [INFO] IPUIPlugin:80 - create IPUIPlugin
2025-10-10 23:47:54,164 [INFO] IPUIPlugin:80 - create IPUIPlugin
2025-10-10 23:47:54,164 [INFO] IPUIPlugin:80 - create IPUIPlugin
2025-10-10 23:47:54,165 [INFO] IPUIPlugin:80 - create IPUIPlugin
2025-10-10 23:47:54,165 [INFO] IPUIPlugin:80 - create IPUIPlugin
2025-10-10 23:47:54,165 [INFO] IPUIPlugin:80 - create IPUIPlugin
2025-10-10 23:47:54,165 [INFO] IPUIPlugin:80 - create IPUIPlugin
2025-10-10 23:47:54,166 [INFO] IPUIPlugin:80 - create IPUIPlugin
2025-10-10 23:47:54,166 [INFO] IPUIPlugin:80 - create IPUIPlugin
2025-10-10 23:47:54,166 [INFO] IPUIPlugin:80 - create IPUIPlugin
2025-10-10 23:47:54,166 [INFO] IPUIPlugin:80 - create IPUIPlugin
2025-10-10 23:47:54,166 [INFO] IPUIPlugin:80 - create IPUIPlugin
2025-10-10 23:47:54,166 [INFO] IPUIPlugin:80 - create IPUIPlugin
2025-10-10 23:47:54,167 [INFO] IPUIPlugin:80 - create IPUIPlugin
2025-10-10 23:47:54,167 [INFO] IPUIPlugin:80 - create IPUIPlugin
2025-10-10 23:47:54,167 [INFO] IPUIPlugin:80 - create IPUIPlugin
2025-10-10 23:47:54,167 [INFO] IPUIPlugin:80 - create IPUIPlugin
2025-10-10 23:47:54,168 [INFO] IPUIPlugin:80 - create IPUIPlugin
2025-10-10 23:47:54,168 [INFO] IPUIPlugin:80 - create IPUIPlugin
2025-10-10 23:47:54,169 [INFO] IPUIPlugin:80 - create IPUIPlugin
2025-10-10 23:47:54,169 [INFO] IPUIPlugin:80 - create IPUIPlugin
2025-10-10 23:47:54,170 [INFO] IPUIPlugin:80 - create IPUIPlugin
2025-10-10 23:47:54,170 [INFO] IPUIPlugin:80 - create IPUIPlugin
2025-10-10 23:47:54,171 [INFO] IPUIPlugin:80 - create IPUIPlugin
2025-10-10 23:47:54,171 [INFO] IPUIPlugin:80 - create IPUIPlugin
2025-10-10 23:47:54,171 [INFO] IPUIPlugin:80 - create IPUIPlugin
2025-10-10 23:47:54,172 [INFO] IPUIPlugin:80 - create IPUIPlugin
2025-10-10 23:47:54,172 [INFO] IPUIPlugin:80 - create IPUIPlugin
2025-10-10 23:47:54,172 [INFO] IPUIPlugin:80 - create IPUIPlugin
2025-10-10 23:47:54,173 [INFO] IPUIPlugin:80 - create IPUIPlugin
2025-10-10 23:47:54,176 [INFO] ApiDbMcu:532 - Load IP Config File for PDM2PCM
2025-10-10 23:47:54,177 [WARN] IP:2250 - I2C_Coeff_DF not found: check if there is a RefParameter without a condition.
2025-10-10 23:47:54,177 [WARN] IP:2250 - Analog_Filter not found: check if there is a RefParameter without a condition.
2025-10-10 23:47:54,261 [INFO] CADModel:165 - CPN selected for project levelSTM32F446RET6
2025-10-10 23:47:54,261 [INFO] CADModel:114 - Register for checkConnection events
2025-10-10 23:47:54,335 [INFO] OpenFileManager:386 - Restore cursor
2025-10-10 23:47:54,571 [WARN] IP:2250 - I2C_Coeff_DF not found: check if there is a RefParameter without a condition.
2025-10-10 23:47:54,572 [WARN] IP:2250 - Analog_Filter not found: check if there is a RefParameter without a condition.
2025-10-10 23:47:54,572 [WARN] IP:2250 - I2C_Coeff_DF not found: check if there is a RefParameter without a condition.
2025-10-10 23:47:54,573 [WARN] IP:2250 - Analog_Filter not found: check if there is a RefParameter without a condition.
