2025-10-12 02:06:21,519 [ERROR] LogOutputStream:75 - [STDERR_REDIRECT] 
2025-10-12 15:31:40,579 [INFO] Activator:176 - 


2025-10-12 15:31:40,581 [INFO] Activator:177 - !SESSION log4j initialized
2025-10-12 15:31:45,712 [INFO] LogOutputStream:77 - [STDOUT_REDIRECT] 
2025-10-12 15:31:48,582 [INFO] ApplicationProperties:184 - Using Application install path: C:\ST\STM32CubeIDE_1.19.0\STM32CubeIDE\plugins\com.st.stm32cube.common.mx_6.15.0.202507011659
2025-10-12 15:31:48,597 [INFO] DbMcusXml:78 - Set database path to: C:\ST\STM32CubeIDE_1.19.0\STM32CubeIDE\plugins\com.st.stm32cube.common.mx_6.15.0.202507011659\\db\/mcu/
2025-10-12 15:31:48,597 [INFO] ApiDb:274 - Set plugin database path to: C:\ST\STM32CubeIDE_1.19.0\STM32CubeIDE\plugins\com.st.stm32cube.common.mx_6.15.0.202507011659\\db\/plugins/boardmanager/
2025-10-12 15:31:48,598 [WARN] ApiDb:259 - Overriding images path with different value:  => C:\ST\STM32CubeIDE_1.19.0\STM32CubeIDE\plugins\com.st.stm32cube.common.mx_6.15.0.202507011659\\db\/plugins/mcufinder/images/
2025-10-12 15:31:48,605 [INFO] ApiDb:250 - Set database path to: C:\Users\Paulo\.stmcufinder\plugins\mcufinder//mcu/
2025-10-12 15:31:48,606 [INFO] DbMcusAds:125 - Set database path to: C:\Users\Paulo\.stmcufinder\plugins\mcufinder//mcu/
2025-10-12 15:31:48,608 [INFO] CrossReferenceDbSqlite:203 - Set database path to: C:\Users\Paulo\.stmcufinder\plugins\mcufinder//mcu/cs/
2025-10-12 15:31:48,697 [INFO] RulesReader:64 - Compatibility file has been processed (317 Rules)
2025-10-12 15:31:48,767 [INFO] DbMcusXml:78 - Set database path to: C:\ST\STM32CubeIDE_1.19.0\STM32CubeIDE\plugins\com.st.stm32cube.common.mx_6.15.0.202507011659\\db\/mcu/
2025-10-12 15:31:48,767 [INFO] ApiDb:274 - Set plugin database path to: C:\ST\STM32CubeIDE_1.19.0\STM32CubeIDE\plugins\com.st.stm32cube.common.mx_6.15.0.202507011659\\db\/plugins/boardmanager/
2025-10-12 15:31:48,767 [INFO] ApiDb:261 - Set plugin images path to: C:\ST\STM32CubeIDE_1.19.0\STM32CubeIDE\plugins\com.st.stm32cube.common.mx_6.15.0.202507011659\\db\/plugins/mcufinder/images/
2025-10-12 15:31:48,768 [WARN] DbFile:41 - Overriding database path with different value: C:\Users\Paulo\.stmcufinder\plugins\mcufinder/ => C:\Users\Paulo\.stmcufinder\plugins\mcufinder
2025-10-12 15:31:48,768 [INFO] ApiDb:250 - Set database path to: C:\Users\Paulo\.stmcufinder\plugins\mcufinder//mcu/
2025-10-12 15:31:48,768 [WARN] DbFile:41 - Overriding database path with different value: C:\Users\Paulo\.stmcufinder\plugins\mcufinder/ => C:\Users\Paulo\.stmcufinder\plugins\mcufinder
2025-10-12 15:31:48,768 [INFO] DbMcusAds:125 - Set database path to: C:\Users\Paulo\.stmcufinder\plugins\mcufinder//mcu/
2025-10-12 15:31:48,768 [WARN] DbFile:41 - Overriding database path with different value: C:\Users\Paulo\.stmcufinder\plugins\mcufinder/ => C:\Users\Paulo\.stmcufinder\plugins\mcufinder
2025-10-12 15:31:48,768 [WARN] DbFile:41 - Overriding database path with different value: C:\Users\Paulo\.stmcufinder\plugins\mcufinder/ => C:\Users\Paulo\.stmcufinder\plugins\mcufinder
2025-10-12 15:31:48,768 [INFO] CrossReferenceDbSqlite:203 - Set database path to: C:\Users\Paulo\.stmcufinder\plugins\mcufinder//mcu/cs/
2025-10-12 15:31:48,835 [INFO] MainPanel:274 - HeapMemory: 268435456
2025-10-12 15:31:48,941 [INFO] DbMcusXml:78 - Set database path to: C:\ST\STM32CubeIDE_1.19.0\STM32CubeIDE\plugins\com.st.stm32cube.common.mx_6.15.0.202507011659\\db\/mcu/
2025-10-12 15:31:48,941 [INFO] ApiDb:274 - Set plugin database path to: C:\ST\STM32CubeIDE_1.19.0\STM32CubeIDE\plugins\com.st.stm32cube.common.mx_6.15.0.202507011659\\db\/plugins/boardmanager/
2025-10-12 15:31:48,941 [INFO] ApiDb:261 - Set plugin images path to: C:\ST\STM32CubeIDE_1.19.0\STM32CubeIDE\plugins\com.st.stm32cube.common.mx_6.15.0.202507011659\\db\/plugins/mcufinder/images/
2025-10-12 15:31:48,942 [WARN] DbFile:41 - Overriding database path with different value: C:\Users\Paulo\.stmcufinder\plugins\mcufinder/ => C:\Users\Paulo\.stmcufinder\plugins\mcufinder
2025-10-12 15:31:48,942 [INFO] ApiDb:250 - Set database path to: C:\Users\Paulo\.stmcufinder\plugins\mcufinder//mcu/
2025-10-12 15:31:48,942 [WARN] DbFile:41 - Overriding database path with different value: C:\Users\Paulo\.stmcufinder\plugins\mcufinder/ => C:\Users\Paulo\.stmcufinder\plugins\mcufinder
2025-10-12 15:31:48,942 [INFO] DbMcusAds:125 - Set database path to: C:\Users\Paulo\.stmcufinder\plugins\mcufinder//mcu/
2025-10-12 15:31:48,942 [WARN] DbFile:41 - Overriding database path with different value: C:\Users\Paulo\.stmcufinder\plugins\mcufinder/ => C:\Users\Paulo\.stmcufinder\plugins\mcufinder
2025-10-12 15:31:48,942 [WARN] DbFile:41 - Overriding database path with different value: C:\Users\Paulo\.stmcufinder\plugins\mcufinder/ => C:\Users\Paulo\.stmcufinder\plugins\mcufinder
2025-10-12 15:31:48,942 [INFO] CrossReferenceDbSqlite:203 - Set database path to: C:\Users\Paulo\.stmcufinder\plugins\mcufinder//mcu/cs/
2025-10-12 15:31:48,957 [INFO] ApplicationProperties:184 - Using Application install path: C:\ST\STM32CubeIDE_1.19.0\STM32CubeIDE\plugins\com.st.stm32cube.common.mx_6.15.0.202507011659
2025-10-12 15:31:48,958 [INFO] PluginManage:196 - Search for loadable plugins [exclusion list=, ]
2025-10-12 15:31:48,959 [INFO] PluginManage:310 - Check plugin analytics
2025-10-12 15:31:49,129 [INFO] AnalyticsPlugin:253 - Accepted Software Licenses: 
2025-10-12 15:31:49,129 [INFO] AnalyticsPlugin:255 - Accepted CMSIS Pack Licenses: STMicroelectronics.X-CUBE-NFC10.1.0.0
2025-10-12 15:31:49,129 [INFO] AnalyticsPlugin:257 - Accepted Firmware Licenses: FW.F4.1.28.0,FW.F4.1.27.0
2025-10-12 15:31:49,132 [INFO] PluginManage:359 - Loaded plugin analytics (category:tool,tabindex:-1)
2025-10-12 15:31:49,132 [INFO] PluginManage:310 - Check plugin cadmodel
2025-10-12 15:31:49,138 [INFO] CADModel:105 - Init CAD model plugin
2025-10-12 15:31:49,138 [INFO] PluginManage:359 - Loaded plugin cadmodel (category:power,tabindex:5)
2025-10-12 15:31:49,138 [INFO] PluginManage:310 - Check plugin clock
2025-10-12 15:31:49,149 [INFO] PluginManage:359 - Loaded plugin clock (category:base,tabindex:2)
2025-10-12 15:31:49,149 [INFO] PluginManage:310 - Check plugin ddr
2025-10-12 15:31:49,152 [INFO] PluginManage:359 - Loaded plugin ddr (category:tool,tabindex:6)
2025-10-12 15:31:49,152 [INFO] PluginManage:310 - Check plugin filemanager
2025-10-12 15:31:49,280 [INFO] PluginManage:359 - Loaded plugin filemanager (category:base,tabindex:10)
2025-10-12 15:31:49,280 [INFO] PluginManage:310 - Check plugin ipmanager
2025-10-12 15:31:49,286 [INFO] PluginManage:359 - Loaded plugin ipmanager (category:base,tabindex:5)
2025-10-12 15:31:49,286 [INFO] PluginManage:310 - Check plugin lpbam
2025-10-12 15:31:49,294 [INFO] PluginManage:359 - Loaded plugin lpbam (category:base,tabindex:0)
2025-10-12 15:31:49,294 [INFO] PluginManage:310 - Check plugin memorymap
2025-10-12 15:31:49,308 [INFO] PluginManage:359 - Loaded plugin memorymap (category:base,tabindex:4)
2025-10-12 15:31:49,308 [INFO] PluginManage:310 - Check plugin pinoutandconfiguration
2025-10-12 15:31:49,316 [INFO] PluginManage:359 - Loaded plugin pinoutandconfiguration (category:base,tabindex:1)
2025-10-12 15:31:49,316 [INFO] PluginManage:310 - Check plugin pinoutconfig
2025-10-12 15:31:49,395 [WARN] SupportedApi:132 - Cannot load RTOS API schema: s4s-elt-must-match.1: The content of 'definitions' must match (annotation?, (simpleType | complexType)?, (unique | key | keyref)*)). A problem was found starting at: attribute.
2025-10-12 15:31:49,504 [INFO] PluginManage:359 - Loaded plugin pinoutconfig (category:base,tabindex:0)
2025-10-12 15:31:49,504 [INFO] PluginManage:310 - Check plugin power
2025-10-12 15:31:49,512 [INFO] PluginManage:359 - Loaded plugin power (category:power,tabindex:4)
2025-10-12 15:31:49,512 [INFO] PluginManage:310 - Check plugin projectmanager
2025-10-12 15:31:49,524 [INFO] PluginManage:359 - Loaded plugin projectmanager (category:projectmanager,tabindex:4)
2025-10-12 15:31:49,524 [INFO] PluginManage:310 - Check plugin rif
2025-10-12 15:31:49,533 [INFO] PluginManage:359 - Loaded plugin rif (category:base,tabindex:3)
2025-10-12 15:31:49,533 [INFO] PluginManage:310 - Check plugin thirdparty
2025-10-12 15:31:49,654 [WARN] IntegrityCheckThread:84 - waiting for thirdparty lock release [integrity check]
2025-10-12 15:31:49,654 [INFO] PluginManage:359 - Loaded plugin thirdparty (category:base,tabindex:-1)
2025-10-12 15:31:49,654 [INFO] IntegrityCheckThread:86 - entering critical section [integrity check]
2025-10-12 15:31:49,654 [INFO] PluginManage:310 - Check plugin tools
2025-10-12 15:31:49,654 [INFO] ThirdPartyUpdaterWithRetryManager:70 - Updater plugin not ready yet. [1/15]
2025-10-12 15:31:49,657 [INFO] PluginManage:359 - Loaded plugin tools (category:base,tabindex:7)
2025-10-12 15:31:49,657 [INFO] PluginManage:310 - Check plugin tutovideos
2025-10-12 15:31:49,836 [INFO] PluginManage:359 - Loaded plugin tutovideos (category:base,tabindex:-1)
2025-10-12 15:31:49,836 [INFO] PluginManage:310 - Check plugin updater
2025-10-12 15:31:49,856 [INFO] PluginManage:359 - Loaded plugin updater (category:base,tabindex:12)
2025-10-12 15:31:49,857 [INFO] PluginManage:310 - Check plugin userauth
2025-10-12 15:31:49,861 [INFO] UserAuth:118 - Init User Auth plugin
2025-10-12 15:31:49,862 [INFO] PluginManage:359 - Loaded plugin userauth (category:base,tabindex:14)
2025-10-12 15:31:49,862 [INFO] PluginManage:283 - PluginManage : Loaded plugins [18]
2025-10-12 15:31:50,059 [INFO] PinOutPanel:1589 - setPackage(No Configuration,No Configuration)
2025-10-12 15:31:50,138 [INFO] CADModel:165 - CPN selected for project level
2025-10-12 15:31:50,138 [INFO] CADModel:114 - Register for checkConnection events
2025-10-12 15:31:50,155 [INFO] IPUIPlugin:80 - create IPUIPlugin
2025-10-12 15:31:50,155 [INFO] PluginManager:220 - loadIPPluginJar : add adc
2025-10-12 15:31:50,158 [INFO] IPUIPlugin:80 - create IPUIPlugin
2025-10-12 15:31:50,158 [INFO] PluginManager:220 - loadIPPluginJar : add aes
2025-10-12 15:31:50,161 [INFO] IPUIPlugin:80 - create IPUIPlugin
2025-10-12 15:31:50,161 [INFO] PluginManager:220 - loadIPPluginJar : add can
2025-10-12 15:31:50,164 [INFO] IPUIPlugin:80 - create IPUIPlugin
2025-10-12 15:31:50,164 [INFO] PluginManager:220 - loadIPPluginJar : add comp
2025-10-12 15:31:50,166 [INFO] IPUIPlugin:80 - create IPUIPlugin
2025-10-12 15:31:50,167 [INFO] PluginManager:220 - loadIPPluginJar : add cryp
2025-10-12 15:31:50,170 [INFO] IPUIPlugin:80 - create IPUIPlugin
2025-10-12 15:31:50,170 [INFO] PluginManager:220 - loadIPPluginJar : add ddr_ctrl_phy
2025-10-12 15:31:50,173 [INFO] IPUIPlugin:80 - create IPUIPlugin
2025-10-12 15:31:50,173 [INFO] PluginManager:220 - loadIPPluginJar : add dfsdm
2025-10-12 15:31:50,178 [INFO] IPUIPlugin:80 - create IPUIPlugin
2025-10-12 15:31:50,179 [INFO] PluginManager:220 - loadIPPluginJar : add dma
2025-10-12 15:31:50,183 [INFO] IPUIPlugin:80 - create IPUIPlugin
2025-10-12 15:31:50,183 [INFO] PluginManager:220 - loadIPPluginJar : add dma3
2025-10-12 15:31:50,186 [INFO] IPUIPlugin:80 - create IPUIPlugin
2025-10-12 15:31:50,186 [INFO] PluginManager:220 - loadIPPluginJar : add extmemmanager
2025-10-12 15:31:50,188 [INFO] IPUIPlugin:80 - create IPUIPlugin
2025-10-12 15:31:50,188 [INFO] PluginManager:220 - loadIPPluginJar : add fatfs
2025-10-12 15:31:50,192 [INFO] IPUIPlugin:80 - create IPUIPlugin
2025-10-12 15:31:50,192 [INFO] PluginManager:220 - loadIPPluginJar : add fmc
2025-10-12 15:31:50,199 [INFO] IPUIPlugin:80 - create IPUIPlugin
2025-10-12 15:31:50,199 [INFO] PluginManager:220 - loadIPPluginJar : add freertos
2025-10-12 15:31:50,202 [INFO] IPUIPlugin:80 - create IPUIPlugin
2025-10-12 15:31:50,202 [INFO] PluginManager:220 - loadIPPluginJar : add genericplugin
2025-10-12 15:31:50,205 [INFO] IPUIPlugin:80 - create IPUIPlugin
2025-10-12 15:31:50,205 [INFO] PluginManager:220 - loadIPPluginJar : add gfxmmu
2025-10-12 15:31:50,209 [INFO] IPUIPlugin:80 - create IPUIPlugin
2025-10-12 15:31:50,209 [INFO] PluginManager:220 - loadIPPluginJar : add gic
2025-10-12 15:31:50,214 [INFO] IPUIPlugin:80 - create IPUIPlugin
2025-10-12 15:31:50,214 [INFO] PluginManager:220 - loadIPPluginJar : add gpio
2025-10-12 15:31:50,217 [INFO] IPUIPlugin:80 - create IPUIPlugin
2025-10-12 15:31:50,217 [INFO] PluginManager:220 - loadIPPluginJar : add gtzc
2025-10-12 15:31:50,220 [INFO] IPUIPlugin:80 - create IPUIPlugin
2025-10-12 15:31:50,220 [INFO] PluginManager:220 - loadIPPluginJar : add hash
2025-10-12 15:31:50,223 [INFO] IPUIPlugin:80 - create IPUIPlugin
2025-10-12 15:31:50,223 [INFO] PluginManager:220 - loadIPPluginJar : add i2c
2025-10-12 15:31:50,226 [INFO] IPUIPlugin:80 - create IPUIPlugin
2025-10-12 15:31:50,226 [INFO] PluginManager:220 - loadIPPluginJar : add i2s
2025-10-12 15:31:50,230 [INFO] IPUIPlugin:80 - create IPUIPlugin
2025-10-12 15:31:50,230 [INFO] PluginManager:220 - loadIPPluginJar : add i3c
2025-10-12 15:31:50,234 [INFO] IPUIPlugin:80 - create IPUIPlugin
2025-10-12 15:31:50,234 [INFO] PluginManager:220 - loadIPPluginJar : add ipddr
2025-10-12 15:31:50,241 [INFO] IPUIPlugin:80 - create IPUIPlugin
2025-10-12 15:31:50,241 [INFO] PluginManager:220 - loadIPPluginJar : add linkedlist
2025-10-12 15:31:50,245 [INFO] IPUIPlugin:80 - create IPUIPlugin
2025-10-12 15:31:50,245 [INFO] PluginManager:220 - loadIPPluginJar : add lorawan
2025-10-12 15:31:50,247 [INFO] IPUIPlugin:80 - create IPUIPlugin
2025-10-12 15:31:50,247 [INFO] PluginManager:220 - loadIPPluginJar : add ltdc
2025-10-12 15:31:50,252 [INFO] IPUIPlugin:80 - create IPUIPlugin
2025-10-12 15:31:50,253 [INFO] PluginManager:220 - loadIPPluginJar : add mdma
2025-10-12 15:31:50,256 [INFO] IPUIPlugin:80 - create IPUIPlugin
2025-10-12 15:31:50,257 [INFO] PluginManager:220 - loadIPPluginJar : add nvic
2025-10-12 15:31:50,260 [INFO] IPUIPlugin:80 - create IPUIPlugin
2025-10-12 15:31:50,260 [INFO] PluginManager:220 - loadIPPluginJar : add opamp
2025-10-12 15:31:50,264 [INFO] IPUIPlugin:80 - create IPUIPlugin
2025-10-12 15:31:50,264 [INFO] PluginManager:220 - loadIPPluginJar : add openamp
2025-10-12 15:31:50,268 [INFO] IPUIPlugin:80 - create IPUIPlugin
2025-10-12 15:31:50,269 [INFO] PluginManager:220 - loadIPPluginJar : add pdm2pcm
2025-10-12 15:31:50,274 [INFO] IPUIPlugin:80 - create IPUIPlugin
2025-10-12 15:31:50,276 [INFO] PluginManager:220 - loadIPPluginJar : add plateformsettings
2025-10-12 15:31:50,278 [INFO] IPUIPlugin:80 - create IPUIPlugin
2025-10-12 15:31:50,278 [INFO] PluginManager:220 - loadIPPluginJar : add quadspi
2025-10-12 15:31:50,280 [INFO] IPUIPlugin:80 - create IPUIPlugin
2025-10-12 15:31:50,280 [INFO] PluginManager:220 - loadIPPluginJar : add radio
2025-10-12 15:31:50,285 [INFO] IPUIPlugin:80 - create IPUIPlugin
2025-10-12 15:31:50,285 [INFO] PluginManager:220 - loadIPPluginJar : add resmgrutility
2025-10-12 15:31:50,287 [INFO] IPUIPlugin:80 - create IPUIPlugin
2025-10-12 15:31:50,287 [INFO] PluginManager:220 - loadIPPluginJar : add sai
2025-10-12 15:31:50,290 [INFO] IPUIPlugin:80 - create IPUIPlugin
2025-10-12 15:31:50,290 [INFO] PluginManager:220 - loadIPPluginJar : add spi
2025-10-12 15:31:50,295 [INFO] IPUIPlugin:80 - create IPUIPlugin
2025-10-12 15:31:50,295 [INFO] PluginManager:220 - loadIPPluginJar : add stm32_wpan
2025-10-12 15:31:50,298 [INFO] IPUIPlugin:80 - create IPUIPlugin
2025-10-12 15:31:50,298 [INFO] PluginManager:220 - loadIPPluginJar : add tim
2025-10-12 15:31:50,300 [INFO] IPUIPlugin:80 - create IPUIPlugin
2025-10-12 15:31:50,300 [INFO] PluginManager:220 - loadIPPluginJar : add touchsensing
2025-10-12 15:31:50,302 [INFO] IPUIPlugin:80 - create IPUIPlugin
2025-10-12 15:31:50,302 [INFO] PluginManager:220 - loadIPPluginJar : add tracer_emb
2025-10-12 15:31:50,304 [INFO] IPUIPlugin:80 - create IPUIPlugin
2025-10-12 15:31:50,304 [INFO] PluginManager:220 - loadIPPluginJar : add ts
2025-10-12 15:31:50,305 [INFO] IPUIPlugin:80 - create IPUIPlugin
2025-10-12 15:31:50,305 [INFO] PluginManager:220 - loadIPPluginJar : add tsc
2025-10-12 15:31:50,306 [INFO] IPUIPlugin:80 - create IPUIPlugin
2025-10-12 15:31:50,306 [INFO] PluginManager:220 - loadIPPluginJar : add ucpd
2025-10-12 15:31:50,309 [INFO] IPUIPlugin:80 - create IPUIPlugin
2025-10-12 15:31:50,309 [INFO] PluginManager:220 - loadIPPluginJar : add usart
2025-10-12 15:31:50,311 [INFO] IPUIPlugin:80 - create IPUIPlugin
2025-10-12 15:31:50,311 [INFO] PluginManager:220 - loadIPPluginJar : add usbx
2025-10-12 15:31:50,424 [FATAL] Updater:351 - Updater called before beeing initialized
2025-10-12 15:31:50,455 [INFO] RulesReader:64 - Compatibility file has been processed (317 Rules)
2025-10-12 15:31:50,464 [INFO] RulesReader:64 - Compatibility file has been processed (317 Rules)
2025-10-12 15:31:50,471 [INFO] CADModel:165 - CPN selected for project level
2025-10-12 15:31:50,472 [INFO] CADModel:114 - Register for checkConnection events
2025-10-12 15:31:50,472 [FATAL] Updater:351 - Updater called before beeing initialized
2025-10-12 15:31:50,472 [ERROR] CADModel:125 - Updater not yet initialized, retry later 
2025-10-12 15:31:50,594 [FATAL] Updater:351 - Updater called before beeing initialized
2025-10-12 15:31:50,596 [INFO] CADModel:165 - CPN selected for project level
2025-10-12 15:31:50,596 [INFO] CADModel:114 - Register for checkConnection events
2025-10-12 15:31:50,596 [FATAL] Updater:351 - Updater called before beeing initialized
2025-10-12 15:31:50,596 [ERROR] CADModel:125 - Updater not yet initialized, retry later 
2025-10-12 15:31:50,599 [FATAL] Updater:351 - Updater called before beeing initialized
2025-10-12 15:31:50,685 [FATAL] Updater:351 - Updater called before beeing initialized
2025-10-12 15:31:50,688 [INFO] DbMcusAds:53 - JSON generation date=Thu Oct 02 06:36:05 ART 2025 (1759397765645)
2025-10-12 15:31:50,688 [FATAL] Updater:351 - Updater called before beeing initialized
2025-10-12 15:31:50,722 [WARN] DetailPanel:346 - Failed to get advertising image, set to default
2025-10-12 15:31:50,820 [FATAL] Updater:351 - Updater called before beeing initialized
2025-10-12 15:31:50,822 [FATAL] Updater:351 - Updater called before beeing initialized
2025-10-12 15:31:50,822 [FATAL] Updater:351 - Updater called before beeing initialized
2025-10-12 15:31:50,822 [WARN] DetailPanel:346 - Failed to get advertising image, set to default
2025-10-12 15:31:50,823 [FATAL] Updater:351 - Updater called before beeing initialized
2025-10-12 15:31:50,873 [ERROR] Updater:1198 - MainUpdater not yet initialized. External WinMGr cannot be set.
2025-10-12 15:31:50,876 [INFO] Updater:1134 - Updater Version found : 6.15.0
2025-10-12 15:31:50,893 [INFO] ApplicationProperties:184 - Using Application install path: C:\ST\STM32CubeIDE_1.19.0\STM32CubeIDE\plugins\com.st.stm32cube.common.mx_6.15.0.202507011659
2025-10-12 15:31:52,469 [ERROR] LogOutputStream:75 - [STDERR_REDIRECT] Oct 12, 2025 3:31:52 PM java.util.prefs.WindowsPreferences <init>
2025-10-12 15:31:52,470 [ERROR] LogOutputStream:75 - [STDERR_REDIRECT] WARNING: Could not open/create prefs root node Software\JavaSoft\Prefs at root 0xffffffff80000002. Windows RegCreateKeyEx(...) returned error code 5.
2025-10-12 15:31:52,470 [ERROR] LogOutputStream:75 - [STDERR_REDIRECT] 
2025-10-12 15:31:52,657 [INFO] ThirdPartyUpdaterWithRetryManager:70 - Updater plugin not ready yet. [2/15]
2025-10-12 15:31:52,684 [INFO] MainUpdater:2872 - connection check result : 10
2025-10-12 15:31:52,684 [INFO] MainUpdater:3604 - Updater definition file requires update
2025-10-12 15:31:52,685 [INFO] MainUpdater:289 - Updater Check For Update Now.
2025-10-12 15:31:52,685 [INFO] MicroXplorer:498 - Change Database Version : DB.6.0.150
2025-10-12 15:31:52,689 [INFO] McuFinderGlobals:63 - Set McuFinder mode to 2 (CubeIDE integrated)
2025-10-12 15:31:52,690 [INFO] UserAuth:487 - Internet connection configuration mode: 1
2025-10-12 15:31:52,706 [INFO] JxBrowserEngine:152 - Initiate JxBrowser Engine with user profile folder
2025-10-12 15:31:53,655 [INFO] WebApp:169 - Instantiating new browser for Auth
2025-10-12 15:31:54,321 [INFO] ServerAccessManage:452 - Complete download http(s) 200
2025-10-12 15:31:54,322 [INFO] ServerAccessManage:509 - Download File updaters.zip
2025-10-12 15:31:54,412 [INFO] FileExtend:248 - Unzip File : updaters.zip
2025-10-12 15:31:54,413 [INFO] FileExtend:263 - Standard Zip Deflate
2025-10-12 15:31:54,518 [INFO] WebApp:463 - Apply proxy settings
2025-10-12 15:31:54,518 [INFO] WebApp:548 - Chromium requires no authentication
2025-10-12 15:31:54,554 [INFO] WebApp:491 - Direct internet connection detected
2025-10-12 15:31:54,621 [INFO] WebApp:900 - Register for checkConnection events
2025-10-12 15:31:54,621 [INFO] WebApp:463 - Apply proxy settings
2025-10-12 15:31:54,622 [INFO] WebApp:548 - Chromium requires no authentication
2025-10-12 15:31:54,622 [INFO] WebApp:491 - Direct internet connection detected
2025-10-12 15:31:54,887 [INFO] WebApp:191 - Connection restablished
2025-10-12 15:31:54,944 [INFO] WebApp:225 - Starting web application
2025-10-12 15:31:54,944 [INFO] WebApp:593 - Web application path used C:\ST\STM32CubeIDE_1.19.0\STM32CubeIDE\plugins\com.st.stm32cube.common.mx_6.15.0.202507011659\db\plugins\mcufinder\reactClient1\index.html
2025-10-12 15:31:55,036 [INFO] UserAuth:487 - Internet connection configuration mode: 1
2025-10-12 15:31:55,658 [WARN] MainUpdater:1193 - Updater busy. Cannot search thirdparties
2025-10-12 15:31:55,658 [INFO] ThirdPartyUpdaterWithRetryManager:96 - Updater plugin is busy. [1/15]
2025-10-12 15:31:55,961 [INFO] ServerAccessManage:452 - Complete download http(s) 200
2025-10-12 15:31:55,962 [INFO] ServerAccessManage:509 - Download File PacksControlFlags.xml
2025-10-12 15:31:56,961 [INFO] ServerAccessManage:452 - Complete download http(s) 200
2025-10-12 15:31:56,961 [INFO] ServerAccessManage:509 - Download File cubemx.pidx
2025-10-12 15:31:58,090 [INFO] ServerAccessManage:452 - Complete download http(s) 200
2025-10-12 15:31:58,090 [INFO] ServerAccessManage:509 - Download File STMicroelectronics.X-CUBE-IPS.pdsc
2025-10-12 15:31:58,660 [WARN] MainUpdater:1193 - Updater busy. Cannot search thirdparties
2025-10-12 15:31:58,660 [INFO] ThirdPartyUpdaterWithRetryManager:96 - Updater plugin is busy. [2/15]
2025-10-12 15:32:01,661 [WARN] MainUpdater:1193 - Updater busy. Cannot search thirdparties
2025-10-12 15:32:01,661 [INFO] ThirdPartyUpdaterWithRetryManager:96 - Updater plugin is busy. [3/15]
2025-10-12 15:32:01,727 [INFO] ServerAccessManage:452 - Complete download http(s) 200
2025-10-12 15:32:01,727 [INFO] ServerAccessManage:509 - Download File STMicroelectronics.X-CUBE-ST67W61.pdsc
2025-10-12 15:32:02,987 [WARN] PackLoader:240 - Cannot read IP mode file for STMicroelectronics.X-CUBE-IPS.3.2.0
2025-10-12 15:32:03,009 [WARN] PackLoader:240 - Cannot read IP mode file for STMicroelectronics.X-CUBE-ST67W61.1.1.0
2025-10-12 15:32:03,012 [INFO] PopulateThirdPartyThread:66 - Ending populate Thread
2025-10-12 15:32:03,013 [INFO] ThirdParty:1030 - CMSIS Pack Vendor :STMicroelectronics X-CUBE-ST67W61 1.1.0
2025-10-12 15:32:03,013 [INFO] ThirdParty:1030 - CMSIS Pack Vendor :STMicroelectronics X-CUBE-IPS 3.2.0
2025-10-12 15:32:03,013 [INFO] LoadServerUpdatesThread:375 - End of LoadServerUpdate Thread
2025-10-12 15:32:03,091 [INFO] CheckServerUpdateThread:120 - End of CheckServer Thread
2025-10-12 15:32:04,842 [WARN] PackLoader:240 - Cannot read IP mode file for STMicroelectronics.FP-SNS-MOTENVWB1.1.4.0
2025-10-12 15:32:04,848 [WARN] PackLoader:240 - Cannot read IP mode file for STMicroelectronics.FP-ATR-ASTRA1.2.0.2
2025-10-12 15:32:04,858 [WARN] PackLoader:240 - Cannot read IP mode file for STMicroelectronics.X-CUBE-SMBUS.2.1.0
2025-10-12 15:32:04,862 [WARN] PackLoader:240 - Cannot read IP mode file for STMicroelectronics.X-CUBE-ST60.1.0.0
2025-10-12 15:32:04,887 [WARN] PackLoader:240 - Cannot read IP mode file for STMicroelectronics.X-CUBE-AZRTOS-F7.1.1.0
2025-10-12 15:32:04,895 [WARN] PackLoader:240 - Cannot read IP mode file for Cesanta.I-CUBE-Mongoose.7.19.0
2025-10-12 15:32:04,905 [WARN] PackLoader:240 - Cannot read IP mode file for WES.I-CUBE-Cesium.1.4.0
2025-10-12 15:32:04,922 [WARN] PackLoader:240 - Cannot read IP mode file for Infineon.AIROC-Wi-Fi-Bluetooth-STM32.1.7.1
2025-10-12 15:32:04,945 [WARN] PackLoader:240 - Cannot read IP mode file for STMicroelectronics.X-CUBE-AZRTOS-H7.3.4.0
2025-10-12 15:32:04,956 [WARN] PackLoader:240 - Cannot read IP mode file for STMicroelectronics.X-CUBE-DISPLAY.3.0.0
2025-10-12 15:32:04,970 [WARN] PackLoader:240 - Cannot read IP mode file for STMicroelectronics.X-CUBE-NFC10.1.0.0
2025-10-12 15:32:05,026 [WARN] PackLoader:240 - Cannot read IP mode file for emotas.I-CUBE-CANOPEN.1.3.0
2025-10-12 15:32:05,036 [WARN] PackLoader:240 - Cannot read IP mode file for STMicroelectronics.FP-SNS-STBOX1.2.1.0
2025-10-12 15:32:05,042 [WARN] PackLoader:240 - Cannot read IP mode file for STMicroelectronics.FP-SNS-SMARTAG2.1.2.0
2025-10-12 15:32:05,048 [WARN] PackLoader:240 - Cannot read IP mode file for STMicroelectronics.FP-SNS-FLIGHT1.5.1.0
2025-10-12 15:32:05,058 [INFO] LogOutputStream:77 - [STDOUT_REDIRECT] 1 : Invalid condition id : UX_CORESTACK_Condition cause : null
2025-10-12 15:32:05,059 [INFO] LogOutputStream:77 - [STDOUT_REDIRECT] 1 : Invalid condition id : UX_CORESTACK_Condition cause : null
2025-10-12 15:32:05,060 [INFO] LogOutputStream:77 - [STDOUT_REDIRECT] 1 : Invalid condition id : UX_CORESTACK_Condition cause : null
2025-10-12 15:32:05,061 [INFO] LogOutputStream:77 - [STDOUT_REDIRECT] 1 : Invalid condition id : UX_CORESTACK_Condition cause : null
2025-10-12 15:32:05,062 [INFO] LogOutputStream:77 - [STDOUT_REDIRECT] 1 : Invalid condition id : UX_CORESTACK_Condition cause : null
2025-10-12 15:32:05,067 [WARN] PackLoader:240 - Cannot read IP mode file for STMicroelectronics.X-CUBE-AZRTOS-WL.2.0.0
2025-10-12 15:32:05,073 [WARN] PackLoader:240 - Cannot read IP mode file for STMicroelectronics.FP-SNS-MOTENV1.5.0.0
2025-10-12 15:32:05,081 [WARN] PackLoader:240 - Cannot read IP mode file for STMicroelectronics.X-CUBE-BLE2.3.3.0
2025-10-12 15:32:05,087 [WARN] PackLoader:240 - Cannot read IP mode file for STMicroelectronics.X-CUBE-NFC9.1.0.0
2025-10-12 15:32:05,093 [WARN] PackLoader:240 - Cannot read IP mode file for wolfSSL.I-CUBE-wolfSSL.5.8.2
2025-10-12 15:32:05,097 [WARN] PackLoader:240 - Cannot read IP mode file for STMicroelectronics.X-CUBE-BLE1.7.1.0
2025-10-12 15:32:05,102 [WARN] PackLoader:240 - Cannot read IP mode file for wolfSSL.I-CUBE-wolfMQTT.1.19.2
2025-10-12 15:32:05,106 [WARN] PackLoader:240 - Cannot read IP mode file for STMicroelectronics.X-CUBE-EEPRMA1.5.2.0
2025-10-12 15:32:05,112 [WARN] PackLoader:240 - Cannot read IP mode file for STMicroelectronics.X-CUBE-ST67W61.1.1.0
2025-10-12 15:32:05,123 [WARN] PackLoader:240 - Cannot read IP mode file for STMicroelectronics.X-CUBE-AZRTOS-G0.1.1.0
2025-10-12 15:32:05,128 [WARN] PackLoader:240 - Cannot read IP mode file for STMicroelectronics.X-CUBE-SAFEA1.1.2.2
2025-10-12 15:32:05,133 [WARN] PackLoader:240 - Cannot read IP mode file for STMicroelectronics.X-CUBE-NFC4.3.0.0
2025-10-12 15:32:05,141 [WARN] PackLoader:240 - Cannot read IP mode file for EmbeddedOffice.I-CUBE-FS-RTOS.1.0.1
2025-10-12 15:32:05,146 [WARN] PackLoader:240 - Cannot read IP mode file for STMicroelectronics.X-CUBE-WB05N.2.0.0
2025-10-12 15:32:05,149 [WARN] PackLoader:240 - Cannot read IP mode file for wolfSSL.I-CUBE-wolfTPM.3.8.0
2025-10-12 15:32:05,153 [WARN] PackLoader:240 - Cannot read IP mode file for STMicroelectronics.X-CUBE-TCPP.4.2.0
2025-10-12 15:32:05,161 [WARN] PackLoader:240 - Cannot read IP mode file for RealThread.X-CUBE-RT-Thread_Nano.4.1.1
2025-10-12 15:32:05,166 [WARN] PackLoader:240 - Cannot read IP mode file for STMicroelectronics.FP-ATR-SIGFOX1.3.2.0
2025-10-12 15:32:05,171 [WARN] PackLoader:240 - Cannot read IP mode file for ITTIA_DB.I-CUBE-ITTIADB.8.9.0
2025-10-12 15:32:05,175 [WARN] PackLoader:240 - Cannot read IP mode file for STMicroelectronics.X-CUBE-ST67W61.1.0.0
2025-10-12 15:32:05,179 [WARN] PackLoader:240 - Cannot read IP mode file for STMicroelectronics.X-CUBE-AI.10.2.0
2025-10-12 15:32:05,195 [WARN] PackLoader:240 - Cannot read IP mode file for SEGGER.I-CUBE-embOS.1.3.1
2025-10-12 15:32:05,222 [WARN] PackLoader:240 - Cannot read IP mode file for STMicroelectronics.X-CUBE-ALGOBUILD.1.4.0
2025-10-12 15:32:05,251 [WARN] PackLoader:240 - Cannot read IP mode file for STMicroelectronics.X-CUBE-MEMS1.11.3.0
2025-10-12 15:32:05,328 [WARN] PackLoader:240 - Cannot read IP mode file for STMicroelectronics.X-CUBE-PM33A1.1.0.0
2025-10-12 15:32:05,338 [WARN] PackLoader:240 - Cannot read IP mode file for STMicroelectronics.X-CUBE-AZRTOS-F4.1.1.0
2025-10-12 15:32:05,342 [WARN] PackLoader:240 - Cannot read IP mode file for Avnet-IotConnect.X-CUBE-IoTC-DA16k-PMOD.1.0.0
2025-10-12 15:32:05,345 [WARN] PackLoader:240 - Cannot read IP mode file for STMicroelectronics.X-CUBE-ISPU.2.1.0
2025-10-12 15:32:05,353 [WARN] PackLoader:240 - Cannot read IP mode file for STMicroelectronics.X-CUBE-IPS.3.2.0
2025-10-12 15:32:05,363 [WARN] PackLoader:240 - Cannot read IP mode file for STMicroelectronics.X-CUBE-NFC12.1.0.0
2025-10-12 15:32:05,374 [WARN] PackLoader:240 - Cannot read IP mode file for STMicroelectronics.X-CUBE-AZRTOS-L5.2.0.0
2025-10-12 15:32:05,394 [WARN] PackLoader:240 - Cannot read IP mode file for STMicroelectronics.X-CUBE-NFC6.3.1.0
2025-10-12 15:32:05,400 [WARN] PackLoader:240 - Cannot read IP mode file for STMicroelectronics.X-CUBE-FREERTOS.1.3.1
2025-10-12 15:32:05,404 [WARN] PackLoader:240 - Cannot read IP mode file for STMicroelectronics.X-CUBE-TOUCHGFX.4.26.0
2025-10-12 15:32:05,408 [WARN] PackLoader:240 - Cannot read IP mode file for STMicroelectronics.FP-SNS-STAIOTCFT.1.0.0
2025-10-12 15:32:05,413 [WARN] PackLoader:240 - Cannot read IP mode file for STMicroelectronics.X-CUBE-DPower.1.3.0
2025-10-12 15:32:05,424 [WARN] ConditionMgr:438 - getConditionDescription Invalid condition id : LAN8742 Phy interface Condition cause : null
2025-10-12 15:32:05,425 [WARN] PackLoader:240 - Cannot read IP mode file for STMicroelectronics.X-CUBE-AZRTOS-L4.2.0.0
2025-10-12 15:32:05,426 [WARN] ConditionMgr:1044 - genDependencies : Invalid condition id : LAN8742 Phy interface Condition cause : null
2025-10-12 15:32:05,426 [WARN] ConditionMgr:1044 - genDependencies : Invalid condition id : LAN8742 Phy interface Condition cause : null
2025-10-12 15:32:05,426 [WARN] ConditionMgr:1044 - genDependencies : Invalid condition id : LAN8742 Phy interface Condition cause : null
2025-10-12 15:32:05,431 [WARN] PackLoader:240 - Cannot read IP mode file for STMicroelectronics.X-CUBE-SFXS2LP1.4.0.0
2025-10-12 15:32:05,438 [WARN] PackLoader:240 - Cannot read IP mode file for STMicroelectronics.X-CUBE-BLEMGR.4.1.0
2025-10-12 15:32:05,447 [WARN] ConditionMgr:438 - getConditionDescription Invalid condition id : UX DEVICE CLASS RTOS Condition cause : null
2025-10-12 15:32:05,447 [WARN] ConditionMgr:438 - getConditionDescription Invalid condition id : UX DEVICE CLASS RTOS Condition cause : null
2025-10-12 15:32:05,448 [WARN] PackLoader:240 - Cannot read IP mode file for STMicroelectronics.X-CUBE-AZRTOS-WB.2.0.0
2025-10-12 15:32:05,448 [WARN] ConditionMgr:1044 - genDependencies : Invalid condition id : UX DEVICE CLASS RTOS Condition cause : null
2025-10-12 15:32:05,448 [WARN] ConditionMgr:1044 - genDependencies : Invalid condition id : UX DEVICE CLASS RTOS Condition cause : null
2025-10-12 15:32:05,448 [WARN] ConditionMgr:1044 - genDependencies : Invalid condition id : UX DEVICE CLASS RTOS Condition cause : null
2025-10-12 15:32:05,448 [WARN] ConditionMgr:1044 - genDependencies : Invalid condition id : UX DEVICE CLASS RTOS Condition cause : null
2025-10-12 15:32:05,449 [WARN] ConditionMgr:1044 - genDependencies : Invalid condition id : UX DEVICE CLASS RTOS Condition cause : null
2025-10-12 15:32:05,452 [WARN] PackLoader:240 - Cannot read IP mode file for STMicroelectronics.X-CUBE-GNSS1.7.0.1
2025-10-12 15:32:05,456 [WARN] PackLoader:240 - Cannot read IP mode file for STMicroelectronics.X-CUBE-TOUCHGFX.4.25.0
2025-10-12 15:32:05,459 [WARN] ConditionMgr:438 - getConditionDescription Invalid condition id : Cortex-A Device cause : null
2025-10-12 15:32:05,465 [WARN] ConditionMgr:1044 - genDependencies : Invalid condition id : Cortex-A Device cause : null
2025-10-12 15:32:05,465 [WARN] ConditionMgr:1044 - genDependencies : Invalid condition id : Cortex-A Device cause : null
2025-10-12 15:32:05,465 [WARN] ConditionMgr:1044 - genDependencies : Invalid condition id : Cortex-A Device cause : null
2025-10-12 15:32:05,472 [WARN] PackLoader:240 - Cannot read IP mode file for STMicroelectronics.X-CUBE-SUBG2.5.0.0
2025-10-12 15:32:05,487 [WARN] PackLoader:240 - Cannot read IP mode file for STMicroelectronics.X-CUBE-AZRTOS-H7RS.1.1.0
2025-10-12 15:32:05,491 [WARN] PackLoader:240 - Cannot read IP mode file for Cesanta.I-CUBE-Mongoose.7.13.0
2025-10-12 15:32:05,500 [WARN] PackLoader:240 - Cannot read IP mode file for STMicroelectronics.X-CUBE-AZRTOS-G4.2.0.0
2025-10-12 15:32:05,505 [WARN] PackLoader:240 - Cannot read IP mode file for wolfSSL.I-CUBE-wolfSSH.1.4.20
2025-10-12 15:32:05,509 [WARN] PackLoader:240 - Cannot read IP mode file for STMicroelectronics.X-CUBE-NFC7.2.0.0
2025-10-12 15:32:05,516 [WARN] PackLoader:240 - Cannot read IP mode file for STMicroelectronics.X-CUBE-IPS.3.1.0
2025-10-12 15:32:05,522 [WARN] PackLoader:240 - Cannot read IP mode file for STMicroelectronics.X-CUBE-ALS.1.0.2
2025-10-12 15:32:05,527 [WARN] PackLoader:240 - Cannot read IP mode file for STMicroelectronics.X-CUBE-STSE01.1.0.0
2025-10-12 15:32:05,533 [WARN] PackLoader:240 - Cannot read IP mode file for portGmbH.I-Cube-SoM-uGOAL.1.1.0
2025-10-12 15:32:05,539 [WARN] PackLoader:240 - Cannot read IP mode file for STMicroelectronics.X-CUBE-TOF1.3.4.3
2025-10-12 15:32:05,546 [INFO] ThirdParty:978 - Integrity check success = true
2025-10-12 15:32:05,546 [INFO] IntegrityCheckThread:100 - exiting critical section [integrity check]
2025-10-12 15:32:05,546 [INFO] IntegrityCheckThread:103 - End integrity checks thread
2025-10-12 18:16:40,238 [INFO] WebApp:194 - Connection lost
2025-10-12 18:16:40,369 [INFO] WebApp:191 - Connection restablished
2025-10-12 18:16:42,541 [INFO] WebApp:194 - Connection lost
2025-10-12 18:16:42,647 [INFO] WebApp:191 - Connection restablished
2025-10-12 18:30:54,351 [INFO] WebApp:194 - Connection lost
2025-10-12 18:30:54,507 [INFO] WebApp:191 - Connection restablished
2025-10-12 18:30:55,877 [INFO] WebApp:194 - Connection lost
2025-10-12 18:30:56,031 [INFO] WebApp:191 - Connection restablished
2025-10-12 18:33:51,042 [INFO] Activator:176 - 


2025-10-12 18:33:51,044 [INFO] Activator:177 - !SESSION log4j initialized
2025-10-12 18:33:56,326 [INFO] LogOutputStream:77 - [STDOUT_REDIRECT] 
2025-10-12 18:33:59,474 [INFO] ApplicationProperties:184 - Using Application install path: C:\ST\STM32CubeIDE_1.19.0\STM32CubeIDE\plugins\com.st.stm32cube.common.mx_6.15.0.202507011659
2025-10-12 18:33:59,489 [INFO] DbMcusXml:78 - Set database path to: C:\ST\STM32CubeIDE_1.19.0\STM32CubeIDE\plugins\com.st.stm32cube.common.mx_6.15.0.202507011659\\db\/mcu/
2025-10-12 18:33:59,489 [INFO] ApiDb:274 - Set plugin database path to: C:\ST\STM32CubeIDE_1.19.0\STM32CubeIDE\plugins\com.st.stm32cube.common.mx_6.15.0.202507011659\\db\/plugins/boardmanager/
2025-10-12 18:33:59,489 [WARN] ApiDb:259 - Overriding images path with different value:  => C:\ST\STM32CubeIDE_1.19.0\STM32CubeIDE\plugins\com.st.stm32cube.common.mx_6.15.0.202507011659\\db\/plugins/mcufinder/images/
2025-10-12 18:33:59,501 [INFO] ApiDb:250 - Set database path to: C:\Users\Paulo\.stmcufinder\plugins\mcufinder//mcu/
2025-10-12 18:33:59,502 [INFO] DbMcusAds:125 - Set database path to: C:\Users\Paulo\.stmcufinder\plugins\mcufinder//mcu/
2025-10-12 18:33:59,504 [INFO] CrossReferenceDbSqlite:203 - Set database path to: C:\Users\Paulo\.stmcufinder\plugins\mcufinder//mcu/cs/
2025-10-12 18:33:59,608 [INFO] RulesReader:64 - Compatibility file has been processed (317 Rules)
2025-10-12 18:33:59,688 [INFO] DbMcusXml:78 - Set database path to: C:\ST\STM32CubeIDE_1.19.0\STM32CubeIDE\plugins\com.st.stm32cube.common.mx_6.15.0.202507011659\\db\/mcu/
2025-10-12 18:33:59,688 [INFO] ApiDb:274 - Set plugin database path to: C:\ST\STM32CubeIDE_1.19.0\STM32CubeIDE\plugins\com.st.stm32cube.common.mx_6.15.0.202507011659\\db\/plugins/boardmanager/
2025-10-12 18:33:59,688 [INFO] ApiDb:261 - Set plugin images path to: C:\ST\STM32CubeIDE_1.19.0\STM32CubeIDE\plugins\com.st.stm32cube.common.mx_6.15.0.202507011659\\db\/plugins/mcufinder/images/
2025-10-12 18:33:59,688 [WARN] DbFile:41 - Overriding database path with different value: C:\Users\Paulo\.stmcufinder\plugins\mcufinder/ => C:\Users\Paulo\.stmcufinder\plugins\mcufinder
2025-10-12 18:33:59,688 [INFO] ApiDb:250 - Set database path to: C:\Users\Paulo\.stmcufinder\plugins\mcufinder//mcu/
2025-10-12 18:33:59,689 [WARN] DbFile:41 - Overriding database path with different value: C:\Users\Paulo\.stmcufinder\plugins\mcufinder/ => C:\Users\Paulo\.stmcufinder\plugins\mcufinder
2025-10-12 18:33:59,689 [INFO] DbMcusAds:125 - Set database path to: C:\Users\Paulo\.stmcufinder\plugins\mcufinder//mcu/
2025-10-12 18:33:59,689 [WARN] DbFile:41 - Overriding database path with different value: C:\Users\Paulo\.stmcufinder\plugins\mcufinder/ => C:\Users\Paulo\.stmcufinder\plugins\mcufinder
2025-10-12 18:33:59,689 [WARN] DbFile:41 - Overriding database path with different value: C:\Users\Paulo\.stmcufinder\plugins\mcufinder/ => C:\Users\Paulo\.stmcufinder\plugins\mcufinder
2025-10-12 18:33:59,689 [INFO] CrossReferenceDbSqlite:203 - Set database path to: C:\Users\Paulo\.stmcufinder\plugins\mcufinder//mcu/cs/
2025-10-12 18:33:59,756 [INFO] MainPanel:274 - HeapMemory: 268435456
2025-10-12 18:33:59,860 [INFO] DbMcusXml:78 - Set database path to: C:\ST\STM32CubeIDE_1.19.0\STM32CubeIDE\plugins\com.st.stm32cube.common.mx_6.15.0.202507011659\\db\/mcu/
2025-10-12 18:33:59,860 [INFO] ApiDb:274 - Set plugin database path to: C:\ST\STM32CubeIDE_1.19.0\STM32CubeIDE\plugins\com.st.stm32cube.common.mx_6.15.0.202507011659\\db\/plugins/boardmanager/
2025-10-12 18:33:59,860 [INFO] ApiDb:261 - Set plugin images path to: C:\ST\STM32CubeIDE_1.19.0\STM32CubeIDE\plugins\com.st.stm32cube.common.mx_6.15.0.202507011659\\db\/plugins/mcufinder/images/
2025-10-12 18:33:59,860 [WARN] DbFile:41 - Overriding database path with different value: C:\Users\Paulo\.stmcufinder\plugins\mcufinder/ => C:\Users\Paulo\.stmcufinder\plugins\mcufinder
2025-10-12 18:33:59,860 [INFO] ApiDb:250 - Set database path to: C:\Users\Paulo\.stmcufinder\plugins\mcufinder//mcu/
2025-10-12 18:33:59,860 [WARN] DbFile:41 - Overriding database path with different value: C:\Users\Paulo\.stmcufinder\plugins\mcufinder/ => C:\Users\Paulo\.stmcufinder\plugins\mcufinder
2025-10-12 18:33:59,860 [INFO] DbMcusAds:125 - Set database path to: C:\Users\Paulo\.stmcufinder\plugins\mcufinder//mcu/
2025-10-12 18:33:59,861 [WARN] DbFile:41 - Overriding database path with different value: C:\Users\Paulo\.stmcufinder\plugins\mcufinder/ => C:\Users\Paulo\.stmcufinder\plugins\mcufinder
2025-10-12 18:33:59,861 [WARN] DbFile:41 - Overriding database path with different value: C:\Users\Paulo\.stmcufinder\plugins\mcufinder/ => C:\Users\Paulo\.stmcufinder\plugins\mcufinder
2025-10-12 18:33:59,861 [INFO] CrossReferenceDbSqlite:203 - Set database path to: C:\Users\Paulo\.stmcufinder\plugins\mcufinder//mcu/cs/
2025-10-12 18:33:59,876 [INFO] ApplicationProperties:184 - Using Application install path: C:\ST\STM32CubeIDE_1.19.0\STM32CubeIDE\plugins\com.st.stm32cube.common.mx_6.15.0.202507011659
2025-10-12 18:33:59,877 [INFO] PluginManage:196 - Search for loadable plugins [exclusion list=, ]
2025-10-12 18:33:59,878 [INFO] PluginManage:310 - Check plugin analytics
2025-10-12 18:34:00,065 [INFO] AnalyticsPlugin:253 - Accepted Software Licenses: 
2025-10-12 18:34:00,065 [INFO] AnalyticsPlugin:255 - Accepted CMSIS Pack Licenses: STMicroelectronics.X-CUBE-NFC10.1.0.0
2025-10-12 18:34:00,065 [INFO] AnalyticsPlugin:257 - Accepted Firmware Licenses: FW.F4.1.28.0,FW.F4.1.27.0
2025-10-12 18:34:00,067 [INFO] PluginManage:359 - Loaded plugin analytics (category:tool,tabindex:-1)
2025-10-12 18:34:00,067 [INFO] PluginManage:310 - Check plugin cadmodel
2025-10-12 18:34:00,072 [INFO] CADModel:105 - Init CAD model plugin
2025-10-12 18:34:00,072 [INFO] PluginManage:359 - Loaded plugin cadmodel (category:power,tabindex:5)
2025-10-12 18:34:00,072 [INFO] PluginManage:310 - Check plugin clock
2025-10-12 18:34:00,081 [INFO] PluginManage:359 - Loaded plugin clock (category:base,tabindex:2)
2025-10-12 18:34:00,081 [INFO] PluginManage:310 - Check plugin ddr
2025-10-12 18:34:00,083 [INFO] PluginManage:359 - Loaded plugin ddr (category:tool,tabindex:6)
2025-10-12 18:34:00,083 [INFO] PluginManage:310 - Check plugin filemanager
2025-10-12 18:34:00,228 [INFO] PluginManage:359 - Loaded plugin filemanager (category:base,tabindex:10)
2025-10-12 18:34:00,228 [INFO] PluginManage:310 - Check plugin ipmanager
2025-10-12 18:34:00,234 [INFO] PluginManage:359 - Loaded plugin ipmanager (category:base,tabindex:5)
2025-10-12 18:34:00,234 [INFO] PluginManage:310 - Check plugin lpbam
2025-10-12 18:34:00,243 [INFO] PluginManage:359 - Loaded plugin lpbam (category:base,tabindex:0)
2025-10-12 18:34:00,244 [INFO] PluginManage:310 - Check plugin memorymap
2025-10-12 18:34:00,262 [INFO] PluginManage:359 - Loaded plugin memorymap (category:base,tabindex:4)
2025-10-12 18:34:00,262 [INFO] PluginManage:310 - Check plugin pinoutandconfiguration
2025-10-12 18:34:00,273 [INFO] PluginManage:359 - Loaded plugin pinoutandconfiguration (category:base,tabindex:1)
2025-10-12 18:34:00,273 [INFO] PluginManage:310 - Check plugin pinoutconfig
2025-10-12 18:34:00,355 [WARN] SupportedApi:132 - Cannot load RTOS API schema: s4s-elt-must-match.1: The content of 'definitions' must match (annotation?, (simpleType | complexType)?, (unique | key | keyref)*)). A problem was found starting at: attribute.
2025-10-12 18:34:00,476 [INFO] PluginManage:359 - Loaded plugin pinoutconfig (category:base,tabindex:0)
2025-10-12 18:34:00,476 [INFO] PluginManage:310 - Check plugin power
2025-10-12 18:34:00,485 [INFO] PluginManage:359 - Loaded plugin power (category:power,tabindex:4)
2025-10-12 18:34:00,486 [INFO] PluginManage:310 - Check plugin projectmanager
2025-10-12 18:34:00,501 [INFO] PluginManage:359 - Loaded plugin projectmanager (category:projectmanager,tabindex:4)
2025-10-12 18:34:00,501 [INFO] PluginManage:310 - Check plugin rif
2025-10-12 18:34:00,511 [INFO] PluginManage:359 - Loaded plugin rif (category:base,tabindex:3)
2025-10-12 18:34:00,512 [INFO] PluginManage:310 - Check plugin thirdparty
2025-10-12 18:34:00,644 [INFO] PluginManage:359 - Loaded plugin thirdparty (category:base,tabindex:-1)
2025-10-12 18:34:00,644 [INFO] PluginManage:310 - Check plugin tools
2025-10-12 18:34:00,644 [WARN] IntegrityCheckThread:84 - waiting for thirdparty lock release [integrity check]
2025-10-12 18:34:00,644 [INFO] IntegrityCheckThread:86 - entering critical section [integrity check]
2025-10-12 18:34:00,644 [INFO] ThirdPartyUpdaterWithRetryManager:70 - Updater plugin not ready yet. [1/15]
2025-10-12 18:34:00,646 [INFO] PluginManage:359 - Loaded plugin tools (category:base,tabindex:7)
2025-10-12 18:34:00,646 [INFO] PluginManage:310 - Check plugin tutovideos
2025-10-12 18:34:00,835 [INFO] PluginManage:359 - Loaded plugin tutovideos (category:base,tabindex:-1)
2025-10-12 18:34:00,835 [INFO] PluginManage:310 - Check plugin updater
2025-10-12 18:34:00,856 [INFO] PluginManage:359 - Loaded plugin updater (category:base,tabindex:12)
2025-10-12 18:34:00,856 [INFO] PluginManage:310 - Check plugin userauth
2025-10-12 18:34:00,860 [INFO] UserAuth:118 - Init User Auth plugin
2025-10-12 18:34:00,861 [INFO] PluginManage:359 - Loaded plugin userauth (category:base,tabindex:14)
2025-10-12 18:34:00,861 [INFO] PluginManage:283 - PluginManage : Loaded plugins [18]
2025-10-12 18:34:01,067 [INFO] PinOutPanel:1589 - setPackage(No Configuration,No Configuration)
2025-10-12 18:34:01,149 [INFO] CADModel:165 - CPN selected for project level
2025-10-12 18:34:01,149 [INFO] CADModel:114 - Register for checkConnection events
2025-10-12 18:34:01,170 [INFO] IPUIPlugin:80 - create IPUIPlugin
2025-10-12 18:34:01,170 [INFO] PluginManager:220 - loadIPPluginJar : add adc
2025-10-12 18:34:01,174 [INFO] IPUIPlugin:80 - create IPUIPlugin
2025-10-12 18:34:01,174 [INFO] PluginManager:220 - loadIPPluginJar : add aes
2025-10-12 18:34:01,178 [INFO] IPUIPlugin:80 - create IPUIPlugin
2025-10-12 18:34:01,179 [INFO] PluginManager:220 - loadIPPluginJar : add can
2025-10-12 18:34:01,181 [INFO] IPUIPlugin:80 - create IPUIPlugin
2025-10-12 18:34:01,181 [INFO] PluginManager:220 - loadIPPluginJar : add comp
2025-10-12 18:34:01,185 [INFO] IPUIPlugin:80 - create IPUIPlugin
2025-10-12 18:34:01,186 [INFO] PluginManager:220 - loadIPPluginJar : add cryp
2025-10-12 18:34:01,190 [INFO] IPUIPlugin:80 - create IPUIPlugin
2025-10-12 18:34:01,190 [INFO] PluginManager:220 - loadIPPluginJar : add ddr_ctrl_phy
2025-10-12 18:34:01,194 [INFO] IPUIPlugin:80 - create IPUIPlugin
2025-10-12 18:34:01,194 [INFO] PluginManager:220 - loadIPPluginJar : add dfsdm
2025-10-12 18:34:01,200 [INFO] IPUIPlugin:80 - create IPUIPlugin
2025-10-12 18:34:01,203 [INFO] PluginManager:220 - loadIPPluginJar : add dma
2025-10-12 18:34:01,208 [INFO] IPUIPlugin:80 - create IPUIPlugin
2025-10-12 18:34:01,208 [INFO] PluginManager:220 - loadIPPluginJar : add dma3
2025-10-12 18:34:01,212 [INFO] IPUIPlugin:80 - create IPUIPlugin
2025-10-12 18:34:01,212 [INFO] PluginManager:220 - loadIPPluginJar : add extmemmanager
2025-10-12 18:34:01,214 [INFO] IPUIPlugin:80 - create IPUIPlugin
2025-10-12 18:34:01,215 [INFO] PluginManager:220 - loadIPPluginJar : add fatfs
2025-10-12 18:34:01,218 [INFO] IPUIPlugin:80 - create IPUIPlugin
2025-10-12 18:34:01,218 [INFO] PluginManager:220 - loadIPPluginJar : add fmc
2025-10-12 18:34:01,226 [INFO] IPUIPlugin:80 - create IPUIPlugin
2025-10-12 18:34:01,227 [INFO] PluginManager:220 - loadIPPluginJar : add freertos
2025-10-12 18:34:01,230 [INFO] IPUIPlugin:80 - create IPUIPlugin
2025-10-12 18:34:01,230 [INFO] PluginManager:220 - loadIPPluginJar : add genericplugin
2025-10-12 18:34:01,233 [INFO] IPUIPlugin:80 - create IPUIPlugin
2025-10-12 18:34:01,233 [INFO] PluginManager:220 - loadIPPluginJar : add gfxmmu
2025-10-12 18:34:01,237 [INFO] IPUIPlugin:80 - create IPUIPlugin
2025-10-12 18:34:01,237 [INFO] PluginManager:220 - loadIPPluginJar : add gic
2025-10-12 18:34:01,247 [INFO] IPUIPlugin:80 - create IPUIPlugin
2025-10-12 18:34:01,248 [INFO] PluginManager:220 - loadIPPluginJar : add gpio
2025-10-12 18:34:01,251 [INFO] IPUIPlugin:80 - create IPUIPlugin
2025-10-12 18:34:01,251 [INFO] PluginManager:220 - loadIPPluginJar : add gtzc
2025-10-12 18:34:01,254 [INFO] IPUIPlugin:80 - create IPUIPlugin
2025-10-12 18:34:01,255 [INFO] PluginManager:220 - loadIPPluginJar : add hash
2025-10-12 18:34:01,258 [INFO] IPUIPlugin:80 - create IPUIPlugin
2025-10-12 18:34:01,258 [INFO] PluginManager:220 - loadIPPluginJar : add i2c
2025-10-12 18:34:01,262 [INFO] IPUIPlugin:80 - create IPUIPlugin
2025-10-12 18:34:01,262 [INFO] PluginManager:220 - loadIPPluginJar : add i2s
2025-10-12 18:34:01,265 [INFO] IPUIPlugin:80 - create IPUIPlugin
2025-10-12 18:34:01,266 [INFO] PluginManager:220 - loadIPPluginJar : add i3c
2025-10-12 18:34:01,270 [INFO] IPUIPlugin:80 - create IPUIPlugin
2025-10-12 18:34:01,270 [INFO] PluginManager:220 - loadIPPluginJar : add ipddr
2025-10-12 18:34:01,277 [INFO] IPUIPlugin:80 - create IPUIPlugin
2025-10-12 18:34:01,278 [INFO] PluginManager:220 - loadIPPluginJar : add linkedlist
2025-10-12 18:34:01,281 [INFO] IPUIPlugin:80 - create IPUIPlugin
2025-10-12 18:34:01,281 [INFO] PluginManager:220 - loadIPPluginJar : add lorawan
2025-10-12 18:34:01,283 [INFO] IPUIPlugin:80 - create IPUIPlugin
2025-10-12 18:34:01,283 [INFO] PluginManager:220 - loadIPPluginJar : add ltdc
2025-10-12 18:34:01,290 [INFO] IPUIPlugin:80 - create IPUIPlugin
2025-10-12 18:34:01,290 [INFO] PluginManager:220 - loadIPPluginJar : add mdma
2025-10-12 18:34:01,294 [INFO] IPUIPlugin:80 - create IPUIPlugin
2025-10-12 18:34:01,294 [INFO] PluginManager:220 - loadIPPluginJar : add nvic
2025-10-12 18:34:01,298 [INFO] IPUIPlugin:80 - create IPUIPlugin
2025-10-12 18:34:01,298 [INFO] PluginManager:220 - loadIPPluginJar : add opamp
2025-10-12 18:34:01,302 [INFO] IPUIPlugin:80 - create IPUIPlugin
2025-10-12 18:34:01,302 [INFO] PluginManager:220 - loadIPPluginJar : add openamp
2025-10-12 18:34:01,307 [INFO] IPUIPlugin:80 - create IPUIPlugin
2025-10-12 18:34:01,307 [INFO] PluginManager:220 - loadIPPluginJar : add pdm2pcm
2025-10-12 18:34:01,312 [INFO] IPUIPlugin:80 - create IPUIPlugin
2025-10-12 18:34:01,315 [INFO] PluginManager:220 - loadIPPluginJar : add plateformsettings
2025-10-12 18:34:01,317 [INFO] IPUIPlugin:80 - create IPUIPlugin
2025-10-12 18:34:01,317 [INFO] PluginManager:220 - loadIPPluginJar : add quadspi
2025-10-12 18:34:01,320 [INFO] IPUIPlugin:80 - create IPUIPlugin
2025-10-12 18:34:01,320 [INFO] PluginManager:220 - loadIPPluginJar : add radio
2025-10-12 18:34:01,325 [INFO] IPUIPlugin:80 - create IPUIPlugin
2025-10-12 18:34:01,325 [INFO] PluginManager:220 - loadIPPluginJar : add resmgrutility
2025-10-12 18:34:01,329 [INFO] IPUIPlugin:80 - create IPUIPlugin
2025-10-12 18:34:01,329 [INFO] PluginManager:220 - loadIPPluginJar : add sai
2025-10-12 18:34:01,332 [INFO] IPUIPlugin:80 - create IPUIPlugin
2025-10-12 18:34:01,332 [INFO] PluginManager:220 - loadIPPluginJar : add spi
2025-10-12 18:34:01,341 [INFO] IPUIPlugin:80 - create IPUIPlugin
2025-10-12 18:34:01,342 [INFO] PluginManager:220 - loadIPPluginJar : add stm32_wpan
2025-10-12 18:34:01,344 [INFO] IPUIPlugin:80 - create IPUIPlugin
2025-10-12 18:34:01,344 [INFO] PluginManager:220 - loadIPPluginJar : add tim
2025-10-12 18:34:01,349 [INFO] IPUIPlugin:80 - create IPUIPlugin
2025-10-12 18:34:01,349 [INFO] PluginManager:220 - loadIPPluginJar : add touchsensing
2025-10-12 18:34:01,353 [INFO] IPUIPlugin:80 - create IPUIPlugin
2025-10-12 18:34:01,353 [INFO] PluginManager:220 - loadIPPluginJar : add tracer_emb
2025-10-12 18:34:01,356 [INFO] IPUIPlugin:80 - create IPUIPlugin
2025-10-12 18:34:01,357 [INFO] PluginManager:220 - loadIPPluginJar : add ts
2025-10-12 18:34:01,359 [INFO] IPUIPlugin:80 - create IPUIPlugin
2025-10-12 18:34:01,359 [INFO] PluginManager:220 - loadIPPluginJar : add tsc
2025-10-12 18:34:01,362 [INFO] IPUIPlugin:80 - create IPUIPlugin
2025-10-12 18:34:01,362 [INFO] PluginManager:220 - loadIPPluginJar : add ucpd
2025-10-12 18:34:01,365 [INFO] IPUIPlugin:80 - create IPUIPlugin
2025-10-12 18:34:01,365 [INFO] PluginManager:220 - loadIPPluginJar : add usart
2025-10-12 18:34:01,371 [INFO] IPUIPlugin:80 - create IPUIPlugin
2025-10-12 18:34:01,371 [INFO] PluginManager:220 - loadIPPluginJar : add usbx
2025-10-12 18:34:01,508 [FATAL] Updater:351 - Updater called before beeing initialized
2025-10-12 18:34:01,530 [INFO] RulesReader:64 - Compatibility file has been processed (317 Rules)
2025-10-12 18:34:01,546 [INFO] RulesReader:64 - Compatibility file has been processed (317 Rules)
2025-10-12 18:34:01,553 [INFO] CADModel:165 - CPN selected for project level
2025-10-12 18:34:01,553 [INFO] CADModel:114 - Register for checkConnection events
2025-10-12 18:34:01,554 [FATAL] Updater:351 - Updater called before beeing initialized
2025-10-12 18:34:01,554 [ERROR] CADModel:125 - Updater not yet initialized, retry later 
2025-10-12 18:34:01,712 [FATAL] Updater:351 - Updater called before beeing initialized
2025-10-12 18:34:01,715 [INFO] CADModel:165 - CPN selected for project level
2025-10-12 18:34:01,715 [INFO] CADModel:114 - Register for checkConnection events
2025-10-12 18:34:01,715 [FATAL] Updater:351 - Updater called before beeing initialized
2025-10-12 18:34:01,715 [ERROR] CADModel:125 - Updater not yet initialized, retry later 
2025-10-12 18:34:01,719 [FATAL] Updater:351 - Updater called before beeing initialized
2025-10-12 18:34:01,817 [FATAL] Updater:351 - Updater called before beeing initialized
2025-10-12 18:34:01,821 [INFO] DbMcusAds:53 - JSON generation date=Thu Oct 02 06:36:05 ART 2025 (1759397765645)
2025-10-12 18:34:01,821 [FATAL] Updater:351 - Updater called before beeing initialized
2025-10-12 18:34:01,853 [WARN] DetailPanel:346 - Failed to get advertising image, set to default
2025-10-12 18:34:01,916 [FATAL] Updater:351 - Updater called before beeing initialized
2025-10-12 18:34:01,918 [FATAL] Updater:351 - Updater called before beeing initialized
2025-10-12 18:34:01,918 [FATAL] Updater:351 - Updater called before beeing initialized
2025-10-12 18:34:01,919 [WARN] DetailPanel:346 - Failed to get advertising image, set to default
2025-10-12 18:34:01,919 [FATAL] Updater:351 - Updater called before beeing initialized
2025-10-12 18:34:01,969 [ERROR] Updater:1198 - MainUpdater not yet initialized. External WinMGr cannot be set.
2025-10-12 18:34:01,972 [INFO] Updater:1134 - Updater Version found : 6.15.0
2025-10-12 18:34:01,992 [INFO] ApplicationProperties:184 - Using Application install path: C:\ST\STM32CubeIDE_1.19.0\STM32CubeIDE\plugins\com.st.stm32cube.common.mx_6.15.0.202507011659
2025-10-12 18:34:03,565 [ERROR] LogOutputStream:75 - [STDERR_REDIRECT] Oct 12, 2025 6:34:03 PM java.util.prefs.WindowsPreferences <init>
2025-10-12 18:34:03,566 [ERROR] LogOutputStream:75 - [STDERR_REDIRECT] WARNING: Could not open/create prefs root node Software\JavaSoft\Prefs at root 0xffffffff80000002. Windows RegCreateKeyEx(...) returned error code 5.
2025-10-12 18:34:03,566 [ERROR] LogOutputStream:75 - [STDERR_REDIRECT] 
2025-10-12 18:34:03,645 [INFO] ThirdPartyUpdaterWithRetryManager:70 - Updater plugin not ready yet. [2/15]
2025-10-12 18:34:03,904 [INFO] MainUpdater:2872 - connection check result : 10
2025-10-12 18:34:03,905 [INFO] MainUpdater:289 - Updater Check For Update Now.
2025-10-12 18:34:03,905 [INFO] MicroXplorer:498 - Change Database Version : DB.6.0.150
2025-10-12 18:34:03,916 [INFO] McuFinderGlobals:63 - Set McuFinder mode to 2 (CubeIDE integrated)
2025-10-12 18:34:03,918 [INFO] UserAuth:487 - Internet connection configuration mode: 1
2025-10-12 18:34:03,945 [INFO] JxBrowserEngine:152 - Initiate JxBrowser Engine with user profile folder
2025-10-12 18:34:04,080 [INFO] CheckServerUpdateThread:120 - End of CheckServer Thread
2025-10-12 18:34:04,993 [INFO] WebApp:169 - Instantiating new browser for Auth
2025-10-12 18:34:05,855 [INFO] WebApp:463 - Apply proxy settings
2025-10-12 18:34:05,855 [INFO] WebApp:548 - Chromium requires no authentication
2025-10-12 18:34:05,889 [INFO] WebApp:491 - Direct internet connection detected
2025-10-12 18:34:05,952 [INFO] WebApp:900 - Register for checkConnection events
2025-10-12 18:34:05,953 [INFO] WebApp:463 - Apply proxy settings
2025-10-12 18:34:05,953 [INFO] WebApp:548 - Chromium requires no authentication
2025-10-12 18:34:05,953 [INFO] WebApp:491 - Direct internet connection detected
2025-10-12 18:34:06,130 [INFO] WebApp:191 - Connection restablished
2025-10-12 18:34:06,282 [INFO] WebApp:225 - Starting web application
2025-10-12 18:34:06,283 [INFO] WebApp:593 - Web application path used C:\ST\STM32CubeIDE_1.19.0\STM32CubeIDE\plugins\com.st.stm32cube.common.mx_6.15.0.202507011659\db\plugins\mcufinder\reactClient1\index.html
2025-10-12 18:34:06,381 [INFO] UserAuth:487 - Internet connection configuration mode: 1
2025-10-12 18:34:07,002 [WARN] PackLoader:240 - Cannot read IP mode file for STMicroelectronics.FP-SNS-MOTENVWB1.1.4.0
2025-10-12 18:34:07,018 [WARN] PackLoader:240 - Cannot read IP mode file for STMicroelectronics.FP-ATR-ASTRA1.2.0.2
2025-10-12 18:34:07,032 [WARN] PackLoader:240 - Cannot read IP mode file for STMicroelectronics.X-CUBE-SMBUS.2.1.0
2025-10-12 18:34:07,041 [WARN] PackLoader:240 - Cannot read IP mode file for STMicroelectronics.X-CUBE-ST60.1.0.0
2025-10-12 18:34:07,080 [WARN] PackLoader:240 - Cannot read IP mode file for STMicroelectronics.X-CUBE-AZRTOS-F7.1.1.0
2025-10-12 18:34:07,089 [WARN] PackLoader:240 - Cannot read IP mode file for Cesanta.I-CUBE-Mongoose.7.19.0
2025-10-12 18:34:07,107 [WARN] PackLoader:240 - Cannot read IP mode file for WES.I-CUBE-Cesium.1.4.0
2025-10-12 18:34:07,140 [WARN] PackLoader:240 - Cannot read IP mode file for Infineon.AIROC-Wi-Fi-Bluetooth-STM32.1.7.1
2025-10-12 18:34:07,212 [WARN] PackLoader:240 - Cannot read IP mode file for STMicroelectronics.X-CUBE-AZRTOS-H7.3.4.0
2025-10-12 18:34:07,224 [WARN] PackLoader:240 - Cannot read IP mode file for STMicroelectronics.X-CUBE-DISPLAY.3.0.0
2025-10-12 18:34:07,241 [WARN] PackLoader:240 - Cannot read IP mode file for STMicroelectronics.X-CUBE-NFC10.1.0.0
2025-10-12 18:34:07,342 [WARN] PackLoader:240 - Cannot read IP mode file for emotas.I-CUBE-CANOPEN.1.3.0
2025-10-12 18:34:07,351 [WARN] PackLoader:240 - Cannot read IP mode file for STMicroelectronics.FP-SNS-STBOX1.2.1.0
2025-10-12 18:34:07,359 [WARN] PackLoader:240 - Cannot read IP mode file for STMicroelectronics.FP-SNS-SMARTAG2.1.2.0
2025-10-12 18:34:07,365 [WARN] PackLoader:240 - Cannot read IP mode file for STMicroelectronics.FP-SNS-FLIGHT1.5.1.0
2025-10-12 18:34:07,375 [INFO] LogOutputStream:77 - [STDOUT_REDIRECT] 1 : Invalid condition id : UX_CORESTACK_Condition cause : null
2025-10-12 18:34:07,376 [INFO] LogOutputStream:77 - [STDOUT_REDIRECT] 1 : Invalid condition id : UX_CORESTACK_Condition cause : null
2025-10-12 18:34:07,376 [INFO] LogOutputStream:77 - [STDOUT_REDIRECT] 1 : Invalid condition id : UX_CORESTACK_Condition cause : null
2025-10-12 18:34:07,377 [INFO] LogOutputStream:77 - [STDOUT_REDIRECT] 1 : Invalid condition id : UX_CORESTACK_Condition cause : null
2025-10-12 18:34:07,379 [INFO] LogOutputStream:77 - [STDOUT_REDIRECT] 1 : Invalid condition id : UX_CORESTACK_Condition cause : null
2025-10-12 18:34:07,382 [WARN] PackLoader:240 - Cannot read IP mode file for STMicroelectronics.X-CUBE-AZRTOS-WL.2.0.0
2025-10-12 18:34:07,387 [WARN] PackLoader:240 - Cannot read IP mode file for STMicroelectronics.FP-SNS-MOTENV1.5.0.0
2025-10-12 18:34:07,393 [WARN] PackLoader:240 - Cannot read IP mode file for STMicroelectronics.X-CUBE-BLE2.3.3.0
2025-10-12 18:34:07,399 [WARN] PackLoader:240 - Cannot read IP mode file for STMicroelectronics.X-CUBE-NFC9.1.0.0
2025-10-12 18:34:07,408 [WARN] PackLoader:240 - Cannot read IP mode file for wolfSSL.I-CUBE-wolfSSL.5.8.2
2025-10-12 18:34:07,415 [WARN] PackLoader:240 - Cannot read IP mode file for STMicroelectronics.X-CUBE-BLE1.7.1.0
2025-10-12 18:34:07,419 [WARN] PackLoader:240 - Cannot read IP mode file for wolfSSL.I-CUBE-wolfMQTT.1.19.2
2025-10-12 18:34:07,425 [WARN] PackLoader:240 - Cannot read IP mode file for STMicroelectronics.X-CUBE-EEPRMA1.5.2.0
2025-10-12 18:34:07,431 [WARN] PackLoader:240 - Cannot read IP mode file for STMicroelectronics.X-CUBE-ST67W61.1.1.0
2025-10-12 18:34:07,442 [WARN] PackLoader:240 - Cannot read IP mode file for STMicroelectronics.X-CUBE-AZRTOS-G0.1.1.0
2025-10-12 18:34:07,449 [WARN] PackLoader:240 - Cannot read IP mode file for STMicroelectronics.X-CUBE-SAFEA1.1.2.2
2025-10-12 18:34:07,456 [WARN] PackLoader:240 - Cannot read IP mode file for STMicroelectronics.X-CUBE-NFC4.3.0.0
2025-10-12 18:34:07,463 [WARN] PackLoader:240 - Cannot read IP mode file for EmbeddedOffice.I-CUBE-FS-RTOS.1.0.1
2025-10-12 18:34:07,468 [WARN] PackLoader:240 - Cannot read IP mode file for STMicroelectronics.X-CUBE-WB05N.2.0.0
2025-10-12 18:34:07,472 [WARN] PackLoader:240 - Cannot read IP mode file for wolfSSL.I-CUBE-wolfTPM.3.8.0
2025-10-12 18:34:07,475 [WARN] PackLoader:240 - Cannot read IP mode file for STMicroelectronics.X-CUBE-TCPP.4.2.0
2025-10-12 18:34:07,482 [WARN] PackLoader:240 - Cannot read IP mode file for RealThread.X-CUBE-RT-Thread_Nano.4.1.1
2025-10-12 18:34:07,486 [WARN] PackLoader:240 - Cannot read IP mode file for STMicroelectronics.FP-ATR-SIGFOX1.3.2.0
2025-10-12 18:34:07,492 [WARN] PackLoader:240 - Cannot read IP mode file for ITTIA_DB.I-CUBE-ITTIADB.8.9.0
2025-10-12 18:34:07,496 [WARN] PackLoader:240 - Cannot read IP mode file for STMicroelectronics.X-CUBE-ST67W61.1.0.0
2025-10-12 18:34:07,499 [WARN] PackLoader:240 - Cannot read IP mode file for STMicroelectronics.X-CUBE-AI.10.2.0
2025-10-12 18:34:07,526 [WARN] PackLoader:240 - Cannot read IP mode file for SEGGER.I-CUBE-embOS.1.3.1
2025-10-12 18:34:07,573 [WARN] PackLoader:240 - Cannot read IP mode file for STMicroelectronics.X-CUBE-ALGOBUILD.1.4.0
2025-10-12 18:34:07,652 [WARN] PackLoader:240 - Cannot read IP mode file for STMicroelectronics.X-CUBE-MEMS1.11.3.0
2025-10-12 18:34:07,766 [WARN] PackLoader:240 - Cannot read IP mode file for STMicroelectronics.X-CUBE-PM33A1.1.0.0
2025-10-12 18:34:07,780 [WARN] PackLoader:240 - Cannot read IP mode file for STMicroelectronics.X-CUBE-AZRTOS-F4.1.1.0
2025-10-12 18:34:07,784 [WARN] PackLoader:240 - Cannot read IP mode file for Avnet-IotConnect.X-CUBE-IoTC-DA16k-PMOD.1.0.0
2025-10-12 18:34:07,787 [WARN] PackLoader:240 - Cannot read IP mode file for STMicroelectronics.X-CUBE-ISPU.2.1.0
2025-10-12 18:34:07,798 [WARN] PackLoader:240 - Cannot read IP mode file for STMicroelectronics.X-CUBE-IPS.3.2.0
2025-10-12 18:34:07,808 [WARN] PackLoader:240 - Cannot read IP mode file for STMicroelectronics.X-CUBE-NFC12.1.0.0
2025-10-12 18:34:07,819 [WARN] PackLoader:240 - Cannot read IP mode file for STMicroelectronics.X-CUBE-AZRTOS-L5.2.0.0
2025-10-12 18:34:07,826 [WARN] PackLoader:240 - Cannot read IP mode file for STMicroelectronics.X-CUBE-NFC6.3.1.0
2025-10-12 18:34:07,831 [WARN] PackLoader:240 - Cannot read IP mode file for STMicroelectronics.X-CUBE-FREERTOS.1.3.1
2025-10-12 18:34:07,837 [WARN] PackLoader:240 - Cannot read IP mode file for STMicroelectronics.X-CUBE-TOUCHGFX.4.26.0
2025-10-12 18:34:07,842 [WARN] PackLoader:240 - Cannot read IP mode file for STMicroelectronics.FP-SNS-STAIOTCFT.1.0.0
2025-10-12 18:34:07,848 [WARN] PackLoader:240 - Cannot read IP mode file for STMicroelectronics.X-CUBE-DPower.1.3.0
2025-10-12 18:34:07,863 [WARN] ConditionMgr:438 - getConditionDescription Invalid condition id : LAN8742 Phy interface Condition cause : null
2025-10-12 18:34:07,864 [WARN] PackLoader:240 - Cannot read IP mode file for STMicroelectronics.X-CUBE-AZRTOS-L4.2.0.0
2025-10-12 18:34:07,864 [WARN] ConditionMgr:1044 - genDependencies : Invalid condition id : LAN8742 Phy interface Condition cause : null
2025-10-12 18:34:07,865 [WARN] ConditionMgr:1044 - genDependencies : Invalid condition id : LAN8742 Phy interface Condition cause : null
2025-10-12 18:34:07,865 [WARN] ConditionMgr:1044 - genDependencies : Invalid condition id : LAN8742 Phy interface Condition cause : null
2025-10-12 18:34:07,873 [WARN] PackLoader:240 - Cannot read IP mode file for STMicroelectronics.X-CUBE-SFXS2LP1.4.0.0
2025-10-12 18:34:07,881 [WARN] PackLoader:240 - Cannot read IP mode file for STMicroelectronics.X-CUBE-BLEMGR.4.1.0
2025-10-12 18:34:07,892 [WARN] ConditionMgr:438 - getConditionDescription Invalid condition id : UX DEVICE CLASS RTOS Condition cause : null
2025-10-12 18:34:07,892 [WARN] ConditionMgr:438 - getConditionDescription Invalid condition id : UX DEVICE CLASS RTOS Condition cause : null
2025-10-12 18:34:07,895 [WARN] PackLoader:240 - Cannot read IP mode file for STMicroelectronics.X-CUBE-AZRTOS-WB.2.0.0
2025-10-12 18:34:07,895 [WARN] ConditionMgr:1044 - genDependencies : Invalid condition id : UX DEVICE CLASS RTOS Condition cause : null
2025-10-12 18:34:07,895 [WARN] ConditionMgr:1044 - genDependencies : Invalid condition id : UX DEVICE CLASS RTOS Condition cause : null
2025-10-12 18:34:07,896 [WARN] ConditionMgr:1044 - genDependencies : Invalid condition id : UX DEVICE CLASS RTOS Condition cause : null
2025-10-12 18:34:07,896 [WARN] ConditionMgr:1044 - genDependencies : Invalid condition id : UX DEVICE CLASS RTOS Condition cause : null
2025-10-12 18:34:07,896 [WARN] ConditionMgr:1044 - genDependencies : Invalid condition id : UX DEVICE CLASS RTOS Condition cause : null
2025-10-12 18:34:07,902 [WARN] PackLoader:240 - Cannot read IP mode file for STMicroelectronics.X-CUBE-GNSS1.7.0.1
2025-10-12 18:34:07,905 [WARN] PackLoader:240 - Cannot read IP mode file for STMicroelectronics.X-CUBE-TOUCHGFX.4.25.0
2025-10-12 18:34:07,907 [WARN] ConditionMgr:438 - getConditionDescription Invalid condition id : Cortex-A Device cause : null
2025-10-12 18:34:07,914 [WARN] ConditionMgr:1044 - genDependencies : Invalid condition id : Cortex-A Device cause : null
2025-10-12 18:34:07,914 [WARN] ConditionMgr:1044 - genDependencies : Invalid condition id : Cortex-A Device cause : null
2025-10-12 18:34:07,914 [WARN] ConditionMgr:1044 - genDependencies : Invalid condition id : Cortex-A Device cause : null
2025-10-12 18:34:07,923 [WARN] PackLoader:240 - Cannot read IP mode file for STMicroelectronics.X-CUBE-SUBG2.5.0.0
2025-10-12 18:34:07,940 [WARN] PackLoader:240 - Cannot read IP mode file for STMicroelectronics.X-CUBE-AZRTOS-H7RS.1.1.0
2025-10-12 18:34:07,947 [WARN] PackLoader:240 - Cannot read IP mode file for Cesanta.I-CUBE-Mongoose.7.13.0
2025-10-12 18:34:07,973 [WARN] PackLoader:240 - Cannot read IP mode file for STMicroelectronics.X-CUBE-AZRTOS-G4.2.0.0
2025-10-12 18:34:07,980 [WARN] PackLoader:240 - Cannot read IP mode file for wolfSSL.I-CUBE-wolfSSH.1.4.20
2025-10-12 18:34:07,985 [WARN] PackLoader:240 - Cannot read IP mode file for STMicroelectronics.X-CUBE-NFC7.2.0.0
2025-10-12 18:34:07,994 [WARN] PackLoader:240 - Cannot read IP mode file for STMicroelectronics.X-CUBE-IPS.3.1.0
2025-10-12 18:34:08,002 [WARN] PackLoader:240 - Cannot read IP mode file for STMicroelectronics.X-CUBE-ALS.1.0.2
2025-10-12 18:34:08,010 [WARN] PackLoader:240 - Cannot read IP mode file for STMicroelectronics.X-CUBE-STSE01.1.0.0
2025-10-12 18:34:08,017 [WARN] PackLoader:240 - Cannot read IP mode file for portGmbH.I-Cube-SoM-uGOAL.1.1.0
2025-10-12 18:34:08,026 [WARN] PackLoader:240 - Cannot read IP mode file for STMicroelectronics.X-CUBE-TOF1.3.4.3
2025-10-12 18:34:08,032 [INFO] ThirdParty:978 - Integrity check success = true
2025-10-12 18:34:08,032 [INFO] IntegrityCheckThread:100 - exiting critical section [integrity check]
2025-10-12 18:34:08,032 [INFO] IntegrityCheckThread:103 - End integrity checks thread
2025-10-12 19:53:26,924 [INFO] Activator:176 - 


2025-10-12 19:53:26,926 [INFO] Activator:177 - !SESSION log4j initialized
2025-10-12 19:53:34,136 [INFO] LogOutputStream:77 - [STDOUT_REDIRECT] 
2025-10-12 19:53:37,119 [INFO] ApplicationProperties:184 - Using Application install path: C:\ST\STM32CubeIDE_1.19.0\STM32CubeIDE\plugins\com.st.stm32cube.common.mx_6.15.0.202507011659
2025-10-12 19:53:37,146 [INFO] DbMcusXml:78 - Set database path to: C:\ST\STM32CubeIDE_1.19.0\STM32CubeIDE\plugins\com.st.stm32cube.common.mx_6.15.0.202507011659\\db\/mcu/
2025-10-12 19:53:37,146 [INFO] ApiDb:274 - Set plugin database path to: C:\ST\STM32CubeIDE_1.19.0\STM32CubeIDE\plugins\com.st.stm32cube.common.mx_6.15.0.202507011659\\db\/plugins/boardmanager/
2025-10-12 19:53:37,146 [WARN] ApiDb:259 - Overriding images path with different value:  => C:\ST\STM32CubeIDE_1.19.0\STM32CubeIDE\plugins\com.st.stm32cube.common.mx_6.15.0.202507011659\\db\/plugins/mcufinder/images/
2025-10-12 19:53:37,162 [INFO] ApiDb:250 - Set database path to: C:\Users\Paulo\.stmcufinder\plugins\mcufinder//mcu/
2025-10-12 19:53:37,164 [INFO] DbMcusAds:125 - Set database path to: C:\Users\Paulo\.stmcufinder\plugins\mcufinder//mcu/
2025-10-12 19:53:37,170 [INFO] CrossReferenceDbSqlite:203 - Set database path to: C:\Users\Paulo\.stmcufinder\plugins\mcufinder//mcu/cs/
2025-10-12 19:53:37,322 [INFO] RulesReader:64 - Compatibility file has been processed (317 Rules)
2025-10-12 19:53:37,465 [INFO] DbMcusXml:78 - Set database path to: C:\ST\STM32CubeIDE_1.19.0\STM32CubeIDE\plugins\com.st.stm32cube.common.mx_6.15.0.202507011659\\db\/mcu/
2025-10-12 19:53:37,465 [INFO] ApiDb:274 - Set plugin database path to: C:\ST\STM32CubeIDE_1.19.0\STM32CubeIDE\plugins\com.st.stm32cube.common.mx_6.15.0.202507011659\\db\/plugins/boardmanager/
2025-10-12 19:53:37,466 [INFO] ApiDb:261 - Set plugin images path to: C:\ST\STM32CubeIDE_1.19.0\STM32CubeIDE\plugins\com.st.stm32cube.common.mx_6.15.0.202507011659\\db\/plugins/mcufinder/images/
2025-10-12 19:53:37,466 [WARN] DbFile:41 - Overriding database path with different value: C:\Users\Paulo\.stmcufinder\plugins\mcufinder/ => C:\Users\Paulo\.stmcufinder\plugins\mcufinder
2025-10-12 19:53:37,466 [INFO] ApiDb:250 - Set database path to: C:\Users\Paulo\.stmcufinder\plugins\mcufinder//mcu/
2025-10-12 19:53:37,466 [WARN] DbFile:41 - Overriding database path with different value: C:\Users\Paulo\.stmcufinder\plugins\mcufinder/ => C:\Users\Paulo\.stmcufinder\plugins\mcufinder
2025-10-12 19:53:37,466 [INFO] DbMcusAds:125 - Set database path to: C:\Users\Paulo\.stmcufinder\plugins\mcufinder//mcu/
2025-10-12 19:53:37,466 [WARN] DbFile:41 - Overriding database path with different value: C:\Users\Paulo\.stmcufinder\plugins\mcufinder/ => C:\Users\Paulo\.stmcufinder\plugins\mcufinder
2025-10-12 19:53:37,466 [WARN] DbFile:41 - Overriding database path with different value: C:\Users\Paulo\.stmcufinder\plugins\mcufinder/ => C:\Users\Paulo\.stmcufinder\plugins\mcufinder
2025-10-12 19:53:37,467 [INFO] CrossReferenceDbSqlite:203 - Set database path to: C:\Users\Paulo\.stmcufinder\plugins\mcufinder//mcu/cs/
2025-10-12 19:53:37,593 [INFO] MainPanel:274 - HeapMemory: 268435456
2025-10-12 19:53:37,758 [INFO] DbMcusXml:78 - Set database path to: C:\ST\STM32CubeIDE_1.19.0\STM32CubeIDE\plugins\com.st.stm32cube.common.mx_6.15.0.202507011659\\db\/mcu/
2025-10-12 19:53:37,758 [INFO] ApiDb:274 - Set plugin database path to: C:\ST\STM32CubeIDE_1.19.0\STM32CubeIDE\plugins\com.st.stm32cube.common.mx_6.15.0.202507011659\\db\/plugins/boardmanager/
2025-10-12 19:53:37,758 [INFO] ApiDb:261 - Set plugin images path to: C:\ST\STM32CubeIDE_1.19.0\STM32CubeIDE\plugins\com.st.stm32cube.common.mx_6.15.0.202507011659\\db\/plugins/mcufinder/images/
2025-10-12 19:53:37,759 [WARN] DbFile:41 - Overriding database path with different value: C:\Users\Paulo\.stmcufinder\plugins\mcufinder/ => C:\Users\Paulo\.stmcufinder\plugins\mcufinder
2025-10-12 19:53:37,759 [INFO] ApiDb:250 - Set database path to: C:\Users\Paulo\.stmcufinder\plugins\mcufinder//mcu/
2025-10-12 19:53:37,759 [WARN] DbFile:41 - Overriding database path with different value: C:\Users\Paulo\.stmcufinder\plugins\mcufinder/ => C:\Users\Paulo\.stmcufinder\plugins\mcufinder
2025-10-12 19:53:37,759 [INFO] DbMcusAds:125 - Set database path to: C:\Users\Paulo\.stmcufinder\plugins\mcufinder//mcu/
2025-10-12 19:53:37,759 [WARN] DbFile:41 - Overriding database path with different value: C:\Users\Paulo\.stmcufinder\plugins\mcufinder/ => C:\Users\Paulo\.stmcufinder\plugins\mcufinder
2025-10-12 19:53:37,759 [WARN] DbFile:41 - Overriding database path with different value: C:\Users\Paulo\.stmcufinder\plugins\mcufinder/ => C:\Users\Paulo\.stmcufinder\plugins\mcufinder
2025-10-12 19:53:37,759 [INFO] CrossReferenceDbSqlite:203 - Set database path to: C:\Users\Paulo\.stmcufinder\plugins\mcufinder//mcu/cs/
2025-10-12 19:53:37,779 [INFO] ApplicationProperties:184 - Using Application install path: C:\ST\STM32CubeIDE_1.19.0\STM32CubeIDE\plugins\com.st.stm32cube.common.mx_6.15.0.202507011659
2025-10-12 19:53:37,780 [INFO] PluginManage:196 - Search for loadable plugins [exclusion list=, ]
2025-10-12 19:53:37,782 [INFO] PluginManage:310 - Check plugin analytics
2025-10-12 19:53:38,042 [INFO] AnalyticsPlugin:253 - Accepted Software Licenses: 
2025-10-12 19:53:38,044 [INFO] AnalyticsPlugin:255 - Accepted CMSIS Pack Licenses: STMicroelectronics.X-CUBE-NFC10.1.0.0
2025-10-12 19:53:38,044 [INFO] AnalyticsPlugin:257 - Accepted Firmware Licenses: FW.F4.1.28.0,FW.F4.1.27.0
2025-10-12 19:53:38,047 [INFO] PluginManage:359 - Loaded plugin analytics (category:tool,tabindex:-1)
2025-10-12 19:53:38,047 [INFO] PluginManage:310 - Check plugin cadmodel
2025-10-12 19:53:38,056 [INFO] CADModel:105 - Init CAD model plugin
2025-10-12 19:53:38,056 [INFO] PluginManage:359 - Loaded plugin cadmodel (category:power,tabindex:5)
2025-10-12 19:53:38,056 [INFO] PluginManage:310 - Check plugin clock
2025-10-12 19:53:38,078 [INFO] PluginManage:359 - Loaded plugin clock (category:base,tabindex:2)
2025-10-12 19:53:38,078 [INFO] PluginManage:310 - Check plugin ddr
2025-10-12 19:53:38,081 [INFO] PluginManage:359 - Loaded plugin ddr (category:tool,tabindex:6)
2025-10-12 19:53:38,082 [INFO] PluginManage:310 - Check plugin filemanager
2025-10-12 19:53:38,264 [INFO] PluginManage:359 - Loaded plugin filemanager (category:base,tabindex:10)
2025-10-12 19:53:38,264 [INFO] PluginManage:310 - Check plugin ipmanager
2025-10-12 19:53:38,271 [INFO] PluginManage:359 - Loaded plugin ipmanager (category:base,tabindex:5)
2025-10-12 19:53:38,272 [INFO] PluginManage:310 - Check plugin lpbam
2025-10-12 19:53:38,282 [INFO] PluginManage:359 - Loaded plugin lpbam (category:base,tabindex:0)
2025-10-12 19:53:38,282 [INFO] PluginManage:310 - Check plugin memorymap
2025-10-12 19:53:38,296 [INFO] PluginManage:359 - Loaded plugin memorymap (category:base,tabindex:4)
2025-10-12 19:53:38,297 [INFO] PluginManage:310 - Check plugin pinoutandconfiguration
2025-10-12 19:53:38,308 [INFO] PluginManage:359 - Loaded plugin pinoutandconfiguration (category:base,tabindex:1)
2025-10-12 19:53:38,308 [INFO] PluginManage:310 - Check plugin pinoutconfig
2025-10-12 19:53:38,423 [WARN] SupportedApi:132 - Cannot load RTOS API schema: s4s-elt-must-match.1: The content of 'definitions' must match (annotation?, (simpleType | complexType)?, (unique | key | keyref)*)). A problem was found starting at: attribute.
2025-10-12 19:53:38,626 [INFO] PluginManage:359 - Loaded plugin pinoutconfig (category:base,tabindex:0)
2025-10-12 19:53:38,626 [INFO] PluginManage:310 - Check plugin power
2025-10-12 19:53:38,642 [INFO] PluginManage:359 - Loaded plugin power (category:power,tabindex:4)
2025-10-12 19:53:38,642 [INFO] PluginManage:310 - Check plugin projectmanager
2025-10-12 19:53:38,668 [INFO] PluginManage:359 - Loaded plugin projectmanager (category:projectmanager,tabindex:4)
2025-10-12 19:53:38,668 [INFO] PluginManage:310 - Check plugin rif
2025-10-12 19:53:38,683 [INFO] PluginManage:359 - Loaded plugin rif (category:base,tabindex:3)
2025-10-12 19:53:38,683 [INFO] PluginManage:310 - Check plugin thirdparty
2025-10-12 19:53:38,850 [INFO] PluginManage:359 - Loaded plugin thirdparty (category:base,tabindex:-1)
2025-10-12 19:53:38,850 [WARN] IntegrityCheckThread:84 - waiting for thirdparty lock release [integrity check]
2025-10-12 19:53:38,850 [INFO] PluginManage:310 - Check plugin tools
2025-10-12 19:53:38,852 [INFO] IntegrityCheckThread:86 - entering critical section [integrity check]
2025-10-12 19:53:38,852 [INFO] ThirdPartyUpdaterWithRetryManager:70 - Updater plugin not ready yet. [1/15]
2025-10-12 19:53:38,855 [INFO] PluginManage:359 - Loaded plugin tools (category:base,tabindex:7)
2025-10-12 19:53:38,855 [INFO] PluginManage:310 - Check plugin tutovideos
2025-10-12 19:53:39,074 [INFO] PluginManage:359 - Loaded plugin tutovideos (category:base,tabindex:-1)
2025-10-12 19:53:39,074 [INFO] PluginManage:310 - Check plugin updater
2025-10-12 19:53:39,097 [INFO] PluginManage:359 - Loaded plugin updater (category:base,tabindex:12)
2025-10-12 19:53:39,097 [INFO] PluginManage:310 - Check plugin userauth
2025-10-12 19:53:39,102 [INFO] UserAuth:118 - Init User Auth plugin
2025-10-12 19:53:39,103 [INFO] PluginManage:359 - Loaded plugin userauth (category:base,tabindex:14)
2025-10-12 19:53:39,104 [INFO] PluginManage:283 - PluginManage : Loaded plugins [18]
2025-10-12 19:53:39,333 [INFO] PinOutPanel:1589 - setPackage(No Configuration,No Configuration)
2025-10-12 19:53:39,433 [INFO] CADModel:165 - CPN selected for project level
2025-10-12 19:53:39,433 [INFO] CADModel:114 - Register for checkConnection events
2025-10-12 19:53:39,455 [INFO] IPUIPlugin:80 - create IPUIPlugin
2025-10-12 19:53:39,455 [INFO] PluginManager:220 - loadIPPluginJar : add adc
2025-10-12 19:53:39,457 [INFO] IPUIPlugin:80 - create IPUIPlugin
2025-10-12 19:53:39,457 [INFO] PluginManager:220 - loadIPPluginJar : add aes
2025-10-12 19:53:39,462 [INFO] IPUIPlugin:80 - create IPUIPlugin
2025-10-12 19:53:39,462 [INFO] PluginManager:220 - loadIPPluginJar : add can
2025-10-12 19:53:39,465 [INFO] IPUIPlugin:80 - create IPUIPlugin
2025-10-12 19:53:39,465 [INFO] PluginManager:220 - loadIPPluginJar : add comp
2025-10-12 19:53:39,468 [INFO] IPUIPlugin:80 - create IPUIPlugin
2025-10-12 19:53:39,468 [INFO] PluginManager:220 - loadIPPluginJar : add cryp
2025-10-12 19:53:39,472 [INFO] IPUIPlugin:80 - create IPUIPlugin
2025-10-12 19:53:39,472 [INFO] PluginManager:220 - loadIPPluginJar : add ddr_ctrl_phy
2025-10-12 19:53:39,476 [INFO] IPUIPlugin:80 - create IPUIPlugin
2025-10-12 19:53:39,477 [INFO] PluginManager:220 - loadIPPluginJar : add dfsdm
2025-10-12 19:53:39,483 [INFO] IPUIPlugin:80 - create IPUIPlugin
2025-10-12 19:53:39,484 [INFO] PluginManager:220 - loadIPPluginJar : add dma
2025-10-12 19:53:39,488 [INFO] IPUIPlugin:80 - create IPUIPlugin
2025-10-12 19:53:39,488 [INFO] PluginManager:220 - loadIPPluginJar : add dma3
2025-10-12 19:53:39,493 [INFO] IPUIPlugin:80 - create IPUIPlugin
2025-10-12 19:53:39,493 [INFO] PluginManager:220 - loadIPPluginJar : add extmemmanager
2025-10-12 19:53:39,495 [INFO] IPUIPlugin:80 - create IPUIPlugin
2025-10-12 19:53:39,495 [INFO] PluginManager:220 - loadIPPluginJar : add fatfs
2025-10-12 19:53:39,498 [INFO] IPUIPlugin:80 - create IPUIPlugin
2025-10-12 19:53:39,500 [INFO] PluginManager:220 - loadIPPluginJar : add fmc
2025-10-12 19:53:39,507 [INFO] IPUIPlugin:80 - create IPUIPlugin
2025-10-12 19:53:39,508 [INFO] PluginManager:220 - loadIPPluginJar : add freertos
2025-10-12 19:53:39,510 [INFO] IPUIPlugin:80 - create IPUIPlugin
2025-10-12 19:53:39,510 [INFO] PluginManager:220 - loadIPPluginJar : add genericplugin
2025-10-12 19:53:39,513 [INFO] IPUIPlugin:80 - create IPUIPlugin
2025-10-12 19:53:39,514 [INFO] PluginManager:220 - loadIPPluginJar : add gfxmmu
2025-10-12 19:53:39,519 [INFO] IPUIPlugin:80 - create IPUIPlugin
2025-10-12 19:53:39,519 [INFO] PluginManager:220 - loadIPPluginJar : add gic
2025-10-12 19:53:39,524 [INFO] IPUIPlugin:80 - create IPUIPlugin
2025-10-12 19:53:39,525 [INFO] PluginManager:220 - loadIPPluginJar : add gpio
2025-10-12 19:53:39,527 [INFO] IPUIPlugin:80 - create IPUIPlugin
2025-10-12 19:53:39,527 [INFO] PluginManager:220 - loadIPPluginJar : add gtzc
2025-10-12 19:53:39,531 [INFO] IPUIPlugin:80 - create IPUIPlugin
2025-10-12 19:53:39,531 [INFO] PluginManager:220 - loadIPPluginJar : add hash
2025-10-12 19:53:39,534 [INFO] IPUIPlugin:80 - create IPUIPlugin
2025-10-12 19:53:39,534 [INFO] PluginManager:220 - loadIPPluginJar : add i2c
2025-10-12 19:53:39,538 [INFO] IPUIPlugin:80 - create IPUIPlugin
2025-10-12 19:53:39,538 [INFO] PluginManager:220 - loadIPPluginJar : add i2s
2025-10-12 19:53:39,542 [INFO] IPUIPlugin:80 - create IPUIPlugin
2025-10-12 19:53:39,544 [INFO] PluginManager:220 - loadIPPluginJar : add i3c
2025-10-12 19:53:39,547 [INFO] IPUIPlugin:80 - create IPUIPlugin
2025-10-12 19:53:39,547 [INFO] PluginManager:220 - loadIPPluginJar : add ipddr
2025-10-12 19:53:39,557 [INFO] IPUIPlugin:80 - create IPUIPlugin
2025-10-12 19:53:39,557 [INFO] PluginManager:220 - loadIPPluginJar : add linkedlist
2025-10-12 19:53:39,561 [INFO] IPUIPlugin:80 - create IPUIPlugin
2025-10-12 19:53:39,562 [INFO] PluginManager:220 - loadIPPluginJar : add lorawan
2025-10-12 19:53:39,564 [INFO] IPUIPlugin:80 - create IPUIPlugin
2025-10-12 19:53:39,564 [INFO] PluginManager:220 - loadIPPluginJar : add ltdc
2025-10-12 19:53:39,572 [INFO] IPUIPlugin:80 - create IPUIPlugin
2025-10-12 19:53:39,572 [INFO] PluginManager:220 - loadIPPluginJar : add mdma
2025-10-12 19:53:39,579 [INFO] IPUIPlugin:80 - create IPUIPlugin
2025-10-12 19:53:39,579 [INFO] PluginManager:220 - loadIPPluginJar : add nvic
2025-10-12 19:53:39,583 [INFO] IPUIPlugin:80 - create IPUIPlugin
2025-10-12 19:53:39,583 [INFO] PluginManager:220 - loadIPPluginJar : add opamp
2025-10-12 19:53:39,589 [INFO] IPUIPlugin:80 - create IPUIPlugin
2025-10-12 19:53:39,589 [INFO] PluginManager:220 - loadIPPluginJar : add openamp
2025-10-12 19:53:39,594 [INFO] IPUIPlugin:80 - create IPUIPlugin
2025-10-12 19:53:39,594 [INFO] PluginManager:220 - loadIPPluginJar : add pdm2pcm
2025-10-12 19:53:39,602 [INFO] IPUIPlugin:80 - create IPUIPlugin
2025-10-12 19:53:39,606 [INFO] PluginManager:220 - loadIPPluginJar : add plateformsettings
2025-10-12 19:53:39,609 [INFO] IPUIPlugin:80 - create IPUIPlugin
2025-10-12 19:53:39,610 [INFO] PluginManager:220 - loadIPPluginJar : add quadspi
2025-10-12 19:53:39,613 [INFO] IPUIPlugin:80 - create IPUIPlugin
2025-10-12 19:53:39,614 [INFO] PluginManager:220 - loadIPPluginJar : add radio
2025-10-12 19:53:39,620 [INFO] IPUIPlugin:80 - create IPUIPlugin
2025-10-12 19:53:39,620 [INFO] PluginManager:220 - loadIPPluginJar : add resmgrutility
2025-10-12 19:53:39,625 [INFO] IPUIPlugin:80 - create IPUIPlugin
2025-10-12 19:53:39,625 [INFO] PluginManager:220 - loadIPPluginJar : add sai
2025-10-12 19:53:39,629 [INFO] IPUIPlugin:80 - create IPUIPlugin
2025-10-12 19:53:39,629 [INFO] PluginManager:220 - loadIPPluginJar : add spi
2025-10-12 19:53:39,639 [INFO] IPUIPlugin:80 - create IPUIPlugin
2025-10-12 19:53:39,640 [INFO] PluginManager:220 - loadIPPluginJar : add stm32_wpan
2025-10-12 19:53:39,643 [INFO] IPUIPlugin:80 - create IPUIPlugin
2025-10-12 19:53:39,643 [INFO] PluginManager:220 - loadIPPluginJar : add tim
2025-10-12 19:53:39,650 [INFO] IPUIPlugin:80 - create IPUIPlugin
2025-10-12 19:53:39,651 [INFO] PluginManager:220 - loadIPPluginJar : add touchsensing
2025-10-12 19:53:39,655 [INFO] IPUIPlugin:80 - create IPUIPlugin
2025-10-12 19:53:39,655 [INFO] PluginManager:220 - loadIPPluginJar : add tracer_emb
2025-10-12 19:53:39,658 [INFO] IPUIPlugin:80 - create IPUIPlugin
2025-10-12 19:53:39,658 [INFO] PluginManager:220 - loadIPPluginJar : add ts
2025-10-12 19:53:39,661 [INFO] IPUIPlugin:80 - create IPUIPlugin
2025-10-12 19:53:39,661 [INFO] PluginManager:220 - loadIPPluginJar : add tsc
2025-10-12 19:53:39,664 [INFO] IPUIPlugin:80 - create IPUIPlugin
2025-10-12 19:53:39,664 [INFO] PluginManager:220 - loadIPPluginJar : add ucpd
2025-10-12 19:53:39,668 [INFO] IPUIPlugin:80 - create IPUIPlugin
2025-10-12 19:53:39,668 [INFO] PluginManager:220 - loadIPPluginJar : add usart
2025-10-12 19:53:39,673 [INFO] IPUIPlugin:80 - create IPUIPlugin
2025-10-12 19:53:39,673 [INFO] PluginManager:220 - loadIPPluginJar : add usbx
2025-10-12 19:53:39,810 [FATAL] Updater:351 - Updater called before beeing initialized
2025-10-12 19:53:39,838 [INFO] RulesReader:64 - Compatibility file has been processed (317 Rules)
2025-10-12 19:53:39,851 [INFO] RulesReader:64 - Compatibility file has been processed (317 Rules)
2025-10-12 19:53:39,862 [INFO] CADModel:165 - CPN selected for project level
2025-10-12 19:53:39,862 [INFO] CADModel:114 - Register for checkConnection events
2025-10-12 19:53:39,862 [FATAL] Updater:351 - Updater called before beeing initialized
2025-10-12 19:53:39,862 [ERROR] CADModel:125 - Updater not yet initialized, retry later 
2025-10-12 19:53:40,037 [FATAL] Updater:351 - Updater called before beeing initialized
2025-10-12 19:53:40,040 [INFO] CADModel:165 - CPN selected for project level
2025-10-12 19:53:40,041 [INFO] CADModel:114 - Register for checkConnection events
2025-10-12 19:53:40,041 [FATAL] Updater:351 - Updater called before beeing initialized
2025-10-12 19:53:40,041 [ERROR] CADModel:125 - Updater not yet initialized, retry later 
2025-10-12 19:53:40,045 [FATAL] Updater:351 - Updater called before beeing initialized
2025-10-12 19:53:40,175 [FATAL] Updater:351 - Updater called before beeing initialized
2025-10-12 19:53:40,180 [INFO] DbMcusAds:53 - JSON generation date=Thu Oct 02 06:36:05 ART 2025 (1759397765645)
2025-10-12 19:53:40,180 [FATAL] Updater:351 - Updater called before beeing initialized
2025-10-12 19:53:40,223 [WARN] DetailPanel:346 - Failed to get advertising image, set to default
2025-10-12 19:53:40,298 [FATAL] Updater:351 - Updater called before beeing initialized
2025-10-12 19:53:40,300 [FATAL] Updater:351 - Updater called before beeing initialized
2025-10-12 19:53:40,300 [FATAL] Updater:351 - Updater called before beeing initialized
2025-10-12 19:53:40,300 [WARN] DetailPanel:346 - Failed to get advertising image, set to default
2025-10-12 19:53:40,301 [FATAL] Updater:351 - Updater called before beeing initialized
2025-10-12 19:53:40,344 [ERROR] Updater:1198 - MainUpdater not yet initialized. External WinMGr cannot be set.
2025-10-12 19:53:40,346 [INFO] Updater:1134 - Updater Version found : 6.15.0
2025-10-12 19:53:40,366 [INFO] ApplicationProperties:184 - Using Application install path: C:\ST\STM32CubeIDE_1.19.0\STM32CubeIDE\plugins\com.st.stm32cube.common.mx_6.15.0.202507011659
2025-10-12 19:53:41,852 [INFO] ThirdPartyUpdaterWithRetryManager:70 - Updater plugin not ready yet. [2/15]
2025-10-12 19:53:41,935 [ERROR] LogOutputStream:75 - [STDERR_REDIRECT] Oct 12, 2025 7:53:41 PM java.util.prefs.WindowsPreferences <init>
2025-10-12 19:53:41,937 [ERROR] LogOutputStream:75 - [STDERR_REDIRECT] WARNING: Could not open/create prefs root node Software\JavaSoft\Prefs at root 0xffffffff80000002. Windows RegCreateKeyEx(...) returned error code 5.
2025-10-12 19:53:41,937 [ERROR] LogOutputStream:75 - [STDERR_REDIRECT] 
2025-10-12 19:53:42,217 [INFO] MainUpdater:2872 - connection check result : 10
2025-10-12 19:53:42,218 [INFO] MainUpdater:289 - Updater Check For Update Now.
2025-10-12 19:53:42,218 [INFO] MicroXplorer:498 - Change Database Version : DB.6.0.150
2025-10-12 19:53:42,225 [INFO] McuFinderGlobals:63 - Set McuFinder mode to 2 (CubeIDE integrated)
2025-10-12 19:53:42,227 [INFO] UserAuth:487 - Internet connection configuration mode: 1
2025-10-12 19:53:42,261 [INFO] JxBrowserEngine:152 - Initiate JxBrowser Engine with user profile folder
2025-10-12 19:53:42,412 [INFO] CheckServerUpdateThread:120 - End of CheckServer Thread
2025-10-12 19:53:43,393 [INFO] WebApp:169 - Instantiating new browser for Auth
2025-10-12 19:53:44,271 [INFO] WebApp:463 - Apply proxy settings
2025-10-12 19:53:44,272 [INFO] WebApp:548 - Chromium requires no authentication
2025-10-12 19:53:44,310 [INFO] WebApp:491 - Direct internet connection detected
2025-10-12 19:53:44,379 [INFO] WebApp:900 - Register for checkConnection events
2025-10-12 19:53:44,380 [INFO] WebApp:463 - Apply proxy settings
2025-10-12 19:53:44,380 [INFO] WebApp:548 - Chromium requires no authentication
2025-10-12 19:53:44,380 [INFO] WebApp:491 - Direct internet connection detected
2025-10-12 19:53:44,583 [INFO] WebApp:191 - Connection restablished
2025-10-12 19:53:44,720 [INFO] WebApp:225 - Starting web application
2025-10-12 19:53:44,720 [INFO] WebApp:593 - Web application path used C:\ST\STM32CubeIDE_1.19.0\STM32CubeIDE\plugins\com.st.stm32cube.common.mx_6.15.0.202507011659\db\plugins\mcufinder\reactClient1\index.html
2025-10-12 19:53:44,827 [INFO] UserAuth:487 - Internet connection configuration mode: 1
2025-10-12 19:53:45,224 [WARN] PackLoader:240 - Cannot read IP mode file for STMicroelectronics.FP-SNS-MOTENVWB1.1.4.0
2025-10-12 19:53:45,240 [WARN] PackLoader:240 - Cannot read IP mode file for STMicroelectronics.FP-ATR-ASTRA1.2.0.2
2025-10-12 19:53:45,250 [WARN] PackLoader:240 - Cannot read IP mode file for STMicroelectronics.X-CUBE-SMBUS.2.1.0
2025-10-12 19:53:45,256 [WARN] PackLoader:240 - Cannot read IP mode file for STMicroelectronics.X-CUBE-ST60.1.0.0
2025-10-12 19:53:45,299 [WARN] PackLoader:240 - Cannot read IP mode file for STMicroelectronics.X-CUBE-AZRTOS-F7.1.1.0
2025-10-12 19:53:45,310 [WARN] PackLoader:240 - Cannot read IP mode file for Cesanta.I-CUBE-Mongoose.7.19.0
2025-10-12 19:53:45,323 [WARN] PackLoader:240 - Cannot read IP mode file for WES.I-CUBE-Cesium.1.4.0
2025-10-12 19:53:45,353 [WARN] PackLoader:240 - Cannot read IP mode file for Infineon.AIROC-Wi-Fi-Bluetooth-STM32.1.7.1
2025-10-12 19:53:45,397 [WARN] PackLoader:240 - Cannot read IP mode file for STMicroelectronics.X-CUBE-AZRTOS-H7.3.4.0
2025-10-12 19:53:45,412 [WARN] PackLoader:240 - Cannot read IP mode file for STMicroelectronics.X-CUBE-DISPLAY.3.0.0
2025-10-12 19:53:45,434 [WARN] PackLoader:240 - Cannot read IP mode file for STMicroelectronics.X-CUBE-NFC10.1.0.0
2025-10-12 19:53:45,600 [WARN] PackLoader:240 - Cannot read IP mode file for emotas.I-CUBE-CANOPEN.1.3.0
2025-10-12 19:53:45,612 [WARN] PackLoader:240 - Cannot read IP mode file for STMicroelectronics.FP-SNS-STBOX1.2.1.0
2025-10-12 19:53:45,622 [WARN] PackLoader:240 - Cannot read IP mode file for STMicroelectronics.FP-SNS-SMARTAG2.1.2.0
2025-10-12 19:53:45,629 [WARN] PackLoader:240 - Cannot read IP mode file for STMicroelectronics.FP-SNS-FLIGHT1.5.1.0
2025-10-12 19:53:45,642 [INFO] LogOutputStream:77 - [STDOUT_REDIRECT] 1 : Invalid condition id : UX_CORESTACK_Condition cause : null
2025-10-12 19:53:45,643 [INFO] LogOutputStream:77 - [STDOUT_REDIRECT] 1 : Invalid condition id : UX_CORESTACK_Condition cause : null
2025-10-12 19:53:45,645 [INFO] LogOutputStream:77 - [STDOUT_REDIRECT] 1 : Invalid condition id : UX_CORESTACK_Condition cause : null
2025-10-12 19:53:45,646 [INFO] LogOutputStream:77 - [STDOUT_REDIRECT] 1 : Invalid condition id : UX_CORESTACK_Condition cause : null
2025-10-12 19:53:45,648 [INFO] LogOutputStream:77 - [STDOUT_REDIRECT] 1 : Invalid condition id : UX_CORESTACK_Condition cause : null
2025-10-12 19:53:45,653 [WARN] PackLoader:240 - Cannot read IP mode file for STMicroelectronics.X-CUBE-AZRTOS-WL.2.0.0
2025-10-12 19:53:45,661 [WARN] PackLoader:240 - Cannot read IP mode file for STMicroelectronics.FP-SNS-MOTENV1.5.0.0
2025-10-12 19:53:45,668 [WARN] PackLoader:240 - Cannot read IP mode file for STMicroelectronics.X-CUBE-BLE2.3.3.0
2025-10-12 19:53:45,679 [WARN] PackLoader:240 - Cannot read IP mode file for STMicroelectronics.X-CUBE-NFC9.1.0.0
2025-10-12 19:53:45,689 [WARN] PackLoader:240 - Cannot read IP mode file for wolfSSL.I-CUBE-wolfSSL.5.8.2
2025-10-12 19:53:45,696 [WARN] PackLoader:240 - Cannot read IP mode file for STMicroelectronics.X-CUBE-BLE1.7.1.0
2025-10-12 19:53:45,700 [WARN] PackLoader:240 - Cannot read IP mode file for wolfSSL.I-CUBE-wolfMQTT.1.19.2
2025-10-12 19:53:45,709 [WARN] PackLoader:240 - Cannot read IP mode file for STMicroelectronics.X-CUBE-EEPRMA1.5.2.0
2025-10-12 19:53:45,717 [WARN] PackLoader:240 - Cannot read IP mode file for STMicroelectronics.X-CUBE-ST67W61.1.1.0
2025-10-12 19:53:45,735 [WARN] PackLoader:240 - Cannot read IP mode file for STMicroelectronics.X-CUBE-AZRTOS-G0.1.1.0
2025-10-12 19:53:45,746 [WARN] PackLoader:240 - Cannot read IP mode file for STMicroelectronics.X-CUBE-SAFEA1.1.2.2
2025-10-12 19:53:45,753 [WARN] PackLoader:240 - Cannot read IP mode file for STMicroelectronics.X-CUBE-NFC4.3.0.0
2025-10-12 19:53:45,764 [WARN] PackLoader:240 - Cannot read IP mode file for EmbeddedOffice.I-CUBE-FS-RTOS.1.0.1
2025-10-12 19:53:45,773 [WARN] PackLoader:240 - Cannot read IP mode file for STMicroelectronics.X-CUBE-WB05N.2.0.0
2025-10-12 19:53:45,779 [WARN] PackLoader:240 - Cannot read IP mode file for wolfSSL.I-CUBE-wolfTPM.3.8.0
2025-10-12 19:53:45,784 [WARN] PackLoader:240 - Cannot read IP mode file for STMicroelectronics.X-CUBE-TCPP.4.2.0
2025-10-12 19:53:45,793 [WARN] PackLoader:240 - Cannot read IP mode file for RealThread.X-CUBE-RT-Thread_Nano.4.1.1
2025-10-12 19:53:45,798 [WARN] PackLoader:240 - Cannot read IP mode file for STMicroelectronics.FP-ATR-SIGFOX1.3.2.0
2025-10-12 19:53:45,809 [WARN] PackLoader:240 - Cannot read IP mode file for ITTIA_DB.I-CUBE-ITTIADB.8.9.0
2025-10-12 19:53:45,823 [WARN] PackLoader:240 - Cannot read IP mode file for STMicroelectronics.X-CUBE-ST67W61.1.0.0
2025-10-12 19:53:45,833 [WARN] PackLoader:240 - Cannot read IP mode file for STMicroelectronics.X-CUBE-AI.10.2.0
2025-10-12 19:53:45,863 [WARN] PackLoader:240 - Cannot read IP mode file for SEGGER.I-CUBE-embOS.1.3.1
2025-10-12 19:53:45,932 [WARN] PackLoader:240 - Cannot read IP mode file for STMicroelectronics.X-CUBE-ALGOBUILD.1.4.0
2025-10-12 19:53:45,999 [WARN] PackLoader:240 - Cannot read IP mode file for STMicroelectronics.X-CUBE-MEMS1.11.3.0
2025-10-12 19:53:46,312 [WARN] PackLoader:240 - Cannot read IP mode file for STMicroelectronics.X-CUBE-PM33A1.1.0.0
2025-10-12 19:53:46,329 [WARN] PackLoader:240 - Cannot read IP mode file for STMicroelectronics.X-CUBE-AZRTOS-F4.1.1.0
2025-10-12 19:53:46,338 [WARN] PackLoader:240 - Cannot read IP mode file for Avnet-IotConnect.X-CUBE-IoTC-DA16k-PMOD.1.0.0
2025-10-12 19:53:46,345 [WARN] PackLoader:240 - Cannot read IP mode file for STMicroelectronics.X-CUBE-ISPU.2.1.0
2025-10-12 19:53:46,362 [WARN] PackLoader:240 - Cannot read IP mode file for STMicroelectronics.X-CUBE-IPS.3.2.0
2025-10-12 19:53:46,376 [WARN] PackLoader:240 - Cannot read IP mode file for STMicroelectronics.X-CUBE-NFC12.1.0.0
2025-10-12 19:53:46,396 [WARN] PackLoader:240 - Cannot read IP mode file for STMicroelectronics.X-CUBE-AZRTOS-L5.2.0.0
2025-10-12 19:53:46,410 [WARN] PackLoader:240 - Cannot read IP mode file for STMicroelectronics.X-CUBE-NFC6.3.1.0
2025-10-12 19:53:46,420 [WARN] PackLoader:240 - Cannot read IP mode file for STMicroelectronics.X-CUBE-FREERTOS.1.3.1
2025-10-12 19:53:46,425 [WARN] PackLoader:240 - Cannot read IP mode file for STMicroelectronics.X-CUBE-TOUCHGFX.4.26.0
2025-10-12 19:53:46,432 [WARN] PackLoader:240 - Cannot read IP mode file for STMicroelectronics.FP-SNS-STAIOTCFT.1.0.0
2025-10-12 19:53:46,440 [WARN] PackLoader:240 - Cannot read IP mode file for STMicroelectronics.X-CUBE-DPower.1.3.0
2025-10-12 19:53:46,456 [WARN] ConditionMgr:438 - getConditionDescription Invalid condition id : LAN8742 Phy interface Condition cause : null
2025-10-12 19:53:46,457 [WARN] PackLoader:240 - Cannot read IP mode file for STMicroelectronics.X-CUBE-AZRTOS-L4.2.0.0
2025-10-12 19:53:46,458 [WARN] ConditionMgr:1044 - genDependencies : Invalid condition id : LAN8742 Phy interface Condition cause : null
2025-10-12 19:53:46,458 [WARN] ConditionMgr:1044 - genDependencies : Invalid condition id : LAN8742 Phy interface Condition cause : null
2025-10-12 19:53:46,458 [WARN] ConditionMgr:1044 - genDependencies : Invalid condition id : LAN8742 Phy interface Condition cause : null
2025-10-12 19:53:46,466 [WARN] PackLoader:240 - Cannot read IP mode file for STMicroelectronics.X-CUBE-SFXS2LP1.4.0.0
2025-10-12 19:53:46,477 [WARN] PackLoader:240 - Cannot read IP mode file for STMicroelectronics.X-CUBE-BLEMGR.4.1.0
2025-10-12 19:53:46,496 [WARN] ConditionMgr:438 - getConditionDescription Invalid condition id : UX DEVICE CLASS RTOS Condition cause : null
2025-10-12 19:53:46,497 [WARN] ConditionMgr:438 - getConditionDescription Invalid condition id : UX DEVICE CLASS RTOS Condition cause : null
2025-10-12 19:53:46,498 [WARN] PackLoader:240 - Cannot read IP mode file for STMicroelectronics.X-CUBE-AZRTOS-WB.2.0.0
2025-10-12 19:53:46,500 [WARN] ConditionMgr:1044 - genDependencies : Invalid condition id : UX DEVICE CLASS RTOS Condition cause : null
2025-10-12 19:53:46,500 [WARN] ConditionMgr:1044 - genDependencies : Invalid condition id : UX DEVICE CLASS RTOS Condition cause : null
2025-10-12 19:53:46,501 [WARN] ConditionMgr:1044 - genDependencies : Invalid condition id : UX DEVICE CLASS RTOS Condition cause : null
2025-10-12 19:53:46,501 [WARN] ConditionMgr:1044 - genDependencies : Invalid condition id : UX DEVICE CLASS RTOS Condition cause : null
2025-10-12 19:53:46,501 [WARN] ConditionMgr:1044 - genDependencies : Invalid condition id : UX DEVICE CLASS RTOS Condition cause : null
2025-10-12 19:53:46,511 [WARN] PackLoader:240 - Cannot read IP mode file for STMicroelectronics.X-CUBE-GNSS1.7.0.1
2025-10-12 19:53:46,518 [WARN] PackLoader:240 - Cannot read IP mode file for STMicroelectronics.X-CUBE-TOUCHGFX.4.25.0
2025-10-12 19:53:46,524 [WARN] ConditionMgr:438 - getConditionDescription Invalid condition id : Cortex-A Device cause : null
2025-10-12 19:53:46,536 [WARN] ConditionMgr:1044 - genDependencies : Invalid condition id : Cortex-A Device cause : null
2025-10-12 19:53:46,537 [WARN] ConditionMgr:1044 - genDependencies : Invalid condition id : Cortex-A Device cause : null
2025-10-12 19:53:46,537 [WARN] ConditionMgr:1044 - genDependencies : Invalid condition id : Cortex-A Device cause : null
2025-10-12 19:53:46,555 [WARN] PackLoader:240 - Cannot read IP mode file for STMicroelectronics.X-CUBE-SUBG2.5.0.0
2025-10-12 19:53:46,585 [WARN] PackLoader:240 - Cannot read IP mode file for STMicroelectronics.X-CUBE-AZRTOS-H7RS.1.1.0
2025-10-12 19:53:46,592 [WARN] PackLoader:240 - Cannot read IP mode file for Cesanta.I-CUBE-Mongoose.7.13.0
2025-10-12 19:53:46,610 [WARN] PackLoader:240 - Cannot read IP mode file for STMicroelectronics.X-CUBE-AZRTOS-G4.2.0.0
2025-10-12 19:53:46,619 [WARN] PackLoader:240 - Cannot read IP mode file for wolfSSL.I-CUBE-wolfSSH.1.4.20
2025-10-12 19:53:46,626 [WARN] PackLoader:240 - Cannot read IP mode file for STMicroelectronics.X-CUBE-NFC7.2.0.0
2025-10-12 19:53:46,658 [WARN] PackLoader:240 - Cannot read IP mode file for STMicroelectronics.X-CUBE-IPS.3.1.0
2025-10-12 19:53:46,676 [WARN] PackLoader:240 - Cannot read IP mode file for STMicroelectronics.X-CUBE-ALS.1.0.2
2025-10-12 19:53:46,687 [WARN] PackLoader:240 - Cannot read IP mode file for STMicroelectronics.X-CUBE-STSE01.1.0.0
2025-10-12 19:53:46,697 [WARN] PackLoader:240 - Cannot read IP mode file for portGmbH.I-Cube-SoM-uGOAL.1.1.0
2025-10-12 19:53:46,712 [WARN] PackLoader:240 - Cannot read IP mode file for STMicroelectronics.X-CUBE-TOF1.3.4.3
2025-10-12 19:53:46,730 [INFO] ThirdParty:978 - Integrity check success = true
2025-10-12 19:53:46,730 [INFO] IntegrityCheckThread:100 - exiting critical section [integrity check]
2025-10-12 19:53:46,730 [INFO] IntegrityCheckThread:103 - End integrity checks thread
2025-10-12 20:14:47,844 [INFO] McuFinderGlobals:63 - Set McuFinder mode to 2 (CubeIDE integrated)
2025-10-12 20:14:47,850 [INFO] MainUpdater:2872 - connection check result : 10
2025-10-12 20:14:47,852 [INFO] MainUpdater:2872 - connection check result : 10
2025-10-12 20:14:47,894 [INFO] MicroXplorer:468 - Change Database Path : 
2025-10-12 20:14:47,894 [INFO] MicroXplorer:498 - Change Database Version : DB.6.0.150
2025-10-12 20:14:47,900 [WARN] ThirdParty:871 - waiting for thirdparty lock release [close project]
2025-10-12 20:14:47,900 [INFO] ThirdParty:873 - entering critical section [close project]
2025-10-12 20:14:47,901 [INFO] ThirdParty:883 - exiting critical section [close project]
2025-10-12 20:14:47,905 [INFO] PinOutPanel:1589 - setPackage(No Configuration,No Configuration)
2025-10-12 20:14:47,908 [INFO] UtilMem:75 - Begin LoadConfig() Used Memory: 525991592 Bytes (741343232)
2025-10-12 20:14:47,909 [INFO] MicroXplorer:468 - Change Database Path : 
2025-10-12 20:14:47,909 [INFO] MicroXplorer:498 - Change Database Version : DB.6.0.150
2025-10-12 20:14:47,909 [INFO] OpenFileManager:355 - Change cursor
2025-10-12 20:14:47,971 [INFO] Mcu:2029 - Initializing MCU STM32F446R(C-E)Tx STM32F446RETx STM32F446RET6
2025-10-12 20:14:49,394 [INFO] Context:786 - Trying to add GPIOservice into a context  which must be forbidden
2025-10-12 20:14:49,913 [INFO] ImportTextPane:234 - (OptionalMessage_ERROR) Pin12 (VP_RIF_VS_RIF1) cannot be retrieved for this MCU
2025-10-12 20:14:49,994 [INFO] RtosManager:558 - Registered RTOS mode: class=CMSIS, group=RTOS, mode=CMSIS_V1, owner=FREERTOS
2025-10-12 20:14:49,994 [INFO] RtosManager:558 - Registered RTOS mode: class=CMSIS, group=RTOS2, mode=CMSIS_V2, owner=FREERTOS
2025-10-12 20:14:49,994 [INFO] RtosManager:558 - Registered RTOS mode: class=RTOS, group=Core, mode=CMSIS_V1, owner=FREERTOS
2025-10-12 20:14:49,994 [INFO] RtosManager:558 - Registered RTOS mode: class=RTOS, group=Core, mode=CMSIS_V2, owner=FREERTOS
2025-10-12 20:14:49,994 [WARN] ModelIntegratedComponent:184 - Missing modes for component STMicroelectronics:FreeRTOS:0.0.1:STMicroelectronics:RTOS:FreeRTOS:Core:::10.2.0:
2025-10-12 20:14:50,013 [WARN] ModelIntegratedComponent:63 - No mode defined for component null
2025-10-12 20:14:50,013 [WARN] ModelIntegratedComponent:63 - No mode defined for component null
2025-10-12 20:14:50,013 [WARN] ModelIntegratedComponent:63 - No mode defined for component null
2025-10-12 20:14:50,013 [WARN] ModelIntegratedComponent:63 - No mode defined for component null
2025-10-12 20:14:50,013 [WARN] ModelIntegratedComponent:63 - No mode defined for component null
2025-10-12 20:14:50,013 [WARN] ModelIntegratedComponent:63 - No mode defined for component null
2025-10-12 20:14:50,014 [WARN] ModelIntegratedComponent:63 - No mode defined for component null
2025-10-12 20:14:50,014 [WARN] ModelIntegratedComponent:63 - No mode defined for component null
2025-10-12 20:14:50,014 [WARN] ModelIntegratedComponent:63 - No mode defined for component null
2025-10-12 20:14:50,014 [WARN] ModelIntegratedComponent:63 - No mode defined for component null
2025-10-12 20:14:50,014 [WARN] ModelIntegratedComponent:63 - No mode defined for component null
2025-10-12 20:14:50,014 [WARN] ModelIntegratedComponent:63 - No mode defined for component null
2025-10-12 20:14:50,014 [WARN] ModelIntegratedComponent:63 - No mode defined for component null
2025-10-12 20:14:50,014 [WARN] ModelIntegratedComponent:63 - No mode defined for component null
2025-10-12 20:14:50,014 [WARN] ModelIntegratedComponent:63 - No mode defined for component null
2025-10-12 20:14:50,014 [WARN] ModelIntegratedComponent:63 - No mode defined for component null
2025-10-12 20:14:50,014 [WARN] ModelIntegratedComponent:63 - No mode defined for component null
2025-10-12 20:14:50,014 [WARN] ModelIntegratedComponent:63 - No mode defined for component null
2025-10-12 20:14:50,014 [WARN] ModelIntegratedComponent:63 - No mode defined for component null
2025-10-12 20:14:50,014 [WARN] ModelIntegratedComponent:63 - No mode defined for component null
2025-10-12 20:14:50,014 [WARN] ModelIntegratedComponent:63 - No mode defined for component null
2025-10-12 20:14:50,014 [WARN] ModelIntegratedComponent:63 - No mode defined for component null
2025-10-12 20:14:50,014 [WARN] ModelIntegratedComponent:63 - No mode defined for component null
2025-10-12 20:14:50,014 [WARN] ModelIntegratedComponent:63 - No mode defined for component null
2025-10-12 20:14:50,015 [WARN] ModelIntegratedComponent:63 - No mode defined for component null
2025-10-12 20:14:50,015 [WARN] ModelIntegratedComponent:63 - No mode defined for component null
2025-10-12 20:14:50,015 [WARN] ModelIntegratedComponent:63 - No mode defined for component null
2025-10-12 20:14:50,015 [WARN] ModelIntegratedComponent:63 - No mode defined for component null
2025-10-12 20:14:50,015 [WARN] ModelIntegratedComponent:63 - No mode defined for component null
2025-10-12 20:14:50,015 [WARN] ModelIntegratedComponent:63 - No mode defined for component null
2025-10-12 20:14:50,015 [WARN] ModelIntegratedComponent:63 - No mode defined for component null
2025-10-12 20:14:50,015 [WARN] ModelIntegratedComponent:63 - No mode defined for component null
2025-10-12 20:14:50,015 [WARN] ModelIntegratedComponent:63 - No mode defined for component null
2025-10-12 20:14:50,015 [WARN] ModelIntegratedComponent:63 - No mode defined for component null
2025-10-12 20:14:50,015 [WARN] ModelIntegratedComponent:63 - No mode defined for component null
2025-10-12 20:14:50,015 [WARN] ModelPack:524 - Component already loaded: STMicroelectronics:HAL Drivers:0.0.0:STMicroelectronics:Device:STMicro_Driver:XSPI:HAL::0.0.1:HAL_XSPI
2025-10-12 20:14:50,095 [INFO] ThirdPartyModel:298 - Start build external matchings
2025-10-12 20:14:50,405 [INFO] ThirdPartyModel:316 - End build external matchings
2025-10-12 20:14:50,418 [INFO] ImportTextPane:234 - (OptionalMessage_ERROR) IP (RCC) : Invalid parameter (48MHZClocksFreq_Value)
2025-10-12 20:14:50,419 [INFO] ImportTextPane:234 - (OptionalMessage_ERROR) IP (RCC) : Invalid parameter (EthernetFreq_Value)
2025-10-12 20:14:50,419 [INFO] ImportTextPane:234 - (OptionalMessage_ERROR) IP (RCC) : Parameter (FLatency) has Id (AdvancedSettings) currently not set
2025-10-12 20:14:50,419 [INFO] ImportTextPane:234 - (OptionalMessage_ERROR) IP (RCC) : Invalid parameter (FamilyName)
2025-10-12 20:14:50,421 [INFO] ImportTextPane:234 - (OptionalMessage_ERROR) IP (RCC) : Invalid parameter (I2SClocksFreq_Value)
2025-10-12 20:14:50,421 [INFO] ImportTextPane:234 - (OptionalMessage_ERROR) IP (RCC) : Parameter (SDIOFreq_Value) has invalid value (168000000)
2025-10-12 20:14:50,421 [INFO] ImportTextPane:234 - (OptionalMessage_ERROR) IP (RCC) : Parameter (USBFreq_Value) has invalid value (168000000)
2025-10-12 20:14:50,422 [INFO] ImportTextPane:234 - (OptionalMessage_ERROR) IP (RCC) : Invalid parameter (VCOInputMFreq_Value)
2025-10-12 20:14:50,422 [INFO] ImportTextPane:234 - (OptionalMessage_ERROR) IP (RCC) : Invalid parameter (VcooutputI2S)
2025-10-12 20:14:50,783 [INFO] ApiDb:581 - Connected to CubeFinder SQLite database (C:\Users\Paulo\.stmcufinder\plugins\mcufinder\mcu\cube-finder-db.db)
2025-10-12 20:14:50,871 [INFO] ApiDb:668 - CubeFinder database Data Model version=2.1
2025-10-12 20:14:50,871 [INFO] ApiDb:669 - CubeFinder database Configuration version=3.0.39
2025-10-12 20:14:50,872 [INFO] ApiDb:670 - CubeFinder database generation date=2025-08-25 (1756130511)
2025-10-12 20:14:50,872 [INFO] ApiDb:671 - CubeFinder database FW Pack versions=[FP-ATR-ASTRA1_V2.0.0, FP-SNS-FLIGHT1_V5.1.0, FP-SNS-MOTENV1_V5.0.0, FP-SNS-MOTENVWB1_V1.4.0, FP-SNS-SMARTAG2_V1.2.0, FP-SNS-STBOX1_V2.1.0, STM32Cube_FW_C0_V1.4.0, STM32Cube_FW_F4_V1.28.3, STM32Cube_FW_F7_V1.17.4, STM32Cube_FW_G0_V1.6.2, STM32Cube_FW_G4_V1.6.1, STM32Cube_FW_H5_V1.5.0, STM32Cube_FW_H7RS_V1.2.0, STM32Cube_FW_H7_V1.12.1, STM32Cube_FW_L0_V1.12.2, STM32Cube_FW_L4_V1.18.1, STM32Cube_FW_L5_V1.5.1, STM32Cube_FW_N6_V1.2.0, STM32Cube_FW_U0_V1.3.0, STM32Cube_FW_U3_V1.2.0, STM32Cube_FW_U5_V1.8.0, STM32Cube_FW_WB0_V1.3.0, STM32Cube_FW_WBA_V1.7.0, STM32Cube_FW_WB_V1.23.0, STM32Cube_FW_WL3_V1.2.0, STM32Cube_FW_WL_V1.3.1, X-CUBE-ALGOBUILD_V1.4.0, X-CUBE-ALS_V1.0.2, X-CUBE-AZRTOS-F4_V1.1.0, X-CUBE-AZRTOS-F7_V1.1.0, X-CUBE-AZRTOS-G0_V1.1.0, X-CUBE-AZRTOS-G4_V2.0.0, X-CUBE-AZRTOS-H7RS_V1.1.0, X-CUBE-AZRTOS-H7_V3.4.0, X-CUBE-AZRTOS-L4_V2.0.0, X-CUBE-AZRTOS-L5_V2.0.0, X-CUBE-AZRTOS-WB_V2.0.0, X-CUBE-AZRTOS-WL_V2.0.0, X-CUBE-BLE1_V7.1.0, X-CUBE-BLE2_V3.3.0, X-CUBE-BLEMGR_V4.1.0, X-CUBE-EEPRMA1_V5.2.0, X-CUBE-FREERTOS_V1.3.1, X-CUBE-GNSS1_V6.0.0, X-CUBE-MEMS1_V11.3.0, X-CUBE-NFC4_V3.0.0, X-CUBE-NFC7_V2.0.0, X-CUBE-SFXS2LP1_V4.0.0, X-CUBE-ST67W61_V1.0.0, X-CUBE-SUBG2_V5.0.0, X-CUBE-TOF1_V3.4.3]
2025-10-12 20:14:50,973 [INFO] DbBoardsSqlite:226 - include board P-NUCLEO-WB55-NUCLEO as a kit item of type 'Nucleo-64'
2025-10-12 20:14:50,974 [INFO] DbBoardsSqlite:226 - include board P-NUCLEO-WB55-USBDONGLE as a kit item of type 'Nucleo USB Dongle'
2025-10-12 20:14:50,975 [INFO] DbBoardsSqlite:226 - include board STEVAL-IDP005V1 as a kit item of type 'Evaluation Board'
2025-10-12 20:14:50,975 [INFO] DbBoardsSqlite:226 - include board STEVAL-IDP005V2 as a kit item of type 'Evaluation Board'
2025-10-12 20:14:51,317 [INFO] ApiDb:240 - Found 880 in-development CPN: [B-G473E-ZEST1S, B-WB1M-WPAN1, B-WBA5M-WPAN, B-WL5M-SUBG1, NUCLEO-C031C6, NUCLEO-C051C8, NUCLEO-C071RB, NUCLEO-C092RC, NUCLEO-H503RB, NUCLEO-H533RE, NUCLEO-H563ZI, NUCLEO-H7S3L8, NUCLEO-N657X0-Q, NUCLEO-U031R8, NUCLEO-U083RC, NUCLEO-U385RG-Q, NUCLEO-U545RE-Q, NUCLEO-U5A5ZJ-Q, NUCLEO-WB05KZ, NUCLEO-WB07CC, NUCLEO-WB09KE, NUCLEO-WBA52CG, NUCLEO-WBA55CG, NUCLEO-WL33CC1, NUCLEO-WL33CC2, STEVAL-PROTEUS1, STEVAL-SMARTAG2, STEVAL-STWINBX1, STM320518-EVAL, STM32C0116-DK, STM32C011D6Y3TR, STM32C011D6Y6TR, STM32C011F4P3, STM32C011F4P6, STM32C011F4U3, STM32C011F4U6TR, STM32C011F6P3, STM32C011F6P6, STM32C011F6U3, STM32C011F6U6TR, STM32C011J4M3, STM32C011J4M6, STM32C011J6M3, STM32C011J6M6, STM32C0316-DK, STM32C031C4T3, STM32C031C4T6, STM32C031C4U3, STM32C031C4U6, STM32C031C6T3, STM32C031C6T6, STM32C031C6U3, STM32C031C6U6, STM32C031F4P3, STM32C031F4P6, STM32C031F6P3, STM32C031F6P6, STM32C031G4U3, STM32C031G4U6, STM32C031G6U3, STM32C031G6U6, STM32C031K4T3, STM32C031K4T6, STM32C031K4U3, STM32C031K4U6, STM32C031K6T3, STM32C031K6T6, STM32C031K6U3, STM32C031K6U6, STM32C051C6T6, STM32C051C6U6, STM32C051C8T6, STM32C051C8U6, STM32C051D8Y6TR, STM32C051F6P6, STM32C051F8P6, STM32C051G6U6, STM32C051G8U6, STM32C051K6T6, STM32C051K6U6, STM32C051K8T6, STM32C071C8T6, STM32C071C8T6N, STM32C071C8U6, STM32C071C8U6N, STM32C071CBT6, STM32C071CBT6N, STM32C071CBU6, STM32C071CBU6N, STM32C071F8P6, STM32C071F8P6N, STM32C071FBP6, STM32C071FBP6N, STM32C071FBY6TR, STM32C071G8U6, STM32C071G8U6N, STM32C071GBU6, STM32C071GBU6N, STM32C071K8T6, STM32C071K8T6N, STM32C071K8U6, STM32C071K8U6N, STM32C071KBT6, STM32C071KBT6N, STM32C071KBU6, STM32C071KBU6N, STM32C071R8T6, STM32C071R8T6N, STM32C071RBI6N, STM32C071RBT6, STM32C071RBT6N, STM32C091CBT6, STM32C091CBU6, STM32C091CCT6, STM32C091CCU6, STM32C091ECY6TR, STM32C091FBP6, STM32C091FCP6, STM32C091GBU6, STM32C091GCU6, STM32C091KBT6, STM32C091KBU6, STM32C091KCT6, STM32C091KCU6, STM32C091RBT6, STM32C091RCI6, STM32C091RCT6, STM32C092CBT6, STM32C092CBU6, STM32C092CCT6, STM32C092CCU6, STM32C092ECY6TR, STM32C092FBP6, STM32C092FCP6, STM32C092GBU6, STM32C092GCU6, STM32C092KBT6, STM32C092KBU6, STM32C092KCT6, STM32C092KCU6, STM32C092RBT6, STM32C092RCI6, STM32C092RCT6, STM32G071K8TXN, STM32G071K8UXN, STM32G081GBU6N, STM32G081KBT6N, STM32G081KBUXN, STM32G0B1CCT6N, STM32G0B1KCT6, STM32G0B1NEY6TR, STM32G0B1RCT6N, STM32G0C1CCT6, STM32G0C1CCT6N, STM32G0C1CCU6N, STM32G0C1CET6N, STM32G0C1CEU6N, STM32G0C1KCT6, STM32G0C1NEY6TR, STM32G0C1RCI6N, STM32G0C1RCT6N, STM32G0C1REI6N, STM32G0C1RET6N, STM32G0C1VCI6, STM32G0C1VEI6, STM32G411C6T3, STM32G411C6T6, STM32G411C6U3, STM32G411C6U6, STM32G411C8T3, STM32G411C8T6, STM32G411C8U3, STM32G411C8U6, STM32G411CBT3, STM32G411CBT6, STM32G411CBU3, STM32G411CBU6, STM32G411K6T3, STM32G411K6T6, STM32G411K6U3, STM32G411K6U6, STM32G411K8T3, STM32G411K8T6, STM32G411K8U3, STM32G411K8U6, STM32G411KBT3, STM32G411KBT6, STM32G411KBU3, STM32G411KBU6, STM32G411M6T3, STM32G411M6T6, STM32G411M8T3, STM32G411M8T6, STM32G411MBT3, STM32G411MBT6, STM32G411R6T3, STM32G411R6T6, STM32G411R8T3, STM32G411R8T6, STM32G411RBT3, STM32G411RBT6, STM32G414CBT3, STM32G414CBT6, STM32G414CBU3, STM32G414CBU6, STM32G414CCT3, STM32G414CCT6, STM32G414CCU3, STM32G414CCU6, STM32G414MBT3, STM32G414MBT6, STM32G414MCT3, STM32G414MCT6, STM32G414RBT3, STM32G414RBT6, STM32G414RCT3, STM32G414RCT6, STM32G414VBT3, STM32G414VBT6, STM32G414VCT3, STM32G414VCT6, STM32G431CBT3Z, STM32G431RBT3Z, STM32G471CCT6, STM32G471CCU6, STM32G471CET3, STM32G471CET6, STM32G471CEU3, STM32G471CEU6, STM32G471MCT6, STM32G471MET3, STM32G471MET6, STM32G471MEY6TR, STM32G471QCT6, STM32G471QET3, STM32G471RCT6, STM32G471RET3, STM32G471RET6, STM32G471VCH6, STM32G471VCI6, STM32G471VCT6, STM32G471VEH3, STM32G471VEH6, STM32G471VEI3, STM32G471VEI6, STM32G471VET3, STM32G471VET6, STM32G473QET3Z, STM32G473RET3Z, STM32G474CCT6, STM32G491RET3Z, STM32H503CBT6, STM32H503CBU6, STM32H503EBY6TR, STM32H503KBU6, STM32H503RBT6, STM32H523CCT6, STM32H523CCU6, STM32H523CET6, STM32H523CEU6, STM32H523HEY6TR, STM32H523RCT6, STM32H523RET6, STM32H523VCI6, STM32H523VCT6, STM32H523VEI6, STM32H523VET6, STM32H523ZCJ6, STM32H523ZCT6, STM32H523ZEJ6, STM32H523ZET6, STM32H533CET6, STM32H533CEU6, STM32H533HEY6TR, STM32H533RET6, STM32H533VEI6, STM32H533VET6, STM32H533ZEJ6, STM32H533ZET6, STM32H562AGI6, STM32H562AII6, STM32H562IGK6, STM32H562IGT6, STM32H562IIK6, STM32H562IIT6, STM32H562RGT6, STM32H562RGV6, STM32H562RIT6, STM32H562RIV6, STM32H562VGT6, STM32H562VIT6, STM32H562ZGT6, STM32H562ZIT6, STM32H563AGI6, STM32H563AII3Q, STM32H563AII6, STM32H563IGK6, STM32H563IGT6, STM32H563IIK3Q, STM32H563IIK6, STM32H563IIT3Q, STM32H563IIT6, STM32H563MIY3QTR, STM32H563RGT6, STM32H563RGV6, STM32H563RIT6, STM32H563RIV6, STM32H563VGT6, STM32H563VIT3Q, STM32H563VIT6, STM32H563ZGT6, STM32H563ZIT3Q, STM32H563ZIT6, STM32H573AII3Q, STM32H573AII6, STM32H573I-DK, STM32H573IIK3Q, STM32H573IIK6, STM32H573IIT3Q, STM32H573IIT6, STM32H573MIY3QTR, STM32H573RIT6, STM32H573RIV6, STM32H573VIT3Q, STM32H573VIT6, STM32H573ZIT3Q, STM32H573ZIT6, STM32H7R3A8I6, STM32H7R3I8K6, STM32H7R3I8T6, STM32H7R3L8H6, STM32H7R3L8H6H, STM32H7R3R8V6, STM32H7R3V8H6, STM32H7R3V8T6, STM32H7R3V8Y6TR, STM32H7R3Z8J6, STM32H7R3Z8T6, STM32H7R7A8I6, STM32H7R7I8K6, STM32H7R7I8T6, STM32H7R7L8H6, STM32H7R7L8H6H, STM32H7R7Z8J6, STM32H7S3A8I6, STM32H7S3I8K6, STM32H7S3I8T6, STM32H7S3L8H6, STM32H7S3L8H6H, STM32H7S3R8V6, STM32H7S3V8H6, STM32H7S3V8T6, STM32H7S3V8Y6TR, STM32H7S3Z8J6, STM32H7S3Z8T6, STM32H7S78-DK, STM32H7S7A8I6, STM32H7S7I8K6, STM32H7S7I8T6, STM32H7S7L8H6, STM32H7S7L8H6H, STM32H7S7Z8J6, STM32L4R5QGI6STR, STM32MP131AAE3, STM32MP131AAF3, STM32MP131AAG3, STM32MP131CAE3, STM32MP131CAF3, STM32MP131CAG3, STM32MP131DAE7, STM32MP131DAF7, STM32MP131DAG7, STM32MP131FAE7, STM32MP131FAF7, STM32MP131FAG7, STM32MP133AAE3, STM32MP133AAF3, STM32MP133AAG3, STM32MP133CAE3, STM32MP133CAF3, STM32MP133CAG3, STM32MP133DAE7, STM32MP133DAF7, STM32MP133DAG7, STM32MP133FAE7, STM32MP133FAF7, STM32MP133FAG7, STM32MP135AAE3, STM32MP135AAF3, STM32MP135AAG3, STM32MP135CAE3, STM32MP135CAF3, STM32MP135CAG3, STM32MP135DAE7, STM32MP135DAF7, STM32MP135DAG7, STM32MP135F-DK, STM32MP135FAE7, STM32MP135FAF7, STM32MP135FAF7T, STM32MP135FAF7U, STM32MP135FAG7, STM32MP211AAL3, STM32MP211AAM3, STM32MP211AAN3, STM32MP211AAO3, STM32MP211CAL3, STM32MP211CAM3, STM32MP211CAN3, STM32MP211CAO3, STM32MP211DAL3, STM32MP211DAM3, STM32MP211DAN3, STM32MP211DAO3, STM32MP211FAL3, STM32MP211FAM3, STM32MP211FAN3, STM32MP211FAO3, STM32MP213AAL3, STM32MP213AAM3, STM32MP213AAN3, STM32MP213AAO3, STM32MP213CAL3, STM32MP213CAM3, STM32MP213CAN3, STM32MP213CAO3, STM32MP213DAL3, STM32MP213DAM3, STM32MP213DAN3, STM32MP213DAO3, STM32MP213FAL3, STM32MP213FAM3, STM32MP213FAN3, STM32MP213FAO3, STM32MP215AAL3, STM32MP215AAM3, STM32MP215AAN3, STM32MP215AAO3, STM32MP215CAL3, STM32MP215CAM3, STM32MP215CAN3, STM32MP215CAO3, STM32MP215DAL3, STM32MP215DAM3, STM32MP215DAN3, STM32MP215DAO3, STM32MP215F-DK, STM32MP215FAL3, STM32MP215FAM3, STM32MP215FAN3, STM32MP215FAO3, STM32MP231AAJ3, STM32MP231AAK3, STM32MP231AAL3, STM32MP231CAJ3, STM32MP231CAK3, STM32MP231CAL3, STM32MP231DAJ3, STM32MP231DAK3, STM32MP231DAL3, STM32MP231FAJ3, STM32MP231FAK3, STM32MP231FAL3, STM32MP233AAJ3, STM32MP233AAK3, STM32MP233AAL3, STM32MP233CAJ3, STM32MP233CAK3, STM32MP233CAL3, STM32MP233DAJ3, STM32MP233DAK3, STM32MP233DAL3, STM32MP233FAJ3, STM32MP233FAK3, STM32MP233FAL3, STM32MP235AAJ3, STM32MP235AAK3, STM32MP235AAL3, STM32MP235CAJ3, STM32MP235CAK3, STM32MP235CAL3, STM32MP235DAJ3, STM32MP235DAK3, STM32MP235DAL3, STM32MP235FAJ3, STM32MP235FAK3, STM32MP235FAL3, STM32MP251AAI3, STM32MP251AAK3, STM32MP251AAL3, STM32MP251CAI3, STM32MP251CAK3, STM32MP251CAL3, STM32MP251DAI3, STM32MP251DAK3, STM32MP251DAL3, STM32MP251FAI3, STM32MP251FAK3, STM32MP251FAL3, STM32MP253AAI3, STM32MP253AAK3, STM32MP253AAL3, STM32MP253CAI3, STM32MP253CAK3, STM32MP253CAL3, STM32MP253DAI3, STM32MP253DAK3, STM32MP253DAL3, STM32MP253FAI3, STM32MP253FAK3, STM32MP253FAL3, STM32MP255AAI3, STM32MP255AAK3, STM32MP255AAL3, STM32MP255CAI3, STM32MP255CAK3, STM32MP255CAL3, STM32MP255DAI3, STM32MP255DAK3, STM32MP255DAL3, STM32MP255FAI3, STM32MP255FAK3, STM32MP255FAL3, STM32MP257AAI3, STM32MP257AAK3, STM32MP257AAL3, STM32MP257CAI3, STM32MP257CAK3, STM32MP257CAL3, STM32MP257DAI3, STM32MP257DAK3, STM32MP257DAL3, STM32MP257F-DK, STM32MP257F-EV1, STM32MP257FAI3, STM32MP257FAK3, STM32MP257FAL3, STM32N645A0H3Q, STM32N645B0H3Q, STM32N645I0H3Q, STM32N645L0H3Q, STM32N645X0H3Q, STM32N645Z0H3Q, STM32N647A0H3Q, STM32N647B0H3Q, STM32N647I0H3Q, STM32N647L0H3Q, STM32N647X0H3Q, STM32N647Z0H3Q, STM32N655A0H3Q, STM32N655B0H3Q, STM32N655I0H3Q, STM32N655L0H3Q, STM32N655X0H3Q, STM32N655Z0H3Q, STM32N6570-DK, STM32N657A0H3Q, STM32N657B0H3Q, STM32N657I0H3Q, STM32N657L0H3Q, STM32N657X0H3Q, STM32N657Z0H3Q, STM32U031C6T6, STM32U031C6U6, STM32U031C8T6, STM32U031C8U6, STM32U031F4P6, STM32U031F6P6, STM32U031F8P6, STM32U031G6Y6TR, STM32U031G8Y6TR, STM32U031K4U6, STM32U031K6U6, STM32U031K8U6, STM32U031R6I6, STM32U031R6T6, STM32U031R8I6, STM32U031R8T6, STM32U073C8T6, STM32U073C8U6, STM32U073CBT6, STM32U073CBU6, STM32U073CCT6, STM32U073CCU6, STM32U073H8Y6TR, STM32U073HBY6TR, STM32U073HCY6TR, STM32U073K8U6, STM32U073KBU6, STM32U073KCU6, STM32U073M8I6, STM32U073M8T6, STM32U073MBI6, STM32U073MBT6, STM32U073MCI6, STM32U073MCT6, STM32U073R8I6, STM32U073R8T6, STM32U073RBI6, STM32U073RBT6, STM32U073RCI6, STM32U073RCT6, STM32U083C-DK, STM32U083CCT6, STM32U083CCU6, STM32U083HCY6TR, STM32U083KCU6, STM32U083MCI6, STM32U083MCT6, STM32U083RCI6, STM32U083RCT6, STM32U375CET6, STM32U375CET6Q, STM32U375CEU6, STM32U375CEU6Q, STM32U375CEY6QTR, STM32U375CGT6, STM32U375CGT6Q, STM32U375CGU6, STM32U375CGU6Q, STM32U375CGY6QTR, STM32U375KEU6, STM32U375KGU6, STM32U375REI6, STM32U375REI6Q, STM32U375RET6, STM32U375RET6Q, STM32U375REY6GTR, STM32U375REY6QTR, STM32U375RGI6, STM32U375RGI6Q, STM32U375RGT6, STM32U375RGT6Q, STM32U375RGY6GTR, STM32U375RGY6QTR, STM32U375VEI6, STM32U375VEI6Q, STM32U375VET6, STM32U375VET6Q, STM32U375VGI6, STM32U375VGI6Q, STM32U375VGT6, STM32U375VGT6Q, STM32U385CGT6, STM32U385CGT6Q, STM32U385CGU6, STM32U385CGU6Q, STM32U385CGY6QTR, STM32U385KGU6, STM32U385RGI6, STM32U385RGI6Q, STM32U385RGT6, STM32U385RGT6Q, STM32U385RGY6GTR, STM32U385RGY6QTR, STM32U385VGI6, STM32U385VGI6Q, STM32U385VGT6, STM32U385VGT6Q, STM32U535CBT6, STM32U535CBT6Q, STM32U535CBU6, STM32U535CBU6Q, STM32U535CCT6, STM32U535CCT6Q, STM32U535CCU6, STM32U535CCU6Q, STM32U535CET6, STM32U535CET6Q, STM32U535CEU6, STM32U535CEU6Q, STM32U535JEY6QTR, STM32U535NCY6QTR, STM32U535NEY6QTR, STM32U535RBI6, STM32U535RBI6Q, STM32U535RBT6, STM32U535RBT6Q, STM32U535RCI6, STM32U535RCI6Q, STM32U535RCT6, STM32U535RCT6Q, STM32U535REI6, STM32U535REI6Q, STM32U535RET6, STM32U535RET6Q, STM32U535VCI6, STM32U535VCI6Q, STM32U535VCT6, STM32U535VCT6Q, STM32U535VEI6, STM32U535VEI6Q, STM32U535VET6, STM32U535VET6Q, STM32U545CET6, STM32U545CET6Q, STM32U545CEU6, STM32U545CEU6Q, STM32U545JEY6QTR, STM32U545NEY6QTR, STM32U545REI6, STM32U545REI6Q, STM32U545RET6, STM32U545RET6Q, STM32U545VEI6, STM32U545VEI6Q, STM32U545VET6, STM32U545VET6Q, STM32U595AIH6, STM32U595AIH6Q, STM32U595AJH6, STM32U595AJH6Q, STM32U595QII6, STM32U595QII6Q, STM32U595QJI6, STM32U595QJI6Q, STM32U595RIT6, STM32U595RIT6Q, STM32U595RJT6, STM32U595RJT6Q, STM32U595VIT6, STM32U595VIT6Q, STM32U595VJT6, STM32U595VJT6Q, STM32U595ZIT6, STM32U595ZIT6Q, STM32U595ZIY6QTR, STM32U595ZJT6, STM32U595ZJT6Q, STM32U595ZJY6QTR, STM32U599BJY6QTR, STM32U599NIH6Q, STM32U599NJH6Q, STM32U599VIT6Q, STM32U599VJT6, STM32U599VJT6Q, STM32U599ZIT6Q, STM32U599ZIY6QTR, STM32U599ZJT6Q, STM32U599ZJY6QTR, STM32U5A5AJH6, STM32U5A5AJH6Q, STM32U5A5QII3Q , STM32U5A5QJI6, STM32U5A5QJI6Q, STM32U5A5RJT6, STM32U5A5RJT6Q, STM32U5A5VJT6, STM32U5A5VJT6Q, STM32U5A5ZJT6, STM32U5A5ZJT6Q, STM32U5A5ZJY6QTR, STM32U5A9BJY6QTR, STM32U5A9J-DK, STM32U5A9NJH6Q, STM32U5A9VJT6Q, STM32U5A9ZJT6Q, STM32U5A9ZJY6QTR, STM32U5F7VIT6, STM32U5F7VIT6Q, STM32U5F7VJT6, STM32U5F7VJT6Q, STM32U5F9BJY6QTR, STM32U5F9NJH6Q, STM32U5F9VIT6Q, STM32U5F9VJT6Q, STM32U5F9ZIJ6QTR, STM32U5F9ZIT6Q, STM32U5F9ZJJ6QTR, STM32U5F9ZJT6Q, STM32U5G7VJT6, STM32U5G7VJT6Q, STM32U5G9BJY6QTR, STM32U5G9J-DK1, STM32U5G9J-DK2, STM32U5G9NJH6Q, STM32U5G9VJT6Q, STM32U5G9ZJJ6QTR, STM32U5G9ZJT6Q, STM32WB05KZV6TR, STM32WB05KZV7TR, STM32WB05TZF6TR, STM32WB05TZF7TR, STM32WB06CCF6TR, STM32WB06CCF7TR, STM32WB06CCV6TR, STM32WB06CCV7TR, STM32WB06KCV6TR, STM32WB06KCV7TR, STM32WB07CCF6TR, STM32WB07CCF7TR, STM32WB07CCV6TR, STM32WB07CCV7TR, STM32WB07KCV6TR, STM32WB07KCV7TR, STM32WB09KEV6TR, STM32WB09KEV7TR, STM32WB09TEF6TR, STM32WB09TEF7TR, STM32WB1MMCH6, STM32WBA50KGU6, STM32WBA50KGU6TR, STM32WBA52CEU6, STM32WBA52CEU6TR, STM32WBA52CEU7, STM32WBA52CEU7TR, STM32WBA52CGU6, STM32WBA52CGU6TR, STM32WBA52CGU6U, STM32WBA52CGU7, STM32WBA52CGU7TR, STM32WBA52KEU6, STM32WBA52KEU6TR, STM32WBA52KGU6, STM32WBA52KGU6TR, STM32WBA54CEU6, STM32WBA54CEU6TR, STM32WBA54CEU7, STM32WBA54CEU7TR, STM32WBA54CGU6, STM32WBA54CGU6TR, STM32WBA54CGU7, STM32WBA54CGU7TR, STM32WBA54KEU6, STM32WBA54KEU6TR, STM32WBA54KEU7, STM32WBA54KEU7TR, STM32WBA54KGU6, STM32WBA54KGU6TR, STM32WBA54KGU7, STM32WBA54KGU7TR, STM32WBA55CEU6, STM32WBA55CEU6TR, STM32WBA55CEU7, STM32WBA55CEU7TR, STM32WBA55CGU6, STM32WBA55CGU6TR, STM32WBA55CGU6U, STM32WBA55CGU7, STM32WBA55CGU7TR, STM32WBA55G-DK1, STM32WBA55HEF6, STM32WBA55HEF7, STM32WBA55HGF6, STM32WBA55HGF7, STM32WBA55UEI6, STM32WBA55UEI6TR, STM32WBA55UEI7, STM32WBA55UEI7TR, STM32WBA55UGI6, STM32WBA55UGI6TR, STM32WBA55UGI7, STM32WBA55UGI7TR, STM32WBA5MMGH6TR, STM32WBA62MGF6, STM32WBA62MIF6, STM32WBA65MGF7, STM32WBA65MIF6, STM32WBA65MIF7, STM32WL30K8V6, STM32WL30KBV6, STM32WL31C8V6, STM32WL31CBV6, STM32WL31K8V6, STM32WL31KBV6, STM32WL33C8V6, STM32WL33C8V6X, STM32WL33CBV6, STM32WL33CBV6X, STM32WL33CCV6, STM32WL33CCV6A, STM32WL33CCV6X, STM32WL33K8V7, STM32WL33K8V7X, STM32WL33KBV7 , STM32WL33KBV7X, STM32WL33KCV7, STM32WL33KCV7X, STM32WL5MOCH6, STM32WL5MOCH6TR]
2025-10-12 20:14:51,527 [INFO] BoardInfo:889 - No configuration file found for board P-NUCLEO-WB55
2025-10-12 20:14:51,528 [INFO] DbBoards:161 - Kit is not supported: P-NUCLEO-WB55
2025-10-12 20:14:51,535 [INFO] BoardInfo:889 - No configuration file found for board STEVAL-BFA001V1B
2025-10-12 20:14:51,536 [INFO] DbBoards:161 - Kit is not supported: STEVAL-BFA001V1B
2025-10-12 20:14:51,537 [INFO] BoardInfo:889 - No configuration file found for board STEVAL-BFA001V2B
2025-10-12 20:14:51,538 [INFO] DbBoards:161 - Kit is not supported: STEVAL-BFA001V2B
2025-10-12 20:14:51,735 [INFO] DbBoards:168 - Found 212 boards, 209 are supported
2025-10-12 20:14:51,735 [INFO] DbBoards:169 - Found 212 boards, 43 of them is supported for  Bsp
2025-10-12 20:14:51,739 [INFO] ApiDb:668 - CubeFinder database Data Model version=2.1
2025-10-12 20:14:51,739 [INFO] ApiDb:669 - CubeFinder database Configuration version=3.0.39
2025-10-12 20:14:51,739 [INFO] ApiDb:670 - CubeFinder database generation date=2025-08-25 (1756130511)
2025-10-12 20:14:51,739 [INFO] ApiDb:671 - CubeFinder database FW Pack versions=[FP-ATR-ASTRA1_V2.0.0, FP-SNS-FLIGHT1_V5.1.0, FP-SNS-MOTENV1_V5.0.0, FP-SNS-MOTENVWB1_V1.4.0, FP-SNS-SMARTAG2_V1.2.0, FP-SNS-STBOX1_V2.1.0, STM32Cube_FW_C0_V1.4.0, STM32Cube_FW_F4_V1.28.3, STM32Cube_FW_F7_V1.17.4, STM32Cube_FW_G0_V1.6.2, STM32Cube_FW_G4_V1.6.1, STM32Cube_FW_H5_V1.5.0, STM32Cube_FW_H7RS_V1.2.0, STM32Cube_FW_H7_V1.12.1, STM32Cube_FW_L0_V1.12.2, STM32Cube_FW_L4_V1.18.1, STM32Cube_FW_L5_V1.5.1, STM32Cube_FW_N6_V1.2.0, STM32Cube_FW_U0_V1.3.0, STM32Cube_FW_U3_V1.2.0, STM32Cube_FW_U5_V1.8.0, STM32Cube_FW_WB0_V1.3.0, STM32Cube_FW_WBA_V1.7.0, STM32Cube_FW_WB_V1.23.0, STM32Cube_FW_WL3_V1.2.0, STM32Cube_FW_WL_V1.3.1, X-CUBE-ALGOBUILD_V1.4.0, X-CUBE-ALS_V1.0.2, X-CUBE-AZRTOS-F4_V1.1.0, X-CUBE-AZRTOS-F7_V1.1.0, X-CUBE-AZRTOS-G0_V1.1.0, X-CUBE-AZRTOS-G4_V2.0.0, X-CUBE-AZRTOS-H7RS_V1.1.0, X-CUBE-AZRTOS-H7_V3.4.0, X-CUBE-AZRTOS-L4_V2.0.0, X-CUBE-AZRTOS-L5_V2.0.0, X-CUBE-AZRTOS-WB_V2.0.0, X-CUBE-AZRTOS-WL_V2.0.0, X-CUBE-BLE1_V7.1.0, X-CUBE-BLE2_V3.3.0, X-CUBE-BLEMGR_V4.1.0, X-CUBE-EEPRMA1_V5.2.0, X-CUBE-FREERTOS_V1.3.1, X-CUBE-GNSS1_V6.0.0, X-CUBE-MEMS1_V11.3.0, X-CUBE-NFC4_V3.0.0, X-CUBE-NFC7_V2.0.0, X-CUBE-SFXS2LP1_V4.0.0, X-CUBE-ST67W61_V1.0.0, X-CUBE-SUBG2_V5.0.0, X-CUBE-TOF1_V3.4.3]
2025-10-12 20:14:53,238 [INFO] ApiDb:240 - Found 880 in-development CPN: [B-G473E-ZEST1S, B-WB1M-WPAN1, B-WBA5M-WPAN, B-WL5M-SUBG1, NUCLEO-C031C6, NUCLEO-C051C8, NUCLEO-C071RB, NUCLEO-C092RC, NUCLEO-H503RB, NUCLEO-H533RE, NUCLEO-H563ZI, NUCLEO-H7S3L8, NUCLEO-N657X0-Q, NUCLEO-U031R8, NUCLEO-U083RC, NUCLEO-U385RG-Q, NUCLEO-U545RE-Q, NUCLEO-U5A5ZJ-Q, NUCLEO-WB05KZ, NUCLEO-WB07CC, NUCLEO-WB09KE, NUCLEO-WBA52CG, NUCLEO-WBA55CG, NUCLEO-WL33CC1, NUCLEO-WL33CC2, STEVAL-PROTEUS1, STEVAL-SMARTAG2, STEVAL-STWINBX1, STM320518-EVAL, STM32C0116-DK, STM32C011D6Y3TR, STM32C011D6Y6TR, STM32C011F4P3, STM32C011F4P6, STM32C011F4U3, STM32C011F4U6TR, STM32C011F6P3, STM32C011F6P6, STM32C011F6U3, STM32C011F6U6TR, STM32C011J4M3, STM32C011J4M6, STM32C011J6M3, STM32C011J6M6, STM32C0316-DK, STM32C031C4T3, STM32C031C4T6, STM32C031C4U3, STM32C031C4U6, STM32C031C6T3, STM32C031C6T6, STM32C031C6U3, STM32C031C6U6, STM32C031F4P3, STM32C031F4P6, STM32C031F6P3, STM32C031F6P6, STM32C031G4U3, STM32C031G4U6, STM32C031G6U3, STM32C031G6U6, STM32C031K4T3, STM32C031K4T6, STM32C031K4U3, STM32C031K4U6, STM32C031K6T3, STM32C031K6T6, STM32C031K6U3, STM32C031K6U6, STM32C051C6T6, STM32C051C6U6, STM32C051C8T6, STM32C051C8U6, STM32C051D8Y6TR, STM32C051F6P6, STM32C051F8P6, STM32C051G6U6, STM32C051G8U6, STM32C051K6T6, STM32C051K6U6, STM32C051K8T6, STM32C071C8T6, STM32C071C8T6N, STM32C071C8U6, STM32C071C8U6N, STM32C071CBT6, STM32C071CBT6N, STM32C071CBU6, STM32C071CBU6N, STM32C071F8P6, STM32C071F8P6N, STM32C071FBP6, STM32C071FBP6N, STM32C071FBY6TR, STM32C071G8U6, STM32C071G8U6N, STM32C071GBU6, STM32C071GBU6N, STM32C071K8T6, STM32C071K8T6N, STM32C071K8U6, STM32C071K8U6N, STM32C071KBT6, STM32C071KBT6N, STM32C071KBU6, STM32C071KBU6N, STM32C071R8T6, STM32C071R8T6N, STM32C071RBI6N, STM32C071RBT6, STM32C071RBT6N, STM32C091CBT6, STM32C091CBU6, STM32C091CCT6, STM32C091CCU6, STM32C091ECY6TR, STM32C091FBP6, STM32C091FCP6, STM32C091GBU6, STM32C091GCU6, STM32C091KBT6, STM32C091KBU6, STM32C091KCT6, STM32C091KCU6, STM32C091RBT6, STM32C091RCI6, STM32C091RCT6, STM32C092CBT6, STM32C092CBU6, STM32C092CCT6, STM32C092CCU6, STM32C092ECY6TR, STM32C092FBP6, STM32C092FCP6, STM32C092GBU6, STM32C092GCU6, STM32C092KBT6, STM32C092KBU6, STM32C092KCT6, STM32C092KCU6, STM32C092RBT6, STM32C092RCI6, STM32C092RCT6, STM32G071K8TXN, STM32G071K8UXN, STM32G081GBU6N, STM32G081KBT6N, STM32G081KBUXN, STM32G0B1CCT6N, STM32G0B1KCT6, STM32G0B1NEY6TR, STM32G0B1RCT6N, STM32G0C1CCT6, STM32G0C1CCT6N, STM32G0C1CCU6N, STM32G0C1CET6N, STM32G0C1CEU6N, STM32G0C1KCT6, STM32G0C1NEY6TR, STM32G0C1RCI6N, STM32G0C1RCT6N, STM32G0C1REI6N, STM32G0C1RET6N, STM32G0C1VCI6, STM32G0C1VEI6, STM32G411C6T3, STM32G411C6T6, STM32G411C6U3, STM32G411C6U6, STM32G411C8T3, STM32G411C8T6, STM32G411C8U3, STM32G411C8U6, STM32G411CBT3, STM32G411CBT6, STM32G411CBU3, STM32G411CBU6, STM32G411K6T3, STM32G411K6T6, STM32G411K6U3, STM32G411K6U6, STM32G411K8T3, STM32G411K8T6, STM32G411K8U3, STM32G411K8U6, STM32G411KBT3, STM32G411KBT6, STM32G411KBU3, STM32G411KBU6, STM32G411M6T3, STM32G411M6T6, STM32G411M8T3, STM32G411M8T6, STM32G411MBT3, STM32G411MBT6, STM32G411R6T3, STM32G411R6T6, STM32G411R8T3, STM32G411R8T6, STM32G411RBT3, STM32G411RBT6, STM32G414CBT3, STM32G414CBT6, STM32G414CBU3, STM32G414CBU6, STM32G414CCT3, STM32G414CCT6, STM32G414CCU3, STM32G414CCU6, STM32G414MBT3, STM32G414MBT6, STM32G414MCT3, STM32G414MCT6, STM32G414RBT3, STM32G414RBT6, STM32G414RCT3, STM32G414RCT6, STM32G414VBT3, STM32G414VBT6, STM32G414VCT3, STM32G414VCT6, STM32G431CBT3Z, STM32G431RBT3Z, STM32G471CCT6, STM32G471CCU6, STM32G471CET3, STM32G471CET6, STM32G471CEU3, STM32G471CEU6, STM32G471MCT6, STM32G471MET3, STM32G471MET6, STM32G471MEY6TR, STM32G471QCT6, STM32G471QET3, STM32G471RCT6, STM32G471RET3, STM32G471RET6, STM32G471VCH6, STM32G471VCI6, STM32G471VCT6, STM32G471VEH3, STM32G471VEH6, STM32G471VEI3, STM32G471VEI6, STM32G471VET3, STM32G471VET6, STM32G473QET3Z, STM32G473RET3Z, STM32G474CCT6, STM32G491RET3Z, STM32H503CBT6, STM32H503CBU6, STM32H503EBY6TR, STM32H503KBU6, STM32H503RBT6, STM32H523CCT6, STM32H523CCU6, STM32H523CET6, STM32H523CEU6, STM32H523HEY6TR, STM32H523RCT6, STM32H523RET6, STM32H523VCI6, STM32H523VCT6, STM32H523VEI6, STM32H523VET6, STM32H523ZCJ6, STM32H523ZCT6, STM32H523ZEJ6, STM32H523ZET6, STM32H533CET6, STM32H533CEU6, STM32H533HEY6TR, STM32H533RET6, STM32H533VEI6, STM32H533VET6, STM32H533ZEJ6, STM32H533ZET6, STM32H562AGI6, STM32H562AII6, STM32H562IGK6, STM32H562IGT6, STM32H562IIK6, STM32H562IIT6, STM32H562RGT6, STM32H562RGV6, STM32H562RIT6, STM32H562RIV6, STM32H562VGT6, STM32H562VIT6, STM32H562ZGT6, STM32H562ZIT6, STM32H563AGI6, STM32H563AII3Q, STM32H563AII6, STM32H563IGK6, STM32H563IGT6, STM32H563IIK3Q, STM32H563IIK6, STM32H563IIT3Q, STM32H563IIT6, STM32H563MIY3QTR, STM32H563RGT6, STM32H563RGV6, STM32H563RIT6, STM32H563RIV6, STM32H563VGT6, STM32H563VIT3Q, STM32H563VIT6, STM32H563ZGT6, STM32H563ZIT3Q, STM32H563ZIT6, STM32H573AII3Q, STM32H573AII6, STM32H573I-DK, STM32H573IIK3Q, STM32H573IIK6, STM32H573IIT3Q, STM32H573IIT6, STM32H573MIY3QTR, STM32H573RIT6, STM32H573RIV6, STM32H573VIT3Q, STM32H573VIT6, STM32H573ZIT3Q, STM32H573ZIT6, STM32H7R3A8I6, STM32H7R3I8K6, STM32H7R3I8T6, STM32H7R3L8H6, STM32H7R3L8H6H, STM32H7R3R8V6, STM32H7R3V8H6, STM32H7R3V8T6, STM32H7R3V8Y6TR, STM32H7R3Z8J6, STM32H7R3Z8T6, STM32H7R7A8I6, STM32H7R7I8K6, STM32H7R7I8T6, STM32H7R7L8H6, STM32H7R7L8H6H, STM32H7R7Z8J6, STM32H7S3A8I6, STM32H7S3I8K6, STM32H7S3I8T6, STM32H7S3L8H6, STM32H7S3L8H6H, STM32H7S3R8V6, STM32H7S3V8H6, STM32H7S3V8T6, STM32H7S3V8Y6TR, STM32H7S3Z8J6, STM32H7S3Z8T6, STM32H7S78-DK, STM32H7S7A8I6, STM32H7S7I8K6, STM32H7S7I8T6, STM32H7S7L8H6, STM32H7S7L8H6H, STM32H7S7Z8J6, STM32L4R5QGI6STR, STM32MP131AAE3, STM32MP131AAF3, STM32MP131AAG3, STM32MP131CAE3, STM32MP131CAF3, STM32MP131CAG3, STM32MP131DAE7, STM32MP131DAF7, STM32MP131DAG7, STM32MP131FAE7, STM32MP131FAF7, STM32MP131FAG7, STM32MP133AAE3, STM32MP133AAF3, STM32MP133AAG3, STM32MP133CAE3, STM32MP133CAF3, STM32MP133CAG3, STM32MP133DAE7, STM32MP133DAF7, STM32MP133DAG7, STM32MP133FAE7, STM32MP133FAF7, STM32MP133FAG7, STM32MP135AAE3, STM32MP135AAF3, STM32MP135AAG3, STM32MP135CAE3, STM32MP135CAF3, STM32MP135CAG3, STM32MP135DAE7, STM32MP135DAF7, STM32MP135DAG7, STM32MP135F-DK, STM32MP135FAE7, STM32MP135FAF7, STM32MP135FAF7T, STM32MP135FAF7U, STM32MP135FAG7, STM32MP211AAL3, STM32MP211AAM3, STM32MP211AAN3, STM32MP211AAO3, STM32MP211CAL3, STM32MP211CAM3, STM32MP211CAN3, STM32MP211CAO3, STM32MP211DAL3, STM32MP211DAM3, STM32MP211DAN3, STM32MP211DAO3, STM32MP211FAL3, STM32MP211FAM3, STM32MP211FAN3, STM32MP211FAO3, STM32MP213AAL3, STM32MP213AAM3, STM32MP213AAN3, STM32MP213AAO3, STM32MP213CAL3, STM32MP213CAM3, STM32MP213CAN3, STM32MP213CAO3, STM32MP213DAL3, STM32MP213DAM3, STM32MP213DAN3, STM32MP213DAO3, STM32MP213FAL3, STM32MP213FAM3, STM32MP213FAN3, STM32MP213FAO3, STM32MP215AAL3, STM32MP215AAM3, STM32MP215AAN3, STM32MP215AAO3, STM32MP215CAL3, STM32MP215CAM3, STM32MP215CAN3, STM32MP215CAO3, STM32MP215DAL3, STM32MP215DAM3, STM32MP215DAN3, STM32MP215DAO3, STM32MP215F-DK, STM32MP215FAL3, STM32MP215FAM3, STM32MP215FAN3, STM32MP215FAO3, STM32MP231AAJ3, STM32MP231AAK3, STM32MP231AAL3, STM32MP231CAJ3, STM32MP231CAK3, STM32MP231CAL3, STM32MP231DAJ3, STM32MP231DAK3, STM32MP231DAL3, STM32MP231FAJ3, STM32MP231FAK3, STM32MP231FAL3, STM32MP233AAJ3, STM32MP233AAK3, STM32MP233AAL3, STM32MP233CAJ3, STM32MP233CAK3, STM32MP233CAL3, STM32MP233DAJ3, STM32MP233DAK3, STM32MP233DAL3, STM32MP233FAJ3, STM32MP233FAK3, STM32MP233FAL3, STM32MP235AAJ3, STM32MP235AAK3, STM32MP235AAL3, STM32MP235CAJ3, STM32MP235CAK3, STM32MP235CAL3, STM32MP235DAJ3, STM32MP235DAK3, STM32MP235DAL3, STM32MP235FAJ3, STM32MP235FAK3, STM32MP235FAL3, STM32MP251AAI3, STM32MP251AAK3, STM32MP251AAL3, STM32MP251CAI3, STM32MP251CAK3, STM32MP251CAL3, STM32MP251DAI3, STM32MP251DAK3, STM32MP251DAL3, STM32MP251FAI3, STM32MP251FAK3, STM32MP251FAL3, STM32MP253AAI3, STM32MP253AAK3, STM32MP253AAL3, STM32MP253CAI3, STM32MP253CAK3, STM32MP253CAL3, STM32MP253DAI3, STM32MP253DAK3, STM32MP253DAL3, STM32MP253FAI3, STM32MP253FAK3, STM32MP253FAL3, STM32MP255AAI3, STM32MP255AAK3, STM32MP255AAL3, STM32MP255CAI3, STM32MP255CAK3, STM32MP255CAL3, STM32MP255DAI3, STM32MP255DAK3, STM32MP255DAL3, STM32MP255FAI3, STM32MP255FAK3, STM32MP255FAL3, STM32MP257AAI3, STM32MP257AAK3, STM32MP257AAL3, STM32MP257CAI3, STM32MP257CAK3, STM32MP257CAL3, STM32MP257DAI3, STM32MP257DAK3, STM32MP257DAL3, STM32MP257F-DK, STM32MP257F-EV1, STM32MP257FAI3, STM32MP257FAK3, STM32MP257FAL3, STM32N645A0H3Q, STM32N645B0H3Q, STM32N645I0H3Q, STM32N645L0H3Q, STM32N645X0H3Q, STM32N645Z0H3Q, STM32N647A0H3Q, STM32N647B0H3Q, STM32N647I0H3Q, STM32N647L0H3Q, STM32N647X0H3Q, STM32N647Z0H3Q, STM32N655A0H3Q, STM32N655B0H3Q, STM32N655I0H3Q, STM32N655L0H3Q, STM32N655X0H3Q, STM32N655Z0H3Q, STM32N6570-DK, STM32N657A0H3Q, STM32N657B0H3Q, STM32N657I0H3Q, STM32N657L0H3Q, STM32N657X0H3Q, STM32N657Z0H3Q, STM32U031C6T6, STM32U031C6U6, STM32U031C8T6, STM32U031C8U6, STM32U031F4P6, STM32U031F6P6, STM32U031F8P6, STM32U031G6Y6TR, STM32U031G8Y6TR, STM32U031K4U6, STM32U031K6U6, STM32U031K8U6, STM32U031R6I6, STM32U031R6T6, STM32U031R8I6, STM32U031R8T6, STM32U073C8T6, STM32U073C8U6, STM32U073CBT6, STM32U073CBU6, STM32U073CCT6, STM32U073CCU6, STM32U073H8Y6TR, STM32U073HBY6TR, STM32U073HCY6TR, STM32U073K8U6, STM32U073KBU6, STM32U073KCU6, STM32U073M8I6, STM32U073M8T6, STM32U073MBI6, STM32U073MBT6, STM32U073MCI6, STM32U073MCT6, STM32U073R8I6, STM32U073R8T6, STM32U073RBI6, STM32U073RBT6, STM32U073RCI6, STM32U073RCT6, STM32U083C-DK, STM32U083CCT6, STM32U083CCU6, STM32U083HCY6TR, STM32U083KCU6, STM32U083MCI6, STM32U083MCT6, STM32U083RCI6, STM32U083RCT6, STM32U375CET6, STM32U375CET6Q, STM32U375CEU6, STM32U375CEU6Q, STM32U375CEY6QTR, STM32U375CGT6, STM32U375CGT6Q, STM32U375CGU6, STM32U375CGU6Q, STM32U375CGY6QTR, STM32U375KEU6, STM32U375KGU6, STM32U375REI6, STM32U375REI6Q, STM32U375RET6, STM32U375RET6Q, STM32U375REY6GTR, STM32U375REY6QTR, STM32U375RGI6, STM32U375RGI6Q, STM32U375RGT6, STM32U375RGT6Q, STM32U375RGY6GTR, STM32U375RGY6QTR, STM32U375VEI6, STM32U375VEI6Q, STM32U375VET6, STM32U375VET6Q, STM32U375VGI6, STM32U375VGI6Q, STM32U375VGT6, STM32U375VGT6Q, STM32U385CGT6, STM32U385CGT6Q, STM32U385CGU6, STM32U385CGU6Q, STM32U385CGY6QTR, STM32U385KGU6, STM32U385RGI6, STM32U385RGI6Q, STM32U385RGT6, STM32U385RGT6Q, STM32U385RGY6GTR, STM32U385RGY6QTR, STM32U385VGI6, STM32U385VGI6Q, STM32U385VGT6, STM32U385VGT6Q, STM32U535CBT6, STM32U535CBT6Q, STM32U535CBU6, STM32U535CBU6Q, STM32U535CCT6, STM32U535CCT6Q, STM32U535CCU6, STM32U535CCU6Q, STM32U535CET6, STM32U535CET6Q, STM32U535CEU6, STM32U535CEU6Q, STM32U535JEY6QTR, STM32U535NCY6QTR, STM32U535NEY6QTR, STM32U535RBI6, STM32U535RBI6Q, STM32U535RBT6, STM32U535RBT6Q, STM32U535RCI6, STM32U535RCI6Q, STM32U535RCT6, STM32U535RCT6Q, STM32U535REI6, STM32U535REI6Q, STM32U535RET6, STM32U535RET6Q, STM32U535VCI6, STM32U535VCI6Q, STM32U535VCT6, STM32U535VCT6Q, STM32U535VEI6, STM32U535VEI6Q, STM32U535VET6, STM32U535VET6Q, STM32U545CET6, STM32U545CET6Q, STM32U545CEU6, STM32U545CEU6Q, STM32U545JEY6QTR, STM32U545NEY6QTR, STM32U545REI6, STM32U545REI6Q, STM32U545RET6, STM32U545RET6Q, STM32U545VEI6, STM32U545VEI6Q, STM32U545VET6, STM32U545VET6Q, STM32U595AIH6, STM32U595AIH6Q, STM32U595AJH6, STM32U595AJH6Q, STM32U595QII6, STM32U595QII6Q, STM32U595QJI6, STM32U595QJI6Q, STM32U595RIT6, STM32U595RIT6Q, STM32U595RJT6, STM32U595RJT6Q, STM32U595VIT6, STM32U595VIT6Q, STM32U595VJT6, STM32U595VJT6Q, STM32U595ZIT6, STM32U595ZIT6Q, STM32U595ZIY6QTR, STM32U595ZJT6, STM32U595ZJT6Q, STM32U595ZJY6QTR, STM32U599BJY6QTR, STM32U599NIH6Q, STM32U599NJH6Q, STM32U599VIT6Q, STM32U599VJT6, STM32U599VJT6Q, STM32U599ZIT6Q, STM32U599ZIY6QTR, STM32U599ZJT6Q, STM32U599ZJY6QTR, STM32U5A5AJH6, STM32U5A5AJH6Q, STM32U5A5QII3Q , STM32U5A5QJI6, STM32U5A5QJI6Q, STM32U5A5RJT6, STM32U5A5RJT6Q, STM32U5A5VJT6, STM32U5A5VJT6Q, STM32U5A5ZJT6, STM32U5A5ZJT6Q, STM32U5A5ZJY6QTR, STM32U5A9BJY6QTR, STM32U5A9J-DK, STM32U5A9NJH6Q, STM32U5A9VJT6Q, STM32U5A9ZJT6Q, STM32U5A9ZJY6QTR, STM32U5F7VIT6, STM32U5F7VIT6Q, STM32U5F7VJT6, STM32U5F7VJT6Q, STM32U5F9BJY6QTR, STM32U5F9NJH6Q, STM32U5F9VIT6Q, STM32U5F9VJT6Q, STM32U5F9ZIJ6QTR, STM32U5F9ZIT6Q, STM32U5F9ZJJ6QTR, STM32U5F9ZJT6Q, STM32U5G7VJT6, STM32U5G7VJT6Q, STM32U5G9BJY6QTR, STM32U5G9J-DK1, STM32U5G9J-DK2, STM32U5G9NJH6Q, STM32U5G9VJT6Q, STM32U5G9ZJJ6QTR, STM32U5G9ZJT6Q, STM32WB05KZV6TR, STM32WB05KZV7TR, STM32WB05TZF6TR, STM32WB05TZF7TR, STM32WB06CCF6TR, STM32WB06CCF7TR, STM32WB06CCV6TR, STM32WB06CCV7TR, STM32WB06KCV6TR, STM32WB06KCV7TR, STM32WB07CCF6TR, STM32WB07CCF7TR, STM32WB07CCV6TR, STM32WB07CCV7TR, STM32WB07KCV6TR, STM32WB07KCV7TR, STM32WB09KEV6TR, STM32WB09KEV7TR, STM32WB09TEF6TR, STM32WB09TEF7TR, STM32WB1MMCH6, STM32WBA50KGU6, STM32WBA50KGU6TR, STM32WBA52CEU6, STM32WBA52CEU6TR, STM32WBA52CEU7, STM32WBA52CEU7TR, STM32WBA52CGU6, STM32WBA52CGU6TR, STM32WBA52CGU6U, STM32WBA52CGU7, STM32WBA52CGU7TR, STM32WBA52KEU6, STM32WBA52KEU6TR, STM32WBA52KGU6, STM32WBA52KGU6TR, STM32WBA54CEU6, STM32WBA54CEU6TR, STM32WBA54CEU7, STM32WBA54CEU7TR, STM32WBA54CGU6, STM32WBA54CGU6TR, STM32WBA54CGU7, STM32WBA54CGU7TR, STM32WBA54KEU6, STM32WBA54KEU6TR, STM32WBA54KEU7, STM32WBA54KEU7TR, STM32WBA54KGU6, STM32WBA54KGU6TR, STM32WBA54KGU7, STM32WBA54KGU7TR, STM32WBA55CEU6, STM32WBA55CEU6TR, STM32WBA55CEU7, STM32WBA55CEU7TR, STM32WBA55CGU6, STM32WBA55CGU6TR, STM32WBA55CGU6U, STM32WBA55CGU7, STM32WBA55CGU7TR, STM32WBA55G-DK1, STM32WBA55HEF6, STM32WBA55HEF7, STM32WBA55HGF6, STM32WBA55HGF7, STM32WBA55UEI6, STM32WBA55UEI6TR, STM32WBA55UEI7, STM32WBA55UEI7TR, STM32WBA55UGI6, STM32WBA55UGI6TR, STM32WBA55UGI7, STM32WBA55UGI7TR, STM32WBA5MMGH6TR, STM32WBA62MGF6, STM32WBA62MIF6, STM32WBA65MGF7, STM32WBA65MIF6, STM32WBA65MIF7, STM32WL30K8V6, STM32WL30KBV6, STM32WL31C8V6, STM32WL31CBV6, STM32WL31K8V6, STM32WL31KBV6, STM32WL33C8V6, STM32WL33C8V6X, STM32WL33CBV6, STM32WL33CBV6X, STM32WL33CCV6, STM32WL33CCV6A, STM32WL33CCV6X, STM32WL33K8V7, STM32WL33K8V7X, STM32WL33KBV7 , STM32WL33KBV7X, STM32WL33KCV7, STM32WL33KCV7X, STM32WL5MOCH6, STM32WL5MOCH6TR]
2025-10-12 20:14:53,243 [INFO] DbMcus:218 - Found 4801 MCUs, 4801 are supported
2025-10-12 20:14:53,246 [INFO] ApiDb:423 - Load user favorites file C:\Users\Paulo/.stm32cubeide/favorites.mcus.txt: 0 item(s)
2025-10-12 20:14:53,246 [INFO] ApiDb:427 - User favorites MCUs=[]
2025-10-12 20:14:53,246 [INFO] DbMcus:224 - Set 0 / 0 favorites MCUs
2025-10-12 20:14:53,633 [INFO] ApiDb:423 - Load user favorites file C:\Users\Paulo/.stm32cubeide/favorites.boards.txt: 1 item(s)
2025-10-12 20:14:53,633 [INFO] ApiDb:427 - User favorites Boards=[NUCLEO-F446RE]
2025-10-12 20:14:53,633 [INFO] DbBoards:198 - Set 1 / 1 favorites Boards
2025-10-12 20:14:53,706 [INFO] UtilMem:75 - End LoadConfig() Used Memory: 601941416 Bytes (741343232)
2025-10-12 20:14:53,834 [WARN] ThirdParty:833 - waiting for thirdparty lock release [change project]
2025-10-12 20:14:53,835 [INFO] ThirdParty:835 - entering critical section [change project]
2025-10-12 20:14:53,835 [INFO] ThirdParty:1030 - CMSIS Pack Vendor :STMicroelectronics X-CUBE-PM33A1 1.0.0
2025-10-12 20:14:53,835 [INFO] ThirdParty:1030 - CMSIS Pack Vendor :STMicroelectronics USBPD 4.1
2025-10-12 20:14:53,835 [INFO] ThirdParty:1030 - CMSIS Pack Vendor :STMicroelectronics X-CUBE-NFC9 1.0.0
2025-10-12 20:14:53,835 [INFO] ThirdParty:1030 - CMSIS Pack Vendor :STMicroelectronics USB_HOST 2.0.0
2025-10-12 20:14:53,835 [INFO] ThirdParty:1030 - CMSIS Pack Vendor :STMicroelectronics FP-SNS-MOTENVWB1 1.4.0
2025-10-12 20:14:53,835 [INFO] ThirdParty:1030 - CMSIS Pack Vendor :STMicroelectronics X-CUBE-AZRTOS-F4 1.1.0
2025-10-12 20:14:53,835 [INFO] ThirdParty:1030 - CMSIS Pack Vendor :STMicroelectronics LIBJPEG 8.0.0
2025-10-12 20:14:53,835 [INFO] ThirdParty:1030 - CMSIS Pack Vendor :STMicroelectronics FP-ATR-ASTRA1 2.0.2
2025-10-12 20:14:53,835 [INFO] ThirdParty:1030 - CMSIS Pack Vendor :wolfSSL I-CUBE-wolfSSL 5.8.2
2025-10-12 20:14:53,835 [INFO] ThirdParty:1030 - CMSIS Pack Vendor :STMicroelectronics X-CUBE-BLE1 7.1.0
2025-10-12 20:14:53,835 [INFO] ThirdParty:1030 - CMSIS Pack Vendor :Avnet-IotConnect X-CUBE-IoTC-DA16k-PMOD 1.0.0
2025-10-12 20:14:53,835 [INFO] ThirdParty:1030 - CMSIS Pack Vendor :STMicroelectronics X-CUBE-SMBUS 2.1.0
2025-10-12 20:14:53,835 [INFO] ThirdParty:1030 - CMSIS Pack Vendor :wolfSSL I-CUBE-wolfMQTT 1.19.2
2025-10-12 20:14:53,835 [INFO] ThirdParty:1030 - CMSIS Pack Vendor :STMicroelectronics USB_DEVICE 3.0.0
2025-10-12 20:14:53,835 [INFO] ThirdParty:1030 - CMSIS Pack Vendor :STMicroelectronics X-CUBE-ISPU 2.1.0
2025-10-12 20:14:53,835 [INFO] ThirdParty:1030 - CMSIS Pack Vendor :STMicroelectronics X-CUBE-EEPRMA1 5.2.0
2025-10-12 20:14:53,835 [INFO] ThirdParty:1030 - CMSIS Pack Vendor :STMicroelectronics X-CUBE-IPS 3.2.0
2025-10-12 20:14:53,835 [INFO] ThirdParty:1030 - CMSIS Pack Vendor :STMicroelectronics X-CUBE-BLEMGR 4.1.0
2025-10-12 20:14:53,835 [INFO] ThirdParty:1030 - CMSIS Pack Vendor :STMicroelectronics X-CUBE-AZRTOS-WB 2.0.0
2025-10-12 20:14:53,835 [INFO] ThirdParty:1030 - CMSIS Pack Vendor :STMicroelectronics X-CUBE-ST60 1.0.0
2025-10-12 20:14:53,835 [INFO] ThirdParty:1030 - CMSIS Pack Vendor :STMicroelectronics X-CUBE-GNSS1 7.0.1
2025-10-12 20:14:53,835 [INFO] ThirdParty:1030 - CMSIS Pack Vendor :STMicroelectronics X-CUBE-NFC12 1.0.0
2025-10-12 20:14:53,835 [INFO] ThirdParty:1030 - CMSIS Pack Vendor :STMicroelectronics X-CUBE-AZRTOS-F7 1.1.0
2025-10-12 20:14:53,835 [INFO] ThirdParty:1030 - CMSIS Pack Vendor :STMicroelectronics X-CUBE-AZRTOS-L5 2.0.0
2025-10-12 20:14:53,835 [INFO] ThirdParty:1030 - CMSIS Pack Vendor :STMicroelectronics X-CUBE-TOUCHGFX 4.25.0
2025-10-12 20:14:53,835 [INFO] ThirdParty:1030 - CMSIS Pack Vendor :STMicroelectronics USB_DEVICE 2.0.0
2025-10-12 20:14:53,836 [INFO] ThirdParty:1030 - CMSIS Pack Vendor :STMicroelectronics X-CUBE-NFC6 3.1.0
2025-10-12 20:14:53,836 [INFO] ThirdParty:1030 - CMSIS Pack Vendor :STMicroelectronics X-CUBE-ST67W61 1.1.0
2025-10-12 20:14:53,836 [INFO] ThirdParty:1030 - CMSIS Pack Vendor :Cesanta I-CUBE-Mongoose 7.19.0
2025-10-12 20:14:53,836 [INFO] ThirdParty:1030 - CMSIS Pack Vendor :quantropi X-CUBE-qispace-sdk-base 2.1.0
2025-10-12 20:14:53,836 [INFO] ThirdParty:1030 - CMSIS Pack Vendor :STMicroelectronics FreeRTOS 0.0.1
2025-10-12 20:14:53,836 [INFO] ThirdParty:1030 - CMSIS Pack Vendor :STMicroelectronics X-CUBE-AZRTOS-G0 1.1.0
2025-10-12 20:14:53,836 [INFO] ThirdParty:1030 - CMSIS Pack Vendor :STMicroelectronics X-CUBE-SAFEA1 1.2.2
2025-10-12 20:14:53,836 [INFO] ThirdParty:1030 - CMSIS Pack Vendor :STMicroelectronics X-CUBE-NFC4 3.0.0
2025-10-12 20:14:53,836 [INFO] ThirdParty:1030 - CMSIS Pack Vendor :STMicroelectronics X-CUBE-SUBG2 5.0.0
2025-10-12 20:14:53,836 [INFO] ThirdParty:1030 - CMSIS Pack Vendor :STMicroelectronics X-CUBE-AZRTOS-H7RS 1.1.0
2025-10-12 20:14:53,836 [INFO] ThirdParty:1030 - CMSIS Pack Vendor :STMicroelectronics STM32_WPAN 1.0.0
2025-10-12 20:14:53,836 [INFO] ThirdParty:1030 - CMSIS Pack Vendor :EmbeddedOffice I-CUBE-FS-RTOS 1.0.1
2025-10-12 20:14:53,836 [INFO] ThirdParty:1030 - CMSIS Pack Vendor :STMicroelectronics lwIP 2.0.3
2025-10-12 20:14:53,836 [INFO] ThirdParty:1030 - CMSIS Pack Vendor :WES I-CUBE-Cesium 1.4.0
2025-10-12 20:14:53,836 [INFO] ThirdParty:1030 - CMSIS Pack Vendor :Cesanta I-CUBE-Mongoose 7.13.0
2025-10-12 20:14:53,836 [INFO] ThirdParty:1030 - CMSIS Pack Vendor :STMicroelectronics USB_HOST 1.0.0
2025-10-12 20:14:53,836 [INFO] ThirdParty:1030 - CMSIS Pack Vendor :Infineon AIROC-Wi-Fi-Bluetooth-STM32 1.7.1
2025-10-12 20:14:53,836 [INFO] ThirdParty:1030 - CMSIS Pack Vendor :STMicroelectronics X-CUBE-AZRTOS-G4 2.0.0
2025-10-12 20:14:53,836 [INFO] ThirdParty:1030 - CMSIS Pack Vendor :STMicroelectronics X-CUBE-WB05N 2.0.0
2025-10-12 20:14:53,836 [INFO] ThirdParty:1030 - CMSIS Pack Vendor :STMicroelectronics PDM2PCM 3.1.0
2025-10-12 20:14:53,836 [INFO] ThirdParty:1030 - CMSIS Pack Vendor :STMicroelectronics PDM2PCM 3.3.0
2025-10-12 20:14:53,836 [INFO] ThirdParty:1030 - CMSIS Pack Vendor :wolfSSL I-CUBE-wolfTPM 3.8.0
2025-10-12 20:14:53,836 [INFO] ThirdParty:1030 - CMSIS Pack Vendor :STMicroelectronics X-CUBE-AZRTOS-H7 3.4.0
2025-10-12 20:14:53,836 [INFO] ThirdParty:1030 - CMSIS Pack Vendor :STMicroelectronics X-CUBE-DISPLAY 3.0.0
2025-10-12 20:14:53,836 [INFO] ThirdParty:1030 - CMSIS Pack Vendor :wolfSSL I-CUBE-wolfSSH 1.4.20
2025-10-12 20:14:53,836 [INFO] ThirdParty:1030 - CMSIS Pack Vendor :STMicroelectronics X-CUBE-NFC7 2.0.0
2025-10-12 20:14:53,836 [INFO] ThirdParty:1030 - CMSIS Pack Vendor :STMicroelectronics X-CUBE-TCPP 4.2.0
2025-10-12 20:14:53,836 [INFO] ThirdParty:1030 - CMSIS Pack Vendor :RealThread X-CUBE-RT-Thread_Nano 4.1.1
2025-10-12 20:14:53,836 [INFO] ThirdParty:1030 - CMSIS Pack Vendor :STMicroelectronics FP-ATR-SIGFOX1 3.2.0
2025-10-12 20:14:53,836 [INFO] ThirdParty:1030 - CMSIS Pack Vendor :STMicroelectronics X-CUBE-NFC10 1.0.0
2025-10-12 20:14:53,836 [INFO] ThirdParty:1030 - CMSIS Pack Vendor :STMicroelectronics X-CUBE-FREERTOS 1.3.1
2025-10-12 20:14:53,836 [INFO] ThirdParty:1030 - CMSIS Pack Vendor :STMicroelectronics HAL Drivers 0.0.0
2025-10-12 20:14:53,836 [INFO] ThirdParty:1030 - CMSIS Pack Vendor :STMicroelectronics MBEDTLS 2.16.2
2025-10-12 20:14:53,836 [INFO] ThirdParty:1030 - CMSIS Pack Vendor :STMicroelectronics X-CUBE-IPS 3.1.0
2025-10-12 20:14:53,836 [INFO] ThirdParty:1030 - CMSIS Pack Vendor :STMicroelectronics X-CUBE-ALS 1.0.2
2025-10-12 20:14:53,836 [INFO] ThirdParty:1030 - CMSIS Pack Vendor :emotas I-CUBE-CANOPEN 1.3.0
2025-10-12 20:14:53,836 [INFO] ThirdParty:1030 - CMSIS Pack Vendor :STMicroelectronics MBEDTLS 2.14.1
2025-10-12 20:14:53,836 [INFO] ThirdParty:1030 - CMSIS Pack Vendor :ITTIA_DB I-CUBE-ITTIADB 8.9.0
2025-10-12 20:14:53,836 [INFO] ThirdParty:1030 - CMSIS Pack Vendor :STMicroelectronics X-CUBE-TOUCHGFX 4.26.0
2025-10-12 20:14:53,836 [INFO] ThirdParty:1030 - CMSIS Pack Vendor :STMicroelectronics X-CUBE-STSE01 1.0.0
2025-10-12 20:14:53,836 [INFO] ThirdParty:1030 - CMSIS Pack Vendor :portGmbH I-Cube-SoM-uGOAL 1.1.0
2025-10-12 20:14:53,836 [INFO] ThirdParty:1030 - CMSIS Pack Vendor :STMicroelectronics X-CUBE-ST67W61 1.0.0
2025-10-12 20:14:53,836 [INFO] ThirdParty:1030 - CMSIS Pack Vendor :STMicroelectronics FP-SNS-STBOX1 2.1.0
2025-10-12 20:14:53,836 [INFO] ThirdParty:1030 - CMSIS Pack Vendor :STMicroelectronics X-CUBE-AI 10.2.0
2025-10-12 20:14:53,836 [INFO] ThirdParty:1030 - CMSIS Pack Vendor :STMicroelectronics FP-SNS-STAIOTCFT 1.0.0
2025-10-12 20:14:53,836 [INFO] ThirdParty:1030 - CMSIS Pack Vendor :STMicroelectronics ThreadX 1.0.0
2025-10-12 20:14:53,836 [INFO] ThirdParty:1030 - CMSIS Pack Vendor :STMicroelectronics FP-SNS-SMARTAG2 1.2.0
2025-10-12 20:14:53,836 [INFO] ThirdParty:1030 - CMSIS Pack Vendor :STMicroelectronics FP-SNS-FLIGHT1 5.1.0
2025-10-12 20:14:53,836 [INFO] ThirdParty:1030 - CMSIS Pack Vendor :STMicroelectronics X-CUBE-AZRTOS-WL 2.0.0
2025-10-12 20:14:53,836 [INFO] ThirdParty:1030 - CMSIS Pack Vendor :SEGGER I-CUBE-embOS 1.3.1
2025-10-12 20:14:53,836 [INFO] ThirdParty:1030 - CMSIS Pack Vendor :STMicroelectronics X-CUBE-ALGOBUILD 1.4.0
2025-10-12 20:14:53,836 [INFO] ThirdParty:1030 - CMSIS Pack Vendor :STMicroelectronics X-CUBE-DPower 1.3.0
2025-10-12 20:14:53,836 [INFO] ThirdParty:1030 - CMSIS Pack Vendor :STMicroelectronics X-CUBE-MEMS1 11.3.0
2025-10-12 20:14:53,837 [INFO] ThirdParty:1030 - CMSIS Pack Vendor :STMicroelectronics FP-SNS-MOTENV1 5.0.0
2025-10-12 20:14:53,837 [INFO] ThirdParty:1030 - CMSIS Pack Vendor :STMicroelectronics USB_DEVICE 1.0.0
2025-10-12 20:14:53,837 [INFO] ThirdParty:1030 - CMSIS Pack Vendor :STMicroelectronics X-CUBE-AZRTOS-L4 2.0.0
2025-10-12 20:14:53,837 [INFO] ThirdParty:1030 - CMSIS Pack Vendor :STMicroelectronics ThreadX 0.0.2
2025-10-12 20:14:53,837 [INFO] ThirdParty:1030 - CMSIS Pack Vendor :STMicroelectronics lwIP 2.1.2
2025-10-12 20:14:53,837 [INFO] ThirdParty:1030 - CMSIS Pack Vendor :STMicroelectronics X-CUBE-SFXS2LP1 4.0.0
2025-10-12 20:14:53,837 [INFO] ThirdParty:1030 - CMSIS Pack Vendor :STMicroelectronics X-CUBE-BLE2 3.3.0
2025-10-12 20:14:53,837 [INFO] ThirdParty:1030 - CMSIS Pack Vendor :STMicroelectronics X-CUBE-TOF1 3.4.3
2025-10-12 20:14:53,837 [INFO] ThirdParty:1030 - CMSIS Pack Vendor :STMicroelectronics PDM2PCM 3.2.0
2025-10-12 20:14:53,837 [INFO] ThirdParty:841 - exiting critical section [change project]
2025-10-12 20:14:54,269 [INFO] PinOutPanel:1589 - setPackage(No Configuration,No Configuration)
2025-10-12 20:14:54,271 [INFO] PinOutPanel:1589 - setPackage(STM32F446RETx,LQFP64)
2025-10-12 20:14:54,837 [INFO] UtilMem:75 - Before build in PCC Used Memory: 269736416 Bytes (741343232)
2025-10-12 20:14:55,579 [INFO] UtilMem:75 - After build in PCC Used Memory: 354269400 Bytes (741343232)
2025-10-12 20:14:55,614 [INFO] IPUIPlugin:80 - create IPUIPlugin
2025-10-12 20:14:55,615 [INFO] IPUIPlugin:80 - create IPUIPlugin
2025-10-12 20:14:55,615 [INFO] IPUIPlugin:80 - create IPUIPlugin
2025-10-12 20:14:55,615 [INFO] IPUIPlugin:80 - create IPUIPlugin
2025-10-12 20:14:55,615 [INFO] IPUIPlugin:80 - create IPUIPlugin
2025-10-12 20:14:55,615 [INFO] IPUIPlugin:80 - create IPUIPlugin
2025-10-12 20:14:55,615 [INFO] IPUIPlugin:80 - create IPUIPlugin
2025-10-12 20:14:55,615 [INFO] IPUIPlugin:80 - create IPUIPlugin
2025-10-12 20:14:55,615 [INFO] IPUIPlugin:80 - create IPUIPlugin
2025-10-12 20:14:55,616 [INFO] IPUIPlugin:80 - create IPUIPlugin
2025-10-12 20:14:55,616 [INFO] IPUIPlugin:80 - create IPUIPlugin
2025-10-12 20:14:55,616 [INFO] IPUIPlugin:80 - create IPUIPlugin
2025-10-12 20:14:55,616 [INFO] IPUIPlugin:80 - create IPUIPlugin
2025-10-12 20:14:55,616 [INFO] IPUIPlugin:80 - create IPUIPlugin
2025-10-12 20:14:55,616 [INFO] IPUIPlugin:80 - create IPUIPlugin
2025-10-12 20:14:55,616 [INFO] IPUIPlugin:80 - create IPUIPlugin
2025-10-12 20:14:55,617 [INFO] IPUIPlugin:80 - create IPUIPlugin
2025-10-12 20:14:55,617 [INFO] IPUIPlugin:80 - create IPUIPlugin
2025-10-12 20:14:55,617 [INFO] IPUIPlugin:80 - create IPUIPlugin
2025-10-12 20:14:55,617 [INFO] IPUIPlugin:80 - create IPUIPlugin
2025-10-12 20:14:55,617 [INFO] IPUIPlugin:80 - create IPUIPlugin
2025-10-12 20:14:55,617 [INFO] IPUIPlugin:80 - create IPUIPlugin
2025-10-12 20:14:55,618 [INFO] IPUIPlugin:80 - create IPUIPlugin
2025-10-12 20:14:55,618 [INFO] IPUIPlugin:80 - create IPUIPlugin
2025-10-12 20:14:55,618 [INFO] IPUIPlugin:80 - create IPUIPlugin
2025-10-12 20:14:55,618 [INFO] IPUIPlugin:80 - create IPUIPlugin
2025-10-12 20:14:55,619 [INFO] IPUIPlugin:80 - create IPUIPlugin
2025-10-12 20:14:55,619 [INFO] IPUIPlugin:80 - create IPUIPlugin
2025-10-12 20:14:55,619 [INFO] IPUIPlugin:80 - create IPUIPlugin
2025-10-12 20:14:55,619 [INFO] IPUIPlugin:80 - create IPUIPlugin
2025-10-12 20:14:55,619 [INFO] IPUIPlugin:80 - create IPUIPlugin
2025-10-12 20:14:55,619 [INFO] IPUIPlugin:80 - create IPUIPlugin
2025-10-12 20:14:55,620 [INFO] IPUIPlugin:80 - create IPUIPlugin
2025-10-12 20:14:55,620 [INFO] IPUIPlugin:80 - create IPUIPlugin
2025-10-12 20:14:55,620 [INFO] IPUIPlugin:80 - create IPUIPlugin
2025-10-12 20:14:55,621 [INFO] IPUIPlugin:80 - create IPUIPlugin
2025-10-12 20:14:55,621 [INFO] IPUIPlugin:80 - create IPUIPlugin
2025-10-12 20:14:55,621 [INFO] IPUIPlugin:80 - create IPUIPlugin
2025-10-12 20:14:55,621 [INFO] IPUIPlugin:80 - create IPUIPlugin
2025-10-12 20:14:55,621 [INFO] IPUIPlugin:80 - create IPUIPlugin
2025-10-12 20:14:55,622 [INFO] IPUIPlugin:80 - create IPUIPlugin
2025-10-12 20:14:55,622 [INFO] IPUIPlugin:80 - create IPUIPlugin
2025-10-12 20:14:55,622 [INFO] IPUIPlugin:80 - create IPUIPlugin
2025-10-12 20:14:55,622 [INFO] IPUIPlugin:80 - create IPUIPlugin
2025-10-12 20:14:55,622 [INFO] IPUIPlugin:80 - create IPUIPlugin
2025-10-12 20:14:55,623 [INFO] IPUIPlugin:80 - create IPUIPlugin
2025-10-12 20:14:55,623 [INFO] IPUIPlugin:80 - create IPUIPlugin
2025-10-12 20:14:55,623 [INFO] IPUIPlugin:80 - create IPUIPlugin
2025-10-12 20:14:55,623 [INFO] IPUIPlugin:80 - create IPUIPlugin
2025-10-12 20:14:55,623 [INFO] IPUIPlugin:80 - create IPUIPlugin
2025-10-12 20:14:55,623 [INFO] IPUIPlugin:80 - create IPUIPlugin
2025-10-12 20:14:55,624 [INFO] IPUIPlugin:80 - create IPUIPlugin
2025-10-12 20:14:55,624 [INFO] IPUIPlugin:80 - create IPUIPlugin
2025-10-12 20:14:55,624 [INFO] IPUIPlugin:80 - create IPUIPlugin
2025-10-12 20:14:55,624 [INFO] IPUIPlugin:80 - create IPUIPlugin
2025-10-12 20:14:55,624 [INFO] IPUIPlugin:80 - create IPUIPlugin
2025-10-12 20:14:55,625 [INFO] IPUIPlugin:80 - create IPUIPlugin
2025-10-12 20:14:55,625 [INFO] IPUIPlugin:80 - create IPUIPlugin
2025-10-12 20:14:55,625 [INFO] IPUIPlugin:80 - create IPUIPlugin
2025-10-12 20:14:55,625 [INFO] IPUIPlugin:80 - create IPUIPlugin
2025-10-12 20:14:55,705 [INFO] ApiDbMcu:532 - Load IP Config File for PDM2PCM
2025-10-12 20:14:55,929 [INFO] CADModel:165 - CPN selected for project levelSTM32F446RET6
2025-10-12 20:14:55,931 [INFO] CADModel:114 - Register for checkConnection events
2025-10-12 20:14:55,997 [INFO] OpenFileManager:386 - Restore cursor
2025-10-12 20:15:09,369 [INFO] NvicIntPanel:101 - NVIC parent = com.st.microxplorer.plugins.ip.nvic.MultiNvicIntPanel[,0,0,450x149,layout=javax.swing.BoxLayout,alignmentX=0.0,alignmentY=0.0,border=,flags=9,maximumSize=,minimumSize=,preferredSize=]
2025-10-12 20:15:10,913 [INFO] NvicIntPanel:101 - NVIC parent = com.st.microxplorer.plugins.ip.nvic.MultiNvicIntPanel[,0,0,0x0,invalid,layout=javax.swing.BoxLayout,alignmentX=0.0,alignmentY=0.0,border=,flags=9,maximumSize=,minimumSize=,preferredSize=]
2025-10-12 20:15:23,504 [INFO] UtilMem:75 - End SaveConfig() Used Memory: 447951344 Bytes (741343232)
2025-10-12 20:15:24,688 [INFO] UtilMem:75 - End SaveConfig() Used Memory: 476789232 Bytes (741343232)
2025-10-12 20:15:25,823 [INFO] UtilMem:75 - End SaveConfig() Used Memory: 534205896 Bytes (741343232)
2025-10-12 20:15:26,217 [INFO] BlockDiagram:2775 - set Specific Code input for plugin: SYS
2025-10-12 20:15:26,217 [INFO] BlockDiagram:2775 - set Specific Code input for plugin: RCC
2025-10-12 20:15:26,218 [INFO] BlockDiagram:2775 - set Specific Code input for plugin: NVIC
2025-10-12 20:15:26,218 [INFO] BlockDiagram:2775 - set Specific Code input for plugin: USART
2025-10-12 20:15:26,219 [INFO] BlockDiagram:2775 - set Specific Code input for plugin: GPIO
2025-10-12 20:15:26,219 [INFO] CodeGenerator:892 - code generatio: config db path: C:\ST\STM32CubeIDE_1.19.0\STM32CubeIDE\plugins\com.st.stm32cube.common.mx_6.15.0.202507011659\\db\
2025-10-12 20:15:26,518 [INFO] CodeEngine:265 - oldGeneratedFile, D:\CESE_25_Embebidos\practica_5\MXTmpFiles\license.tmp_save
2025-10-12 20:15:26,864 [INFO] CodeEngine:289 - Generated code: D:\CESE_25_Embebidos\practica_5\MXTmpFiles\license.tmp
2025-10-12 20:15:26,913 [INFO] CodeEngine:265 - oldGeneratedFile, D:\CESE_25_Embebidos\practica_5\MXTmpFiles\gpio.tmp_save
2025-10-12 20:15:27,087 [INFO] CodeEngine:289 - Generated code: D:\CESE_25_Embebidos\practica_5\MXTmpFiles\gpio.tmp
2025-10-12 20:15:27,169 [INFO] CodeEngine:265 - oldGeneratedFile, D:\CESE_25_Embebidos\practica_5\Core\Src\stm32f4xx_it.c_save
2025-10-12 20:15:27,359 [INFO] CodeEngine:289 - Generated code: D:\CESE_25_Embebidos\practica_5\Core\Src\stm32f4xx_it.c
2025-10-12 20:15:27,364 [INFO] CodeEngine:265 - oldGeneratedFile, D:\CESE_25_Embebidos\practica_5\Core\Inc\stm32f4xx_it.h_save
2025-10-12 20:15:27,448 [INFO] CodeEngine:289 - Generated code: D:\CESE_25_Embebidos\practica_5\Core\Inc\stm32f4xx_it.h
2025-10-12 20:15:27,460 [INFO] CodeEngine:265 - oldGeneratedFile, D:\CESE_25_Embebidos\practica_5\Core\Src\stm32f4xx_hal_msp.c_save
2025-10-12 20:15:27,632 [INFO] CodeEngine:289 - Generated code: D:\CESE_25_Embebidos\practica_5\Core\Src\stm32f4xx_hal_msp.c
2025-10-12 20:15:27,637 [INFO] CodeEngine:265 - oldGeneratedFile, D:\CESE_25_Embebidos\practica_5\MXTmpFiles\system.tmp_save
2025-10-12 20:15:27,700 [INFO] CodeEngine:289 - Generated code: D:\CESE_25_Embebidos\practica_5\MXTmpFiles\system.tmp
2025-10-12 20:15:27,719 [INFO] CodeEngine:321 - oldGeneratedFile, D:\CESE_25_Embebidos\practica_5\Core\Inc\stm32f4xx_hal_conf.h_save
2025-10-12 20:15:27,857 [INFO] CodeEngine:345 - Generated code: D:\CESE_25_Embebidos\practica_5\Core\Inc\stm32f4xx_hal_conf.h
2025-10-12 20:15:27,898 [WARN] IPConfigManager:3238 - Warning: the RefConfig PLL2P_FOR_MCO is not available in your config.xml file
2025-10-12 20:15:27,905 [INFO] ApiDbMcu:532 - Load IP Config File for USART2
2025-10-12 20:15:27,909 [INFO] ApiDbMcu:532 - Load IP Config File for RCC
2025-10-12 20:15:27,921 [INFO] CodeEngine:265 - oldGeneratedFile, D:\CESE_25_Embebidos\practica_5\Core\Inc\main.h_save
2025-10-12 20:15:28,069 [INFO] CodeEngine:289 - Generated code: D:\CESE_25_Embebidos\practica_5\Core\Inc\main.h
2025-10-12 20:15:28,076 [INFO] CodeEngine:265 - oldGeneratedFile, D:\CESE_25_Embebidos\practica_5\Core\Src\main.c_save
2025-10-12 20:15:28,230 [INFO] CodeEngine:289 - Generated code: D:\CESE_25_Embebidos\practica_5\Core\Src\main.c
2025-10-12 20:15:28,369 [INFO] ProjectBuilder:3606 - Time for Copy HAL[2] : 2mS.
2025-10-12 20:15:28,376 [INFO] ProjectBuilder:5216 - Project Generator version: 4.7.0-B52
2025-10-12 20:15:28,447 [INFO] ConfigFileManager:1595 - The Die is : DIE421
2025-10-12 20:15:28,457 [INFO] ApiDbMcu:532 - Load IP Config File for FATFS
2025-10-12 20:15:28,463 [INFO] ApiDbMcu:532 - Load IP Config File for FREERTOS
2025-10-12 20:15:28,466 [INFO] ApiDbMcu:532 - Load IP Config File for LIBJPEG
2025-10-12 20:15:28,471 [INFO] ApiDbMcu:532 - Load IP Config File for MBEDTLS
2025-10-12 20:15:28,479 [INFO] ApiDbMcu:532 - Load IP Config File for USB_DEVICE
2025-10-12 20:15:28,482 [INFO] ApiDbMcu:532 - Load IP Config File for USB_HOST
2025-10-12 20:15:28,849 [INFO] LogOutputStream:77 - [STDOUT_REDIRECT] 
2025-10-12 20:15:29,799 [INFO] ProjectBuilder:5496 - Time for Generating toolchain IDE Files: 1424mS.
2025-10-12 20:15:29,799 [INFO] ProjectBuilder:3463 - Time for Copy CMSIS : 0mS.
2025-10-12 20:15:29,801 [INFO] ProjectBuilder:3463 - Time for Copy CMSIS : 0mS.
2025-10-12 21:37:45,120 [INFO] MainUpdater:2872 - connection check result : 10
2025-10-12 21:37:45,120 [INFO] MainUpdater:2872 - connection check result : 10
2025-10-12 21:37:45,136 [ERROR] IocParser:57 - IOException caught: D:\CESE_25_Embebidos\practica_5\practica_5.ioc (El sistema no puede encontrar la ruta especificada)
2025-10-12 21:37:45,137 [ERROR] PeripheralListParser:95 - Something went wrong with ioc file reading: D:\CESE_25_Embebidos\practica_5\practica_5.ioc (El sistema no puede encontrar la ruta especificada)
2025-10-12 21:37:45,138 [ERROR] RegexParser:59 - Issue caught when parsing regex: D:\CESE_25_Embebidos\practica_5\practica_5.ioc (El sistema no puede encontrar la ruta especificada)
2025-10-12 21:37:45,208 [INFO] MicroXplorer:468 - Change Database Path : 
2025-10-12 21:37:45,209 [INFO] MicroXplorer:498 - Change Database Version : DB.6.0.150
2025-10-12 21:37:45,266 [ERROR] ProjectManagerView:395 - 
java.lang.NullPointerException: Cannot invoke "javax.swing.JTextField.getText()" because the return value of "java.util.List.get(int)" is null
	at com.st.microxplorer.plugins.projectmanager.gui.ProjectChoiceTab$9.caretUpdate(ProjectChoiceTab.java:2706) ~[filemanager.jar:?]
	at javax.swing.text.JTextComponent.fireCaretUpdate(JTextComponent.java:408) ~[?:?]
	at javax.swing.text.JTextComponent$MutableCaretEvent.fire(JTextComponent.java:4484) ~[?:?]
	at javax.swing.text.JTextComponent$MutableCaretEvent.stateChanged(JTextComponent.java:4506) ~[?:?]
	at javax.swing.text.DefaultCaret.fireStateChanged(DefaultCaret.java:857) ~[?:?]
	at javax.swing.text.DefaultCaret.changeCaretPosition(DefaultCaret.java:1343) ~[?:?]
	at javax.swing.text.DefaultCaret.handleSetDot(DefaultCaret.java:1242) ~[?:?]
	at javax.swing.text.DefaultCaret.setDot(DefaultCaret.java:1223) ~[?:?]
	at javax.swing.text.DefaultCaret$Handler.insertUpdate(DefaultCaret.java:1819) ~[?:?]
	at javax.swing.text.AbstractDocument.fireInsertUpdate(AbstractDocument.java:227) ~[?:?]
	at javax.swing.text.AbstractDocument.handleInsertString(AbstractDocument.java:781) ~[?:?]
	at javax.swing.text.AbstractDocument.insertString(AbstractDocument.java:740) ~[?:?]
	at javax.swing.text.PlainDocument.insertString(PlainDocument.java:131) ~[?:?]
	at javax.swing.text.AbstractDocument.replace(AbstractDocument.java:699) ~[?:?]
	at javax.swing.text.JTextComponent.setText(JTextComponent.java:1725) ~[?:?]
	at com.st.microxplorer.plugins.projectmanager.gui.ProjectChoiceTab.createHeapStackFields(ProjectChoiceTab.java:993) ~[filemanager.jar:?]
	at com.st.microxplorer.plugins.projectmanager.gui.ProjectChoiceTab.buildLinkSettingsPanel(ProjectChoiceTab.java:3813) ~[filemanager.jar:?]
	at com.st.microxplorer.plugins.projectmanager.gui.ProjectChoiceTab.defineWindowsFields(ProjectChoiceTab.java:1987) ~[filemanager.jar:?]
	at com.st.microxplorer.plugins.projectmanager.gui.ProjectChoiceTab.updateSettings(ProjectChoiceTab.java:558) ~[filemanager.jar:?]
	at com.st.microxplorer.plugins.projectmanager.gui.ProjectSettingsPanel.UpdateDialog(ProjectSettingsPanel.java:247) ~[filemanager.jar:?]
	at com.st.microxplorer.plugins.projectmanager.ProjectManagerView.propertyChange(ProjectManagerView.java:392) ~[filemanager.jar:?]
	at java.beans.PropertyChangeSupport.fire(PropertyChangeSupport.java:343) ~[?:?]
	at java.beans.PropertyChangeSupport.firePropertyChange(PropertyChangeSupport.java:335) ~[?:?]
	at java.beans.PropertyChangeSupport.firePropertyChange(PropertyChangeSupport.java:268) ~[?:?]
	at com.st.microxplorer.util.MXPropertyChangeSupport.firePropertyChange(MXPropertyChangeSupport.java:54) ~[STM32CubeMX.jar:?]
	at com.st.microxplorer.mxsystem.MxSystem.closeConfig(MxSystem.java:899) ~[STM32CubeMX.jar:?]
	at com.st.microxplorer.maingui.MainPanel.closeConfig(MainPanel.java:792) ~[STM32CubeMX.jar:?]
	at com.st.microxplorer.plugins.filemanager.engine.OpenFileManager.loadConfigurationFile(OpenFileManager.java:288) ~[filemanager.jar:?]
	at com.st.microxplorer.plugins.filemanager.engine.MainFileManager.userLoadConfig(MainFileManager.java:364) ~[filemanager.jar:?]
	at com.st.microxplorer.plugins.filemanager.engine.MainFileManager.userLoadConfig(MainFileManager.java:342) ~[filemanager.jar:?]
	at com.st.microxplorer.plugins.filemanager.FileManagerView.getSpecificTask(FileManagerView.java:264) ~[filemanager.jar:?]
	at com.st.stm32cube.common.mx.editor.CubeMxEditor.getMxTabbedPaneInstance(CubeMxEditor.java:1198) ~[com.st.stm32cube.common.mx_6.15.0.202507011659/:?]
	at com.st.stm32cube.common.mx.editor.CubeMxEditor$12$1.createSwingComponent(CubeMxEditor.java:1068) ~[com.st.stm32cube.common.mx_6.15.0.202507011659/:?]
	at com.st.stm32cube.common.mx.oss.core.awtswtbridge.EmbeddedSwingComposite.doComponentCreation(EmbeddedSwingComposite.java:492) ~[com.st.stm32cube.common.mx.oss_6.15.0.202507011659/:?]
	at com.st.stm32cube.common.mx.oss.core.awtswtbridge.EmbeddedSwingComposite$4.run(EmbeddedSwingComposite.java:291) ~[com.st.stm32cube.common.mx.oss_6.15.0.202507011659/:?]
	at com.st.stm32cube.common.mx.oss.core.awtswtbridge.AwtEnvironment$2.run(AwtEnvironment.java:166) ~[com.st.stm32cube.common.mx.oss_6.15.0.202507011659/:?]
	at java.awt.event.InvocationEvent.dispatch(InvocationEvent.java:318) ~[?:?]
	at java.awt.EventQueue.dispatchEventImpl(EventQueue.java:773) ~[?:?]
	at java.awt.EventQueue$4.run(EventQueue.java:720) ~[?:?]
	at java.awt.EventQueue$4.run(EventQueue.java:714) ~[?:?]
	at java.security.AccessController.doPrivileged(AccessController.java:400) ~[?:?]
	at java.security.ProtectionDomain$JavaSecurityAccessImpl.doIntersectionPrivilege(ProtectionDomain.java:87) ~[?:?]
	at java.awt.EventQueue.dispatchEvent(EventQueue.java:742) ~[?:?]
	at java.awt.EventDispatchThread.pumpOneEventForFilters(EventDispatchThread.java:203) ~[?:?]
	at java.awt.EventDispatchThread.pumpEventsForFilter(EventDispatchThread.java:124) ~[?:?]
	at java.awt.EventDispatchThread.pumpEventsForHierarchy(EventDispatchThread.java:113) ~[?:?]
	at java.awt.EventDispatchThread.pumpEvents(EventDispatchThread.java:109) ~[?:?]
	at java.awt.EventDispatchThread.pumpEvents(EventDispatchThread.java:101) ~[?:?]
	at java.awt.EventDispatchThread.run(EventDispatchThread.java:90) ~[?:?]
2025-10-12 21:37:45,277 [WARN] ThirdParty:871 - waiting for thirdparty lock release [close project]
2025-10-12 21:37:45,277 [INFO] ThirdParty:873 - entering critical section [close project]
2025-10-12 21:37:45,278 [INFO] ThirdParty:883 - exiting critical section [close project]
2025-10-12 21:37:45,282 [INFO] PinOutPanel:1589 - setPackage(No Configuration,No Configuration)
2025-10-12 21:37:45,301 [WARN] IpParametersView:155 - Warning: This peripheral hasn't parameters
2025-10-12 21:37:45,321 [WARN] MainPanel:289 - <html><b><center>Warning: This peripheral has no parameters to be configured<br></b></html>
2025-10-12 21:37:45,330 [INFO] UtilMem:75 - Begin LoadConfig() Used Memory: 422596112 Bytes (783286272)
2025-10-12 21:37:45,332 [INFO] MicroXplorer:468 - Change Database Path : 
2025-10-12 21:37:45,332 [INFO] MicroXplorer:498 - Change Database Version : DB.6.0.150
2025-10-12 21:37:45,332 [INFO] OpenFileManager:355 - Change cursor
2025-10-12 21:37:45,373 [INFO] RulesReader:64 - Compatibility file has been processed (317 Rules)
2025-10-12 21:37:45,380 [INFO] Mcu:2029 - Initializing MCU STM32F446R(C-E)Tx STM32F446RETx STM32F446RET6
2025-10-12 21:37:46,711 [INFO] Context:786 - Trying to add GPIOservice into a context  which must be forbidden
2025-10-12 21:37:47,301 [INFO] ApiDbMcu:532 - Load IP Config File for STMicroelectronics.X-CUBE-NFC10.1.0.0
2025-10-12 21:37:47,383 [INFO] ImportTextPane:234 - (OptionalMessage_ERROR) Pin19 (VP_RIF_VS_RIF1) cannot be retrieved for this MCU
2025-10-12 21:37:47,439 [INFO] RtosManager:558 - Registered RTOS mode: class=CMSIS, group=RTOS, mode=CMSIS_V1, owner=FREERTOS
2025-10-12 21:37:47,439 [INFO] RtosManager:558 - Registered RTOS mode: class=CMSIS, group=RTOS2, mode=CMSIS_V2, owner=FREERTOS
2025-10-12 21:37:47,439 [INFO] RtosManager:558 - Registered RTOS mode: class=RTOS, group=Core, mode=CMSIS_V1, owner=FREERTOS
2025-10-12 21:37:47,439 [INFO] RtosManager:558 - Registered RTOS mode: class=RTOS, group=Core, mode=CMSIS_V2, owner=FREERTOS
2025-10-12 21:37:47,439 [WARN] ModelIntegratedComponent:184 - Missing modes for component STMicroelectronics:FreeRTOS:0.0.1:STMicroelectronics:RTOS:FreeRTOS:Core:::10.2.0:
2025-10-12 21:37:47,453 [WARN] ModelIntegratedComponent:63 - No mode defined for component null
2025-10-12 21:37:47,454 [WARN] ModelIntegratedComponent:63 - No mode defined for component null
2025-10-12 21:37:47,454 [WARN] ModelIntegratedComponent:63 - No mode defined for component null
2025-10-12 21:37:47,454 [WARN] ModelIntegratedComponent:63 - No mode defined for component null
2025-10-12 21:37:47,454 [WARN] ModelIntegratedComponent:63 - No mode defined for component null
2025-10-12 21:37:47,454 [WARN] ModelIntegratedComponent:63 - No mode defined for component null
2025-10-12 21:37:47,454 [WARN] ModelIntegratedComponent:63 - No mode defined for component null
2025-10-12 21:37:47,454 [WARN] ModelIntegratedComponent:63 - No mode defined for component null
2025-10-12 21:37:47,454 [WARN] ModelIntegratedComponent:63 - No mode defined for component null
2025-10-12 21:37:47,454 [WARN] ModelIntegratedComponent:63 - No mode defined for component null
2025-10-12 21:37:47,454 [WARN] ModelIntegratedComponent:63 - No mode defined for component null
2025-10-12 21:37:47,454 [WARN] ModelIntegratedComponent:63 - No mode defined for component null
2025-10-12 21:37:47,454 [WARN] ModelIntegratedComponent:63 - No mode defined for component null
2025-10-12 21:37:47,454 [WARN] ModelIntegratedComponent:63 - No mode defined for component null
2025-10-12 21:37:47,454 [WARN] ModelIntegratedComponent:63 - No mode defined for component null
2025-10-12 21:37:47,454 [WARN] ModelIntegratedComponent:63 - No mode defined for component null
2025-10-12 21:37:47,456 [WARN] ModelIntegratedComponent:63 - No mode defined for component null
2025-10-12 21:37:47,456 [WARN] ModelIntegratedComponent:63 - No mode defined for component null
2025-10-12 21:37:47,456 [WARN] ModelIntegratedComponent:63 - No mode defined for component null
2025-10-12 21:37:47,456 [WARN] ModelIntegratedComponent:63 - No mode defined for component null
2025-10-12 21:37:47,456 [WARN] ModelIntegratedComponent:63 - No mode defined for component null
2025-10-12 21:37:47,456 [WARN] ModelIntegratedComponent:63 - No mode defined for component null
2025-10-12 21:37:47,456 [WARN] ModelIntegratedComponent:63 - No mode defined for component null
2025-10-12 21:37:47,456 [WARN] ModelIntegratedComponent:63 - No mode defined for component null
2025-10-12 21:37:47,456 [WARN] ModelIntegratedComponent:63 - No mode defined for component null
2025-10-12 21:37:47,456 [WARN] ModelIntegratedComponent:63 - No mode defined for component null
2025-10-12 21:37:47,456 [WARN] ModelIntegratedComponent:63 - No mode defined for component null
2025-10-12 21:37:47,456 [WARN] ModelIntegratedComponent:63 - No mode defined for component null
2025-10-12 21:37:47,456 [WARN] ModelIntegratedComponent:63 - No mode defined for component null
2025-10-12 21:37:47,456 [WARN] ModelIntegratedComponent:63 - No mode defined for component null
2025-10-12 21:37:47,456 [WARN] ModelIntegratedComponent:63 - No mode defined for component null
2025-10-12 21:37:47,456 [WARN] ModelIntegratedComponent:63 - No mode defined for component null
2025-10-12 21:37:47,456 [WARN] ModelIntegratedComponent:63 - No mode defined for component null
2025-10-12 21:37:47,456 [WARN] ModelIntegratedComponent:63 - No mode defined for component null
2025-10-12 21:37:47,456 [WARN] ModelIntegratedComponent:63 - No mode defined for component null
2025-10-12 21:37:47,457 [WARN] ModelPack:524 - Component already loaded: STMicroelectronics:HAL Drivers:0.0.0:STMicroelectronics:Device:STMicro_Driver:XSPI:HAL::0.0.1:HAL_XSPI
2025-10-12 21:37:47,921 [INFO] ThirdPartyModel:298 - Start build external matchings
2025-10-12 21:37:48,205 [INFO] ThirdPartyModel:316 - End build external matchings
2025-10-12 21:37:48,216 [INFO] ImportTextPane:234 - (OptionalMessage_ERROR) IP (RCC) : Invalid parameter (48MHZClocksFreq_Value)
2025-10-12 21:37:48,216 [INFO] ImportTextPane:234 - (OptionalMessage_ERROR) IP (RCC) : Invalid parameter (EthernetFreq_Value)
2025-10-12 21:37:48,217 [INFO] ImportTextPane:234 - (OptionalMessage_ERROR) IP (RCC) : Parameter (FLatency) has Id (AdvancedSettings) currently not set
2025-10-12 21:37:48,217 [INFO] ImportTextPane:234 - (OptionalMessage_ERROR) IP (RCC) : Invalid parameter (FamilyName)
2025-10-12 21:37:48,217 [INFO] ImportTextPane:234 - (OptionalMessage_ERROR) IP (RCC) : Invalid parameter (I2SClocksFreq_Value)
2025-10-12 21:37:48,218 [INFO] ImportTextPane:234 - (OptionalMessage_ERROR) IP (RCC) : Parameter (SDIOFreq_Value) has invalid value (168000000)
2025-10-12 21:37:48,218 [INFO] ImportTextPane:234 - (OptionalMessage_ERROR) IP (RCC) : Parameter (USBFreq_Value) has invalid value (168000000)
2025-10-12 21:37:48,218 [INFO] ImportTextPane:234 - (OptionalMessage_ERROR) IP (RCC) : Invalid parameter (VCOInputMFreq_Value)
2025-10-12 21:37:48,219 [INFO] ImportTextPane:234 - (OptionalMessage_ERROR) IP (RCC) : Invalid parameter (VcooutputI2S)
2025-10-12 21:37:48,474 [INFO] UtilMem:75 - End LoadConfig() Used Memory: 541182312 Bytes (783286272)
2025-10-12 21:37:48,530 [WARN] ThirdParty:833 - waiting for thirdparty lock release [change project]
2025-10-12 21:37:48,530 [INFO] ThirdParty:835 - entering critical section [change project]
2025-10-12 21:37:48,530 [INFO] ThirdParty:1030 - CMSIS Pack Vendor :STMicroelectronics X-CUBE-PM33A1 1.0.0
2025-10-12 21:37:48,530 [INFO] ThirdParty:1030 - CMSIS Pack Vendor :STMicroelectronics USBPD 4.1
2025-10-12 21:37:48,531 [INFO] ThirdParty:1030 - CMSIS Pack Vendor :STMicroelectronics X-CUBE-NFC9 1.0.0
2025-10-12 21:37:48,531 [INFO] ThirdParty:1030 - CMSIS Pack Vendor :STMicroelectronics USB_HOST 2.0.0
2025-10-12 21:37:48,532 [INFO] ThirdParty:1030 - CMSIS Pack Vendor :STMicroelectronics FP-SNS-MOTENVWB1 1.4.0
2025-10-12 21:37:48,532 [INFO] ThirdParty:1030 - CMSIS Pack Vendor :STMicroelectronics X-CUBE-AZRTOS-F4 1.1.0
2025-10-12 21:37:48,532 [INFO] ThirdParty:1030 - CMSIS Pack Vendor :STMicroelectronics LIBJPEG 8.0.0
2025-10-12 21:37:48,532 [INFO] ThirdParty:1030 - CMSIS Pack Vendor :STMicroelectronics FP-ATR-ASTRA1 2.0.2
2025-10-12 21:37:48,532 [INFO] ThirdParty:1030 - CMSIS Pack Vendor :wolfSSL I-CUBE-wolfSSL 5.8.2
2025-10-12 21:37:48,532 [INFO] ThirdParty:1030 - CMSIS Pack Vendor :STMicroelectronics X-CUBE-BLE1 7.1.0
2025-10-12 21:37:48,532 [INFO] ThirdParty:1030 - CMSIS Pack Vendor :Avnet-IotConnect X-CUBE-IoTC-DA16k-PMOD 1.0.0
2025-10-12 21:37:48,532 [INFO] ThirdParty:1030 - CMSIS Pack Vendor :STMicroelectronics X-CUBE-SMBUS 2.1.0
2025-10-12 21:37:48,532 [INFO] ThirdParty:1030 - CMSIS Pack Vendor :wolfSSL I-CUBE-wolfMQTT 1.19.2
2025-10-12 21:37:48,533 [INFO] ThirdParty:1030 - CMSIS Pack Vendor :STMicroelectronics USB_DEVICE 3.0.0
2025-10-12 21:37:48,533 [INFO] ThirdParty:1030 - CMSIS Pack Vendor :STMicroelectronics X-CUBE-ISPU 2.1.0
2025-10-12 21:37:48,533 [INFO] ThirdParty:1030 - CMSIS Pack Vendor :STMicroelectronics X-CUBE-EEPRMA1 5.2.0
2025-10-12 21:37:48,533 [INFO] ThirdParty:1030 - CMSIS Pack Vendor :STMicroelectronics X-CUBE-IPS 3.2.0
2025-10-12 21:37:48,533 [INFO] ThirdParty:1030 - CMSIS Pack Vendor :STMicroelectronics X-CUBE-BLEMGR 4.1.0
2025-10-12 21:37:48,533 [INFO] ThirdParty:1030 - CMSIS Pack Vendor :STMicroelectronics X-CUBE-AZRTOS-WB 2.0.0
2025-10-12 21:37:48,533 [INFO] ThirdParty:1030 - CMSIS Pack Vendor :STMicroelectronics X-CUBE-ST60 1.0.0
2025-10-12 21:37:48,533 [INFO] ThirdParty:1030 - CMSIS Pack Vendor :STMicroelectronics X-CUBE-GNSS1 7.0.1
2025-10-12 21:37:48,533 [INFO] ThirdParty:1030 - CMSIS Pack Vendor :STMicroelectronics X-CUBE-NFC12 1.0.0
2025-10-12 21:37:48,533 [INFO] ThirdParty:1030 - CMSIS Pack Vendor :STMicroelectronics X-CUBE-AZRTOS-F7 1.1.0
2025-10-12 21:37:48,533 [INFO] ThirdParty:1030 - CMSIS Pack Vendor :STMicroelectronics X-CUBE-AZRTOS-L5 2.0.0
2025-10-12 21:37:48,533 [INFO] ThirdParty:1030 - CMSIS Pack Vendor :STMicroelectronics X-CUBE-TOUCHGFX 4.25.0
2025-10-12 21:37:48,533 [INFO] ThirdParty:1030 - CMSIS Pack Vendor :STMicroelectronics USB_DEVICE 2.0.0
2025-10-12 21:37:48,533 [INFO] ThirdParty:1030 - CMSIS Pack Vendor :STMicroelectronics X-CUBE-NFC6 3.1.0
2025-10-12 21:37:48,533 [INFO] ThirdParty:1030 - CMSIS Pack Vendor :STMicroelectronics X-CUBE-ST67W61 1.1.0
2025-10-12 21:37:48,533 [INFO] ThirdParty:1030 - CMSIS Pack Vendor :Cesanta I-CUBE-Mongoose 7.19.0
2025-10-12 21:37:48,533 [INFO] ThirdParty:1030 - CMSIS Pack Vendor :quantropi X-CUBE-qispace-sdk-base 2.1.0
2025-10-12 21:37:48,533 [INFO] ThirdParty:1030 - CMSIS Pack Vendor :STMicroelectronics FreeRTOS 0.0.1
2025-10-12 21:37:48,533 [INFO] ThirdParty:1030 - CMSIS Pack Vendor :STMicroelectronics X-CUBE-AZRTOS-G0 1.1.0
2025-10-12 21:37:48,534 [INFO] ThirdParty:1030 - CMSIS Pack Vendor :STMicroelectronics X-CUBE-SAFEA1 1.2.2
2025-10-12 21:37:48,534 [INFO] ThirdParty:1030 - CMSIS Pack Vendor :STMicroelectronics X-CUBE-NFC4 3.0.0
2025-10-12 21:37:48,534 [INFO] ThirdParty:1030 - CMSIS Pack Vendor :STMicroelectronics X-CUBE-SUBG2 5.0.0
2025-10-12 21:37:48,534 [INFO] ThirdParty:1030 - CMSIS Pack Vendor :STMicroelectronics X-CUBE-AZRTOS-H7RS 1.1.0
2025-10-12 21:37:48,534 [INFO] ThirdParty:1030 - CMSIS Pack Vendor :STMicroelectronics STM32_WPAN 1.0.0
2025-10-12 21:37:48,534 [INFO] ThirdParty:1030 - CMSIS Pack Vendor :EmbeddedOffice I-CUBE-FS-RTOS 1.0.1
2025-10-12 21:37:48,534 [INFO] ThirdParty:1030 - CMSIS Pack Vendor :STMicroelectronics lwIP 2.0.3
2025-10-12 21:37:48,534 [INFO] ThirdParty:1030 - CMSIS Pack Vendor :WES I-CUBE-Cesium 1.4.0
2025-10-12 21:37:48,534 [INFO] ThirdParty:1030 - CMSIS Pack Vendor :Cesanta I-CUBE-Mongoose 7.13.0
2025-10-12 21:37:48,534 [INFO] ThirdParty:1030 - CMSIS Pack Vendor :STMicroelectronics USB_HOST 1.0.0
2025-10-12 21:37:48,534 [INFO] ThirdParty:1030 - CMSIS Pack Vendor :Infineon AIROC-Wi-Fi-Bluetooth-STM32 1.7.1
2025-10-12 21:37:48,534 [INFO] ThirdParty:1030 - CMSIS Pack Vendor :STMicroelectronics X-CUBE-AZRTOS-G4 2.0.0
2025-10-12 21:37:48,534 [INFO] ThirdParty:1030 - CMSIS Pack Vendor :STMicroelectronics X-CUBE-WB05N 2.0.0
2025-10-12 21:37:48,534 [INFO] ThirdParty:1030 - CMSIS Pack Vendor :STMicroelectronics PDM2PCM 3.1.0
2025-10-12 21:37:48,534 [INFO] ThirdParty:1030 - CMSIS Pack Vendor :STMicroelectronics PDM2PCM 3.3.0
2025-10-12 21:37:48,534 [INFO] ThirdParty:1030 - CMSIS Pack Vendor :wolfSSL I-CUBE-wolfTPM 3.8.0
2025-10-12 21:37:48,534 [INFO] ThirdParty:1030 - CMSIS Pack Vendor :STMicroelectronics X-CUBE-AZRTOS-H7 3.4.0
2025-10-12 21:37:48,534 [INFO] ThirdParty:1030 - CMSIS Pack Vendor :STMicroelectronics X-CUBE-DISPLAY 3.0.0
2025-10-12 21:37:48,534 [INFO] ThirdParty:1030 - CMSIS Pack Vendor :wolfSSL I-CUBE-wolfSSH 1.4.20
2025-10-12 21:37:48,534 [INFO] ThirdParty:1030 - CMSIS Pack Vendor :STMicroelectronics X-CUBE-NFC7 2.0.0
2025-10-12 21:37:48,534 [INFO] ThirdParty:1030 - CMSIS Pack Vendor :STMicroelectronics X-CUBE-TCPP 4.2.0
2025-10-12 21:37:48,534 [INFO] ThirdParty:1030 - CMSIS Pack Vendor :RealThread X-CUBE-RT-Thread_Nano 4.1.1
2025-10-12 21:37:48,535 [INFO] ThirdParty:1030 - CMSIS Pack Vendor :STMicroelectronics FP-ATR-SIGFOX1 3.2.0
2025-10-12 21:37:48,535 [INFO] ThirdParty:1030 - CMSIS Pack Vendor :STMicroelectronics X-CUBE-NFC10 1.0.0
2025-10-12 21:37:48,535 [INFO] ThirdParty:1030 - CMSIS Pack Vendor :STMicroelectronics X-CUBE-FREERTOS 1.3.1
2025-10-12 21:37:48,535 [INFO] ThirdParty:1030 - CMSIS Pack Vendor :STMicroelectronics HAL Drivers 0.0.0
2025-10-12 21:37:48,535 [INFO] ThirdParty:1030 - CMSIS Pack Vendor :STMicroelectronics MBEDTLS 2.16.2
2025-10-12 21:37:48,535 [INFO] ThirdParty:1030 - CMSIS Pack Vendor :STMicroelectronics X-CUBE-IPS 3.1.0
2025-10-12 21:37:48,535 [INFO] ThirdParty:1030 - CMSIS Pack Vendor :STMicroelectronics X-CUBE-ALS 1.0.2
2025-10-12 21:37:48,535 [INFO] ThirdParty:1030 - CMSIS Pack Vendor :emotas I-CUBE-CANOPEN 1.3.0
2025-10-12 21:37:48,535 [INFO] ThirdParty:1030 - CMSIS Pack Vendor :STMicroelectronics MBEDTLS 2.14.1
2025-10-12 21:37:48,535 [INFO] ThirdParty:1030 - CMSIS Pack Vendor :ITTIA_DB I-CUBE-ITTIADB 8.9.0
2025-10-12 21:37:48,535 [INFO] ThirdParty:1030 - CMSIS Pack Vendor :STMicroelectronics X-CUBE-TOUCHGFX 4.26.0
2025-10-12 21:37:48,535 [INFO] ThirdParty:1030 - CMSIS Pack Vendor :STMicroelectronics X-CUBE-STSE01 1.0.0
2025-10-12 21:37:48,535 [INFO] ThirdParty:1030 - CMSIS Pack Vendor :portGmbH I-Cube-SoM-uGOAL 1.1.0
2025-10-12 21:37:48,535 [INFO] ThirdParty:1030 - CMSIS Pack Vendor :STMicroelectronics X-CUBE-ST67W61 1.0.0
2025-10-12 21:37:48,535 [INFO] ThirdParty:1030 - CMSIS Pack Vendor :STMicroelectronics FP-SNS-STBOX1 2.1.0
2025-10-12 21:37:48,535 [INFO] ThirdParty:1030 - CMSIS Pack Vendor :STMicroelectronics X-CUBE-AI 10.2.0
2025-10-12 21:37:48,535 [INFO] ThirdParty:1030 - CMSIS Pack Vendor :STMicroelectronics FP-SNS-STAIOTCFT 1.0.0
2025-10-12 21:37:48,535 [INFO] ThirdParty:1030 - CMSIS Pack Vendor :STMicroelectronics ThreadX 1.0.0
2025-10-12 21:37:48,535 [INFO] ThirdParty:1030 - CMSIS Pack Vendor :STMicroelectronics FP-SNS-SMARTAG2 1.2.0
2025-10-12 21:37:48,535 [INFO] ThirdParty:1030 - CMSIS Pack Vendor :STMicroelectronics FP-SNS-FLIGHT1 5.1.0
2025-10-12 21:37:48,535 [INFO] ThirdParty:1030 - CMSIS Pack Vendor :STMicroelectronics X-CUBE-AZRTOS-WL 2.0.0
2025-10-12 21:37:48,535 [INFO] ThirdParty:1030 - CMSIS Pack Vendor :SEGGER I-CUBE-embOS 1.3.1
2025-10-12 21:37:48,535 [INFO] ThirdParty:1030 - CMSIS Pack Vendor :STMicroelectronics X-CUBE-ALGOBUILD 1.4.0
2025-10-12 21:37:48,535 [INFO] ThirdParty:1030 - CMSIS Pack Vendor :STMicroelectronics X-CUBE-DPower 1.3.0
2025-10-12 21:37:48,536 [INFO] ThirdParty:1030 - CMSIS Pack Vendor :STMicroelectronics X-CUBE-MEMS1 11.3.0
2025-10-12 21:37:48,536 [INFO] ThirdParty:1030 - CMSIS Pack Vendor :STMicroelectronics FP-SNS-MOTENV1 5.0.0
2025-10-12 21:37:48,536 [INFO] ThirdParty:1030 - CMSIS Pack Vendor :STMicroelectronics USB_DEVICE 1.0.0
2025-10-12 21:37:48,536 [INFO] ThirdParty:1030 - CMSIS Pack Vendor :STMicroelectronics X-CUBE-AZRTOS-L4 2.0.0
2025-10-12 21:37:48,536 [INFO] ThirdParty:1030 - CMSIS Pack Vendor :STMicroelectronics ThreadX 0.0.2
2025-10-12 21:37:48,536 [INFO] ThirdParty:1030 - CMSIS Pack Vendor :STMicroelectronics lwIP 2.1.2
2025-10-12 21:37:48,536 [INFO] ThirdParty:1030 - CMSIS Pack Vendor :STMicroelectronics X-CUBE-SFXS2LP1 4.0.0
2025-10-12 21:37:48,536 [INFO] ThirdParty:1030 - CMSIS Pack Vendor :STMicroelectronics X-CUBE-BLE2 3.3.0
2025-10-12 21:37:48,536 [INFO] ThirdParty:1030 - CMSIS Pack Vendor :STMicroelectronics X-CUBE-TOF1 3.4.3
2025-10-12 21:37:48,536 [INFO] ThirdParty:1030 - CMSIS Pack Vendor :STMicroelectronics PDM2PCM 3.2.0
2025-10-12 21:37:48,536 [INFO] ThirdParty:841 - exiting critical section [change project]
2025-10-12 21:37:48,750 [INFO] PinOutPanel:1589 - setPackage(No Configuration,No Configuration)
2025-10-12 21:37:48,752 [INFO] PinOutPanel:1589 - setPackage(STM32F446RETx,LQFP64)
2025-10-12 21:37:49,187 [INFO] UtilMem:75 - Before build in PCC Used Memory: 306561792 Bytes (783286272)
2025-10-12 21:37:49,434 [INFO] UtilMem:75 - After build in PCC Used Memory: 356893440 Bytes (783286272)
2025-10-12 21:37:49,453 [INFO] IPUIPlugin:80 - create IPUIPlugin
2025-10-12 21:37:49,454 [INFO] IPUIPlugin:80 - create IPUIPlugin
2025-10-12 21:37:49,454 [INFO] IPUIPlugin:80 - create IPUIPlugin
2025-10-12 21:37:49,454 [INFO] IPUIPlugin:80 - create IPUIPlugin
2025-10-12 21:37:49,454 [INFO] IPUIPlugin:80 - create IPUIPlugin
2025-10-12 21:37:49,454 [INFO] IPUIPlugin:80 - create IPUIPlugin
2025-10-12 21:37:49,454 [INFO] IPUIPlugin:80 - create IPUIPlugin
2025-10-12 21:37:49,455 [INFO] IPUIPlugin:80 - create IPUIPlugin
2025-10-12 21:37:49,455 [INFO] IPUIPlugin:80 - create IPUIPlugin
2025-10-12 21:37:49,455 [INFO] IPUIPlugin:80 - create IPUIPlugin
2025-10-12 21:37:49,455 [INFO] IPUIPlugin:80 - create IPUIPlugin
2025-10-12 21:37:49,455 [INFO] IPUIPlugin:80 - create IPUIPlugin
2025-10-12 21:37:49,455 [INFO] IPUIPlugin:80 - create IPUIPlugin
2025-10-12 21:37:49,455 [INFO] IPUIPlugin:80 - create IPUIPlugin
2025-10-12 21:37:49,455 [INFO] IPUIPlugin:80 - create IPUIPlugin
2025-10-12 21:37:49,455 [INFO] IPUIPlugin:80 - create IPUIPlugin
2025-10-12 21:37:49,455 [INFO] IPUIPlugin:80 - create IPUIPlugin
2025-10-12 21:37:49,456 [INFO] IPUIPlugin:80 - create IPUIPlugin
2025-10-12 21:37:49,456 [INFO] IPUIPlugin:80 - create IPUIPlugin
2025-10-12 21:37:49,456 [INFO] IPUIPlugin:80 - create IPUIPlugin
2025-10-12 21:37:49,456 [INFO] IPUIPlugin:80 - create IPUIPlugin
2025-10-12 21:37:49,457 [INFO] IPUIPlugin:80 - create IPUIPlugin
2025-10-12 21:37:49,457 [INFO] IPUIPlugin:80 - create IPUIPlugin
2025-10-12 21:37:49,457 [INFO] IPUIPlugin:80 - create IPUIPlugin
2025-10-12 21:37:49,457 [INFO] IPUIPlugin:80 - create IPUIPlugin
2025-10-12 21:37:49,457 [INFO] IPUIPlugin:80 - create IPUIPlugin
2025-10-12 21:37:49,457 [INFO] IPUIPlugin:80 - create IPUIPlugin
2025-10-12 21:37:49,457 [INFO] IPUIPlugin:80 - create IPUIPlugin
2025-10-12 21:37:49,457 [INFO] IPUIPlugin:80 - create IPUIPlugin
2025-10-12 21:37:49,458 [INFO] IPUIPlugin:80 - create IPUIPlugin
2025-10-12 21:37:49,458 [INFO] IPUIPlugin:80 - create IPUIPlugin
2025-10-12 21:37:49,458 [INFO] IPUIPlugin:80 - create IPUIPlugin
2025-10-12 21:37:49,458 [INFO] IPUIPlugin:80 - create IPUIPlugin
2025-10-12 21:37:49,458 [INFO] IPUIPlugin:80 - create IPUIPlugin
2025-10-12 21:37:49,458 [INFO] IPUIPlugin:80 - create IPUIPlugin
2025-10-12 21:37:49,459 [INFO] IPUIPlugin:80 - create IPUIPlugin
2025-10-12 21:37:49,459 [INFO] IPUIPlugin:80 - create IPUIPlugin
2025-10-12 21:37:49,459 [INFO] IPUIPlugin:80 - create IPUIPlugin
2025-10-12 21:37:49,459 [INFO] IPUIPlugin:80 - create IPUIPlugin
2025-10-12 21:37:49,459 [INFO] IPUIPlugin:80 - create IPUIPlugin
2025-10-12 21:37:49,459 [INFO] IPUIPlugin:80 - create IPUIPlugin
2025-10-12 21:37:49,459 [INFO] IPUIPlugin:80 - create IPUIPlugin
2025-10-12 21:37:49,460 [INFO] IPUIPlugin:80 - create IPUIPlugin
2025-10-12 21:37:49,460 [INFO] IPUIPlugin:80 - create IPUIPlugin
2025-10-12 21:37:49,460 [INFO] IPUIPlugin:80 - create IPUIPlugin
2025-10-12 21:37:49,460 [INFO] IPUIPlugin:80 - create IPUIPlugin
2025-10-12 21:37:49,460 [INFO] IPUIPlugin:80 - create IPUIPlugin
2025-10-12 21:37:49,461 [INFO] IPUIPlugin:80 - create IPUIPlugin
2025-10-12 21:37:49,461 [INFO] IPUIPlugin:80 - create IPUIPlugin
2025-10-12 21:37:49,461 [INFO] IPUIPlugin:80 - create IPUIPlugin
2025-10-12 21:37:49,461 [INFO] IPUIPlugin:80 - create IPUIPlugin
2025-10-12 21:37:49,461 [INFO] IPUIPlugin:80 - create IPUIPlugin
2025-10-12 21:37:49,462 [INFO] IPUIPlugin:80 - create IPUIPlugin
2025-10-12 21:37:49,462 [INFO] IPUIPlugin:80 - create IPUIPlugin
2025-10-12 21:37:49,462 [INFO] IPUIPlugin:80 - create IPUIPlugin
2025-10-12 21:37:49,462 [INFO] IPUIPlugin:80 - create IPUIPlugin
2025-10-12 21:37:49,462 [INFO] IPUIPlugin:80 - create IPUIPlugin
2025-10-12 21:37:49,462 [INFO] IPUIPlugin:80 - create IPUIPlugin
2025-10-12 21:37:49,463 [INFO] IPUIPlugin:80 - create IPUIPlugin
2025-10-12 21:37:49,463 [INFO] IPUIPlugin:80 - create IPUIPlugin
2025-10-12 21:37:49,463 [INFO] IPUIPlugin:80 - create IPUIPlugin
2025-10-12 21:37:49,466 [INFO] ApiDbMcu:532 - Load IP Config File for PDM2PCM
2025-10-12 21:37:49,469 [WARN] IP:2250 - I2C_Coeff_DF not found: check if there is a RefParameter without a condition.
2025-10-12 21:37:49,469 [WARN] IP:2250 - Analog_Filter not found: check if there is a RefParameter without a condition.
2025-10-12 21:37:49,525 [INFO] CADModel:165 - CPN selected for project levelSTM32F446RET6
2025-10-12 21:37:49,525 [INFO] CADModel:114 - Register for checkConnection events
2025-10-12 21:37:49,601 [INFO] OpenFileManager:386 - Restore cursor
2025-10-12 21:37:49,784 [WARN] IP:2250 - I2C_Coeff_DF not found: check if there is a RefParameter without a condition.
2025-10-12 21:37:49,784 [WARN] IP:2250 - Analog_Filter not found: check if there is a RefParameter without a condition.
2025-10-12 21:37:49,784 [WARN] IP:2250 - I2C_Coeff_DF not found: check if there is a RefParameter without a condition.
2025-10-12 21:37:49,785 [WARN] IP:2250 - Analog_Filter not found: check if there is a RefParameter without a condition.
2025-10-12 21:38:00,056 [INFO] NvicIntPanel:101 - NVIC parent = com.st.microxplorer.plugins.ip.nvic.MultiNvicIntPanel[,0,0,0x0,invalid,layout=javax.swing.BoxLayout,alignmentX=0.0,alignmentY=0.0,border=,flags=9,maximumSize=,minimumSize=,preferredSize=]
2025-10-12 21:38:01,818 [INFO] NvicIntPanel:101 - NVIC parent = com.st.microxplorer.plugins.ip.nvic.MultiNvicIntPanel[,0,0,0x0,invalid,layout=javax.swing.BoxLayout,alignmentX=0.0,alignmentY=0.0,border=,flags=9,maximumSize=,minimumSize=,preferredSize=]
2025-10-12 21:38:07,333 [INFO] UtilMem:75 - End SaveConfig() Used Memory: 306169344 Bytes (783286272)
2025-10-12 21:38:09,543 [INFO] UtilMem:75 - End SaveConfig() Used Memory: 286978216 Bytes (783286272)
2025-10-12 21:38:11,305 [INFO] UtilMem:75 - End SaveConfig() Used Memory: 339721112 Bytes (783286272)
2025-10-12 21:38:11,451 [INFO] BlockDiagram:2775 - set Specific Code input for plugin: SPI
2025-10-12 21:38:11,451 [INFO] BlockDiagram:2775 - set Specific Code input for plugin: SYS
2025-10-12 21:38:11,451 [INFO] BlockDiagram:2775 - set Specific Code input for plugin: RCC
2025-10-12 21:38:11,451 [INFO] BlockDiagram:2775 - set Specific Code input for plugin: I2C
2025-10-12 21:38:11,451 [INFO] BlockDiagram:2775 - set Specific Code input for plugin: NVIC
2025-10-12 21:38:11,451 [INFO] BlockDiagram:2775 - set Specific Code input for plugin: USART
2025-10-12 21:38:11,451 [INFO] BlockDiagram:2775 - set Specific Code input for plugin: GPIO
2025-10-12 21:38:11,453 [INFO] CodeGenerator:892 - code generatio: config db path: C:\ST\STM32CubeIDE_1.19.0\STM32CubeIDE\plugins\com.st.stm32cube.common.mx_6.15.0.202507011659\\db\
2025-10-12 21:38:11,453 [WARN] IP:2250 - I2C_Coeff_DF not found: check if there is a RefParameter without a condition.
2025-10-12 21:38:11,454 [WARN] IP:2250 - Analog_Filter not found: check if there is a RefParameter without a condition.
2025-10-12 21:38:11,546 [INFO] IP:3329 - RTE Config file name : RTE_Component
2025-10-12 21:38:11,546 [INFO] IP:3347 - RTE template : RTE_Components.ftl
2025-10-12 21:38:11,552 [INFO] CodeEngine:265 - oldGeneratedFile, D:\CESE_25_Embebidos\tp_final_micro_com\MXTmpFiles\license.tmp_save
2025-10-12 21:38:11,738 [INFO] CodeEngine:289 - Generated code: D:\CESE_25_Embebidos\tp_final_micro_com\MXTmpFiles\license.tmp
2025-10-12 21:38:11,773 [INFO] CodeEngine:265 - oldGeneratedFile, D:\CESE_25_Embebidos\tp_final_micro_com\MXTmpFiles\gpio.tmp_save
2025-10-12 21:38:11,934 [INFO] CodeEngine:289 - Generated code: D:\CESE_25_Embebidos\tp_final_micro_com\MXTmpFiles\gpio.tmp
2025-10-12 21:38:12,047 [INFO] CodeEngine:265 - oldGeneratedFile, D:\CESE_25_Embebidos\tp_final_micro_com\Core\Src\stm32f4xx_it.c_save
2025-10-12 21:38:12,315 [INFO] CodeEngine:289 - Generated code: D:\CESE_25_Embebidos\tp_final_micro_com\Core\Src\stm32f4xx_it.c
2025-10-12 21:38:12,321 [INFO] CodeEngine:265 - oldGeneratedFile, D:\CESE_25_Embebidos\tp_final_micro_com\Core\Inc\stm32f4xx_it.h_save
2025-10-12 21:38:12,396 [INFO] CodeEngine:289 - Generated code: D:\CESE_25_Embebidos\tp_final_micro_com\Core\Inc\stm32f4xx_it.h
2025-10-12 21:38:12,411 [INFO] CodeEngine:265 - oldGeneratedFile, D:\CESE_25_Embebidos\tp_final_micro_com\Core\Src\stm32f4xx_hal_msp.c_save
2025-10-12 21:38:12,581 [INFO] CodeEngine:289 - Generated code: D:\CESE_25_Embebidos\tp_final_micro_com\Core\Src\stm32f4xx_hal_msp.c
2025-10-12 21:38:12,585 [INFO] CodeEngine:265 - oldGeneratedFile, D:\CESE_25_Embebidos\tp_final_micro_com\MXTmpFiles\system.tmp_save
2025-10-12 21:38:12,630 [INFO] CodeEngine:289 - Generated code: D:\CESE_25_Embebidos\tp_final_micro_com\MXTmpFiles\system.tmp
2025-10-12 21:38:12,640 [INFO] CodeEngine:321 - oldGeneratedFile, D:\CESE_25_Embebidos\tp_final_micro_com\Core\Inc\stm32f4xx_hal_conf.h_save
2025-10-12 21:38:12,779 [INFO] CodeEngine:345 - Generated code: D:\CESE_25_Embebidos\tp_final_micro_com\Core\Inc\stm32f4xx_hal_conf.h
2025-10-12 21:38:12,804 [WARN] IPConfigManager:3238 - Warning: the RefConfig PLL2P_FOR_MCO is not available in your config.xml file
2025-10-12 21:38:12,811 [INFO] ApiDbMcu:532 - Load IP Config File for I2C1
2025-10-12 21:38:12,812 [INFO] ApiDbMcu:532 - Load IP Config File for SPI1
2025-10-12 21:38:12,814 [INFO] ApiDbMcu:532 - Load IP Config File for USART2
2025-10-12 21:38:12,816 [INFO] ApiDbMcu:532 - Load IP Config File for RCC
2025-10-12 21:38:12,825 [INFO] CodeEngine:265 - oldGeneratedFile, D:\CESE_25_Embebidos\tp_final_micro_com\Core\Inc\main.h_save
2025-10-12 21:38:12,963 [INFO] CodeEngine:289 - Generated code: D:\CESE_25_Embebidos\tp_final_micro_com\Core\Inc\main.h
2025-10-12 21:38:12,968 [INFO] CodeEngine:265 - oldGeneratedFile, D:\CESE_25_Embebidos\tp_final_micro_com\Core\Src\main.c_save
2025-10-12 21:38:13,086 [INFO] CodeEngine:289 - Generated code: D:\CESE_25_Embebidos\tp_final_micro_com\Core\Src\main.c
2025-10-12 21:38:13,494 [INFO] ProjectBuilder:3606 - Time for Copy HAL[1] : 272mS.
2025-10-12 21:38:13,499 [INFO] ProjectBuilder:5216 - Project Generator version: 4.7.0-B52
2025-10-12 21:38:13,560 [INFO] ConfigFileManager:1595 - The Die is : DIE421
2025-10-12 21:38:13,562 [INFO] ApiDbMcu:532 - Load IP Config File for FATFS
2025-10-12 21:38:13,565 [INFO] ApiDbMcu:532 - Load IP Config File for FREERTOS
2025-10-12 21:38:13,567 [INFO] ApiDbMcu:532 - Load IP Config File for LIBJPEG
2025-10-12 21:38:13,570 [INFO] ApiDbMcu:532 - Load IP Config File for MBEDTLS
2025-10-12 21:38:13,575 [INFO] ApiDbMcu:532 - Load IP Config File for USB_DEVICE
2025-10-12 21:38:13,579 [INFO] ApiDbMcu:532 - Load IP Config File for USB_HOST
2025-10-12 21:38:14,411 [INFO] ProjectBuilder:5496 - Time for Generating toolchain IDE Files: 911mS.
2025-10-12 21:38:14,424 [INFO] ProjectBuilder:3463 - Time for Copy CMSIS : 0mS.
2025-10-12 21:38:14,426 [INFO] ProjectBuilder:3463 - Time for Copy CMSIS : 0mS.
