2025-10-04 10:20:36,017 [INFO] Activator:176 - 


2025-10-04 10:20:36,025 [INFO] Activator:177 - !SESSION log4j initialized
2025-10-04 10:20:41,358 [INFO] LogOutputStream:77 - [STDOUT_REDIRECT] 
2025-10-04 10:20:46,036 [INFO] ApplicationProperties:184 - Using Application install path: C:\ST\STM32CubeIDE_1.19.0\STM32CubeIDE\plugins\com.st.stm32cube.common.mx_6.15.0.202507011659
2025-10-04 10:20:46,059 [INFO] DbMcusXml:78 - Set database path to: C:\ST\STM32CubeIDE_1.19.0\STM32CubeIDE\plugins\com.st.stm32cube.common.mx_6.15.0.202507011659\\db\/mcu/
2025-10-04 10:20:46,059 [INFO] ApiDb:274 - Set plugin database path to: C:\ST\STM32CubeIDE_1.19.0\STM32CubeIDE\plugins\com.st.stm32cube.common.mx_6.15.0.202507011659\\db\/plugins/boardmanager/
2025-10-04 10:20:46,059 [WARN] ApiDb:259 - Overriding images path with different value:  => C:\ST\STM32CubeIDE_1.19.0\STM32CubeIDE\plugins\com.st.stm32cube.common.mx_6.15.0.202507011659\\db\/plugins/mcufinder/images/
2025-10-04 10:20:46,072 [INFO] ApiDb:250 - Set database path to: C:\Users\Paulo\.stmcufinder\plugins\mcufinder//mcu/
2025-10-04 10:20:46,073 [INFO] DbMcusAds:125 - Set database path to: C:\Users\Paulo\.stmcufinder\plugins\mcufinder//mcu/
2025-10-04 10:20:46,076 [INFO] CrossReferenceDbSqlite:203 - Set database path to: C:\Users\Paulo\.stmcufinder\plugins\mcufinder//mcu/cs/
2025-10-04 10:20:46,183 [INFO] RulesReader:64 - Compatibility file has been processed (317 Rules)
2025-10-04 10:20:46,258 [INFO] DbMcusXml:78 - Set database path to: C:\ST\STM32CubeIDE_1.19.0\STM32CubeIDE\plugins\com.st.stm32cube.common.mx_6.15.0.202507011659\\db\/mcu/
2025-10-04 10:20:46,258 [INFO] ApiDb:274 - Set plugin database path to: C:\ST\STM32CubeIDE_1.19.0\STM32CubeIDE\plugins\com.st.stm32cube.common.mx_6.15.0.202507011659\\db\/plugins/boardmanager/
2025-10-04 10:20:46,258 [INFO] ApiDb:261 - Set plugin images path to: C:\ST\STM32CubeIDE_1.19.0\STM32CubeIDE\plugins\com.st.stm32cube.common.mx_6.15.0.202507011659\\db\/plugins/mcufinder/images/
2025-10-04 10:20:46,258 [WARN] DbFile:41 - Overriding database path with different value: C:\Users\Paulo\.stmcufinder\plugins\mcufinder/ => C:\Users\Paulo\.stmcufinder\plugins\mcufinder
2025-10-04 10:20:46,258 [INFO] ApiDb:250 - Set database path to: C:\Users\Paulo\.stmcufinder\plugins\mcufinder//mcu/
2025-10-04 10:20:46,258 [WARN] DbFile:41 - Overriding database path with different value: C:\Users\Paulo\.stmcufinder\plugins\mcufinder/ => C:\Users\Paulo\.stmcufinder\plugins\mcufinder
2025-10-04 10:20:46,258 [INFO] DbMcusAds:125 - Set database path to: C:\Users\Paulo\.stmcufinder\plugins\mcufinder//mcu/
2025-10-04 10:20:46,258 [WARN] DbFile:41 - Overriding database path with different value: C:\Users\Paulo\.stmcufinder\plugins\mcufinder/ => C:\Users\Paulo\.stmcufinder\plugins\mcufinder
2025-10-04 10:20:46,258 [WARN] DbFile:41 - Overriding database path with different value: C:\Users\Paulo\.stmcufinder\plugins\mcufinder/ => C:\Users\Paulo\.stmcufinder\plugins\mcufinder
2025-10-04 10:20:46,258 [INFO] CrossReferenceDbSqlite:203 - Set database path to: C:\Users\Paulo\.stmcufinder\plugins\mcufinder//mcu/cs/
2025-10-04 10:20:46,324 [INFO] MainPanel:274 - HeapMemory: 268435456
2025-10-04 10:20:46,426 [INFO] DbMcusXml:78 - Set database path to: C:\ST\STM32CubeIDE_1.19.0\STM32CubeIDE\plugins\com.st.stm32cube.common.mx_6.15.0.202507011659\\db\/mcu/
2025-10-04 10:20:46,426 [INFO] ApiDb:274 - Set plugin database path to: C:\ST\STM32CubeIDE_1.19.0\STM32CubeIDE\plugins\com.st.stm32cube.common.mx_6.15.0.202507011659\\db\/plugins/boardmanager/
2025-10-04 10:20:46,426 [INFO] ApiDb:261 - Set plugin images path to: C:\ST\STM32CubeIDE_1.19.0\STM32CubeIDE\plugins\com.st.stm32cube.common.mx_6.15.0.202507011659\\db\/plugins/mcufinder/images/
2025-10-04 10:20:46,426 [WARN] DbFile:41 - Overriding database path with different value: C:\Users\Paulo\.stmcufinder\plugins\mcufinder/ => C:\Users\Paulo\.stmcufinder\plugins\mcufinder
2025-10-04 10:20:46,426 [INFO] ApiDb:250 - Set database path to: C:\Users\Paulo\.stmcufinder\plugins\mcufinder//mcu/
2025-10-04 10:20:46,427 [WARN] DbFile:41 - Overriding database path with different value: C:\Users\Paulo\.stmcufinder\plugins\mcufinder/ => C:\Users\Paulo\.stmcufinder\plugins\mcufinder
2025-10-04 10:20:46,427 [INFO] DbMcusAds:125 - Set database path to: C:\Users\Paulo\.stmcufinder\plugins\mcufinder//mcu/
2025-10-04 10:20:46,427 [WARN] DbFile:41 - Overriding database path with different value: C:\Users\Paulo\.stmcufinder\plugins\mcufinder/ => C:\Users\Paulo\.stmcufinder\plugins\mcufinder
2025-10-04 10:20:46,427 [WARN] DbFile:41 - Overriding database path with different value: C:\Users\Paulo\.stmcufinder\plugins\mcufinder/ => C:\Users\Paulo\.stmcufinder\plugins\mcufinder
2025-10-04 10:20:46,427 [INFO] CrossReferenceDbSqlite:203 - Set database path to: C:\Users\Paulo\.stmcufinder\plugins\mcufinder//mcu/cs/
2025-10-04 10:20:46,442 [INFO] ApplicationProperties:184 - Using Application install path: C:\ST\STM32CubeIDE_1.19.0\STM32CubeIDE\plugins\com.st.stm32cube.common.mx_6.15.0.202507011659
2025-10-04 10:20:46,443 [INFO] PluginManage:196 - Search for loadable plugins [exclusion list=, ]
2025-10-04 10:20:46,444 [INFO] PluginManage:310 - Check plugin analytics
2025-10-04 10:20:46,645 [INFO] AnalyticsPlugin:253 - Accepted Software Licenses: 
2025-10-04 10:20:46,646 [INFO] AnalyticsPlugin:255 - Accepted CMSIS Pack Licenses: 
2025-10-04 10:20:46,646 [INFO] AnalyticsPlugin:257 - Accepted Firmware Licenses: FW.F4.1.28.0,FW.F4.1.27.0
2025-10-04 10:20:46,648 [INFO] PluginManage:359 - Loaded plugin analytics (category:tool,tabindex:-1)
2025-10-04 10:20:46,648 [INFO] PluginManage:310 - Check plugin cadmodel
2025-10-04 10:20:46,654 [INFO] CADModel:105 - Init CAD model plugin
2025-10-04 10:20:46,654 [INFO] PluginManage:359 - Loaded plugin cadmodel (category:power,tabindex:5)
2025-10-04 10:20:46,654 [INFO] PluginManage:310 - Check plugin clock
2025-10-04 10:20:46,663 [INFO] PluginManage:359 - Loaded plugin clock (category:base,tabindex:2)
2025-10-04 10:20:46,663 [INFO] PluginManage:310 - Check plugin ddr
2025-10-04 10:20:46,665 [INFO] PluginManage:359 - Loaded plugin ddr (category:tool,tabindex:6)
2025-10-04 10:20:46,666 [INFO] PluginManage:310 - Check plugin filemanager
2025-10-04 10:20:46,788 [INFO] PluginManage:359 - Loaded plugin filemanager (category:base,tabindex:10)
2025-10-04 10:20:46,788 [INFO] PluginManage:310 - Check plugin ipmanager
2025-10-04 10:20:46,793 [INFO] PluginManage:359 - Loaded plugin ipmanager (category:base,tabindex:5)
2025-10-04 10:20:46,793 [INFO] PluginManage:310 - Check plugin lpbam
2025-10-04 10:20:46,801 [INFO] PluginManage:359 - Loaded plugin lpbam (category:base,tabindex:0)
2025-10-04 10:20:46,801 [INFO] PluginManage:310 - Check plugin memorymap
2025-10-04 10:20:46,815 [INFO] PluginManage:359 - Loaded plugin memorymap (category:base,tabindex:4)
2025-10-04 10:20:46,815 [INFO] PluginManage:310 - Check plugin pinoutandconfiguration
2025-10-04 10:20:46,823 [INFO] PluginManage:359 - Loaded plugin pinoutandconfiguration (category:base,tabindex:1)
2025-10-04 10:20:46,823 [INFO] PluginManage:310 - Check plugin pinoutconfig
2025-10-04 10:20:46,907 [WARN] SupportedApi:132 - Cannot load RTOS API schema: s4s-elt-must-match.1: The content of 'definitions' must match (annotation?, (simpleType | complexType)?, (unique | key | keyref)*)). A problem was found starting at: attribute.
2025-10-04 10:20:47,023 [INFO] PluginManage:359 - Loaded plugin pinoutconfig (category:base,tabindex:0)
2025-10-04 10:20:47,023 [INFO] PluginManage:310 - Check plugin power
2025-10-04 10:20:47,033 [INFO] PluginManage:359 - Loaded plugin power (category:power,tabindex:4)
2025-10-04 10:20:47,033 [INFO] PluginManage:310 - Check plugin projectmanager
2025-10-04 10:20:47,045 [INFO] PluginManage:359 - Loaded plugin projectmanager (category:projectmanager,tabindex:4)
2025-10-04 10:20:47,045 [INFO] PluginManage:310 - Check plugin rif
2025-10-04 10:20:47,055 [INFO] PluginManage:359 - Loaded plugin rif (category:base,tabindex:3)
2025-10-04 10:20:47,055 [INFO] PluginManage:310 - Check plugin thirdparty
2025-10-04 10:20:47,174 [INFO] PluginManage:359 - Loaded plugin thirdparty (category:base,tabindex:-1)
2025-10-04 10:20:47,174 [WARN] IntegrityCheckThread:84 - waiting for thirdparty lock release [integrity check]
2025-10-04 10:20:47,175 [INFO] PluginManage:310 - Check plugin tools
2025-10-04 10:20:47,175 [INFO] IntegrityCheckThread:86 - entering critical section [integrity check]
2025-10-04 10:20:47,175 [INFO] ThirdPartyUpdaterWithRetryManager:70 - Updater plugin not ready yet. [1/15]
2025-10-04 10:20:47,177 [INFO] PluginManage:359 - Loaded plugin tools (category:base,tabindex:7)
2025-10-04 10:20:47,177 [INFO] PluginManage:310 - Check plugin tutovideos
2025-10-04 10:20:47,359 [INFO] PluginManage:359 - Loaded plugin tutovideos (category:base,tabindex:-1)
2025-10-04 10:20:47,359 [INFO] PluginManage:310 - Check plugin updater
2025-10-04 10:20:47,377 [INFO] PluginManage:359 - Loaded plugin updater (category:base,tabindex:12)
2025-10-04 10:20:47,377 [INFO] PluginManage:310 - Check plugin userauth
2025-10-04 10:20:47,381 [INFO] UserAuth:118 - Init User Auth plugin
2025-10-04 10:20:47,383 [INFO] PluginManage:359 - Loaded plugin userauth (category:base,tabindex:14)
2025-10-04 10:20:47,383 [INFO] PluginManage:283 - PluginManage : Loaded plugins [18]
2025-10-04 10:20:47,561 [INFO] PinOutPanel:1589 - setPackage(No Configuration,No Configuration)
2025-10-04 10:20:47,639 [INFO] CADModel:165 - CPN selected for project level
2025-10-04 10:20:47,639 [INFO] CADModel:114 - Register for checkConnection events
2025-10-04 10:20:47,660 [INFO] IPUIPlugin:80 - create IPUIPlugin
2025-10-04 10:20:47,661 [INFO] PluginManager:220 - loadIPPluginJar : add adc
2025-10-04 10:20:47,664 [INFO] IPUIPlugin:80 - create IPUIPlugin
2025-10-04 10:20:47,664 [INFO] PluginManager:220 - loadIPPluginJar : add aes
2025-10-04 10:20:47,667 [INFO] IPUIPlugin:80 - create IPUIPlugin
2025-10-04 10:20:47,668 [INFO] PluginManager:220 - loadIPPluginJar : add can
2025-10-04 10:20:47,671 [INFO] IPUIPlugin:80 - create IPUIPlugin
2025-10-04 10:20:47,671 [INFO] PluginManager:220 - loadIPPluginJar : add comp
2025-10-04 10:20:47,674 [INFO] IPUIPlugin:80 - create IPUIPlugin
2025-10-04 10:20:47,674 [INFO] PluginManager:220 - loadIPPluginJar : add cryp
2025-10-04 10:20:47,678 [INFO] IPUIPlugin:80 - create IPUIPlugin
2025-10-04 10:20:47,678 [INFO] PluginManager:220 - loadIPPluginJar : add ddr_ctrl_phy
2025-10-04 10:20:47,680 [INFO] IPUIPlugin:80 - create IPUIPlugin
2025-10-04 10:20:47,680 [INFO] PluginManager:220 - loadIPPluginJar : add dfsdm
2025-10-04 10:20:47,685 [INFO] IPUIPlugin:80 - create IPUIPlugin
2025-10-04 10:20:47,686 [INFO] PluginManager:220 - loadIPPluginJar : add dma
2025-10-04 10:20:47,689 [INFO] IPUIPlugin:80 - create IPUIPlugin
2025-10-04 10:20:47,689 [INFO] PluginManager:220 - loadIPPluginJar : add dma3
2025-10-04 10:20:47,692 [INFO] IPUIPlugin:80 - create IPUIPlugin
2025-10-04 10:20:47,693 [INFO] PluginManager:220 - loadIPPluginJar : add extmemmanager
2025-10-04 10:20:47,694 [INFO] IPUIPlugin:80 - create IPUIPlugin
2025-10-04 10:20:47,694 [INFO] PluginManager:220 - loadIPPluginJar : add fatfs
2025-10-04 10:20:47,698 [INFO] IPUIPlugin:80 - create IPUIPlugin
2025-10-04 10:20:47,698 [INFO] PluginManager:220 - loadIPPluginJar : add fmc
2025-10-04 10:20:47,705 [INFO] IPUIPlugin:80 - create IPUIPlugin
2025-10-04 10:20:47,705 [INFO] PluginManager:220 - loadIPPluginJar : add freertos
2025-10-04 10:20:47,707 [INFO] IPUIPlugin:80 - create IPUIPlugin
2025-10-04 10:20:47,707 [INFO] PluginManager:220 - loadIPPluginJar : add genericplugin
2025-10-04 10:20:47,709 [INFO] IPUIPlugin:80 - create IPUIPlugin
2025-10-04 10:20:47,710 [INFO] PluginManager:220 - loadIPPluginJar : add gfxmmu
2025-10-04 10:20:47,714 [INFO] IPUIPlugin:80 - create IPUIPlugin
2025-10-04 10:20:47,714 [INFO] PluginManager:220 - loadIPPluginJar : add gic
2025-10-04 10:20:47,718 [INFO] IPUIPlugin:80 - create IPUIPlugin
2025-10-04 10:20:47,718 [INFO] PluginManager:220 - loadIPPluginJar : add gpio
2025-10-04 10:20:47,721 [INFO] IPUIPlugin:80 - create IPUIPlugin
2025-10-04 10:20:47,721 [INFO] PluginManager:220 - loadIPPluginJar : add gtzc
2025-10-04 10:20:47,724 [INFO] IPUIPlugin:80 - create IPUIPlugin
2025-10-04 10:20:47,724 [INFO] PluginManager:220 - loadIPPluginJar : add hash
2025-10-04 10:20:47,728 [INFO] IPUIPlugin:80 - create IPUIPlugin
2025-10-04 10:20:47,728 [INFO] PluginManager:220 - loadIPPluginJar : add i2c
2025-10-04 10:20:47,731 [INFO] IPUIPlugin:80 - create IPUIPlugin
2025-10-04 10:20:47,731 [INFO] PluginManager:220 - loadIPPluginJar : add i2s
2025-10-04 10:20:47,734 [INFO] IPUIPlugin:80 - create IPUIPlugin
2025-10-04 10:20:47,734 [INFO] PluginManager:220 - loadIPPluginJar : add i3c
2025-10-04 10:20:47,740 [INFO] IPUIPlugin:80 - create IPUIPlugin
2025-10-04 10:20:47,740 [INFO] PluginManager:220 - loadIPPluginJar : add ipddr
2025-10-04 10:20:47,747 [INFO] IPUIPlugin:80 - create IPUIPlugin
2025-10-04 10:20:47,747 [INFO] PluginManager:220 - loadIPPluginJar : add linkedlist
2025-10-04 10:20:47,750 [INFO] IPUIPlugin:80 - create IPUIPlugin
2025-10-04 10:20:47,750 [INFO] PluginManager:220 - loadIPPluginJar : add lorawan
2025-10-04 10:20:47,753 [INFO] IPUIPlugin:80 - create IPUIPlugin
2025-10-04 10:20:47,753 [INFO] PluginManager:220 - loadIPPluginJar : add ltdc
2025-10-04 10:20:47,758 [INFO] IPUIPlugin:80 - create IPUIPlugin
2025-10-04 10:20:47,758 [INFO] PluginManager:220 - loadIPPluginJar : add mdma
2025-10-04 10:20:47,762 [INFO] IPUIPlugin:80 - create IPUIPlugin
2025-10-04 10:20:47,762 [INFO] PluginManager:220 - loadIPPluginJar : add nvic
2025-10-04 10:20:47,766 [INFO] IPUIPlugin:80 - create IPUIPlugin
2025-10-04 10:20:47,766 [INFO] PluginManager:220 - loadIPPluginJar : add opamp
2025-10-04 10:20:47,770 [INFO] IPUIPlugin:80 - create IPUIPlugin
2025-10-04 10:20:47,770 [INFO] PluginManager:220 - loadIPPluginJar : add openamp
2025-10-04 10:20:47,773 [INFO] IPUIPlugin:80 - create IPUIPlugin
2025-10-04 10:20:47,774 [INFO] PluginManager:220 - loadIPPluginJar : add pdm2pcm
2025-10-04 10:20:47,780 [INFO] IPUIPlugin:80 - create IPUIPlugin
2025-10-04 10:20:47,782 [INFO] PluginManager:220 - loadIPPluginJar : add plateformsettings
2025-10-04 10:20:47,784 [INFO] IPUIPlugin:80 - create IPUIPlugin
2025-10-04 10:20:47,784 [INFO] PluginManager:220 - loadIPPluginJar : add quadspi
2025-10-04 10:20:47,786 [INFO] IPUIPlugin:80 - create IPUIPlugin
2025-10-04 10:20:47,787 [INFO] PluginManager:220 - loadIPPluginJar : add radio
2025-10-04 10:20:47,791 [INFO] IPUIPlugin:80 - create IPUIPlugin
2025-10-04 10:20:47,791 [INFO] PluginManager:220 - loadIPPluginJar : add resmgrutility
2025-10-04 10:20:47,795 [INFO] IPUIPlugin:80 - create IPUIPlugin
2025-10-04 10:20:47,795 [INFO] PluginManager:220 - loadIPPluginJar : add sai
2025-10-04 10:20:47,798 [INFO] IPUIPlugin:80 - create IPUIPlugin
2025-10-04 10:20:47,798 [INFO] PluginManager:220 - loadIPPluginJar : add spi
2025-10-04 10:20:47,804 [INFO] IPUIPlugin:80 - create IPUIPlugin
2025-10-04 10:20:47,804 [INFO] PluginManager:220 - loadIPPluginJar : add stm32_wpan
2025-10-04 10:20:47,807 [INFO] IPUIPlugin:80 - create IPUIPlugin
2025-10-04 10:20:47,807 [INFO] PluginManager:220 - loadIPPluginJar : add tim
2025-10-04 10:20:47,816 [INFO] IPUIPlugin:80 - create IPUIPlugin
2025-10-04 10:20:47,816 [INFO] PluginManager:220 - loadIPPluginJar : add touchsensing
2025-10-04 10:20:47,819 [INFO] IPUIPlugin:80 - create IPUIPlugin
2025-10-04 10:20:47,819 [INFO] PluginManager:220 - loadIPPluginJar : add tracer_emb
2025-10-04 10:20:47,822 [INFO] IPUIPlugin:80 - create IPUIPlugin
2025-10-04 10:20:47,822 [INFO] PluginManager:220 - loadIPPluginJar : add ts
2025-10-04 10:20:47,824 [INFO] IPUIPlugin:80 - create IPUIPlugin
2025-10-04 10:20:47,824 [INFO] PluginManager:220 - loadIPPluginJar : add tsc
2025-10-04 10:20:47,826 [INFO] IPUIPlugin:80 - create IPUIPlugin
2025-10-04 10:20:47,826 [INFO] PluginManager:220 - loadIPPluginJar : add ucpd
2025-10-04 10:20:47,829 [INFO] IPUIPlugin:80 - create IPUIPlugin
2025-10-04 10:20:47,829 [INFO] PluginManager:220 - loadIPPluginJar : add usart
2025-10-04 10:20:47,833 [INFO] IPUIPlugin:80 - create IPUIPlugin
2025-10-04 10:20:47,833 [INFO] PluginManager:220 - loadIPPluginJar : add usbx
2025-10-04 10:20:47,950 [FATAL] Updater:351 - Updater called before beeing initialized
2025-10-04 10:20:47,985 [INFO] RulesReader:64 - Compatibility file has been processed (317 Rules)
2025-10-04 10:20:47,995 [INFO] RulesReader:64 - Compatibility file has been processed (317 Rules)
2025-10-04 10:20:48,003 [INFO] CADModel:165 - CPN selected for project level
2025-10-04 10:20:48,003 [INFO] CADModel:114 - Register for checkConnection events
2025-10-04 10:20:48,003 [FATAL] Updater:351 - Updater called before beeing initialized
2025-10-04 10:20:48,003 [ERROR] CADModel:125 - Updater not yet initialized, retry later 
2025-10-04 10:20:48,186 [FATAL] Updater:351 - Updater called before beeing initialized
2025-10-04 10:20:48,188 [INFO] CADModel:165 - CPN selected for project level
2025-10-04 10:20:48,188 [INFO] CADModel:114 - Register for checkConnection events
2025-10-04 10:20:48,189 [FATAL] Updater:351 - Updater called before beeing initialized
2025-10-04 10:20:48,189 [ERROR] CADModel:125 - Updater not yet initialized, retry later 
2025-10-04 10:20:48,192 [FATAL] Updater:351 - Updater called before beeing initialized
2025-10-04 10:20:48,290 [FATAL] Updater:351 - Updater called before beeing initialized
2025-10-04 10:20:48,296 [INFO] DbMcusAds:53 - JSON generation date=Thu Oct 02 06:36:05 ART 2025 (1759397765645)
2025-10-04 10:20:48,296 [FATAL] Updater:351 - Updater called before beeing initialized
2025-10-04 10:20:48,339 [WARN] DetailPanel:346 - Failed to get advertising image, set to default
2025-10-04 10:20:48,436 [FATAL] Updater:351 - Updater called before beeing initialized
2025-10-04 10:20:48,455 [FATAL] Updater:351 - Updater called before beeing initialized
2025-10-04 10:20:48,455 [FATAL] Updater:351 - Updater called before beeing initialized
2025-10-04 10:20:48,455 [WARN] DetailPanel:346 - Failed to get advertising image, set to default
2025-10-04 10:20:48,456 [FATAL] Updater:351 - Updater called before beeing initialized
2025-10-04 10:20:48,511 [ERROR] Updater:1198 - MainUpdater not yet initialized. External WinMGr cannot be set.
2025-10-04 10:20:48,513 [INFO] Updater:1134 - Updater Version found : 6.15.0
2025-10-04 10:20:48,526 [INFO] ApplicationProperties:184 - Using Application install path: C:\ST\STM32CubeIDE_1.19.0\STM32CubeIDE\plugins\com.st.stm32cube.common.mx_6.15.0.202507011659
2025-10-04 10:20:50,108 [ERROR] LogOutputStream:75 - [STDERR_REDIRECT] Oct 04, 2025 10:20:50 AM java.util.prefs.WindowsPreferences <init>
2025-10-04 10:20:50,109 [ERROR] LogOutputStream:75 - [STDERR_REDIRECT] WARNING: Could not open/create prefs root node Software\JavaSoft\Prefs at root 0xffffffff80000002. Windows RegCreateKeyEx(...) returned error code 5.
2025-10-04 10:20:50,109 [ERROR] LogOutputStream:75 - [STDERR_REDIRECT] 
2025-10-04 10:20:50,177 [INFO] ThirdPartyUpdaterWithRetryManager:70 - Updater plugin not ready yet. [2/15]
2025-10-04 10:20:50,318 [INFO] MainUpdater:2872 - connection check result : 10
2025-10-04 10:20:50,319 [INFO] MainUpdater:289 - Updater Check For Update Now.
2025-10-04 10:20:50,319 [INFO] MicroXplorer:498 - Change Database Version : DB.6.0.150
2025-10-04 10:20:50,325 [INFO] McuFinderGlobals:63 - Set McuFinder mode to 2 (CubeIDE integrated)
2025-10-04 10:20:50,326 [INFO] UserAuth:487 - Internet connection configuration mode: 1
2025-10-04 10:20:50,350 [INFO] JxBrowserEngine:152 - Initiate JxBrowser Engine with user profile folder
2025-10-04 10:20:50,503 [INFO] CheckServerUpdateThread:120 - End of CheckServer Thread
2025-10-04 10:20:51,384 [INFO] WebApp:169 - Instantiating new browser for Auth
2025-10-04 10:20:52,220 [INFO] WebApp:463 - Apply proxy settings
2025-10-04 10:20:52,221 [INFO] WebApp:548 - Chromium requires no authentication
2025-10-04 10:20:52,257 [INFO] WebApp:491 - Direct internet connection detected
2025-10-04 10:20:52,317 [INFO] WebApp:900 - Register for checkConnection events
2025-10-04 10:20:52,317 [INFO] WebApp:463 - Apply proxy settings
2025-10-04 10:20:52,317 [INFO] WebApp:548 - Chromium requires no authentication
2025-10-04 10:20:52,317 [INFO] WebApp:491 - Direct internet connection detected
2025-10-04 10:20:52,616 [INFO] WebApp:225 - Starting web application
2025-10-04 10:20:52,616 [INFO] WebApp:593 - Web application path used C:\ST\STM32CubeIDE_1.19.0\STM32CubeIDE\plugins\com.st.stm32cube.common.mx_6.15.0.202507011659\db\plugins\mcufinder\reactClient1\index.html
2025-10-04 10:20:52,709 [INFO] WebApp:191 - Connection restablished
2025-10-04 10:20:52,735 [INFO] UserAuth:487 - Internet connection configuration mode: 1
2025-10-04 10:20:53,429 [WARN] PackLoader:240 - Cannot read IP mode file for STMicroelectronics.FP-SNS-MOTENVWB1.1.4.0
2025-10-04 10:20:53,439 [WARN] PackLoader:240 - Cannot read IP mode file for STMicroelectronics.FP-ATR-ASTRA1.2.0.2
2025-10-04 10:20:53,447 [WARN] PackLoader:240 - Cannot read IP mode file for STMicroelectronics.X-CUBE-SMBUS.2.1.0
2025-10-04 10:20:53,453 [WARN] PackLoader:240 - Cannot read IP mode file for STMicroelectronics.X-CUBE-ST60.1.0.0
2025-10-04 10:20:53,493 [WARN] PackLoader:240 - Cannot read IP mode file for STMicroelectronics.X-CUBE-AZRTOS-F7.1.1.0
2025-10-04 10:20:53,509 [WARN] PackLoader:240 - Cannot read IP mode file for WES.I-CUBE-Cesium.1.4.0
2025-10-04 10:20:53,536 [WARN] PackLoader:240 - Cannot read IP mode file for Infineon.AIROC-Wi-Fi-Bluetooth-STM32.1.7.1
2025-10-04 10:20:53,565 [WARN] PackLoader:240 - Cannot read IP mode file for STMicroelectronics.X-CUBE-AZRTOS-H7.3.4.0
2025-10-04 10:20:53,575 [WARN] PackLoader:240 - Cannot read IP mode file for STMicroelectronics.X-CUBE-DISPLAY.3.0.0
2025-10-04 10:20:53,586 [WARN] PackLoader:240 - Cannot read IP mode file for STMicroelectronics.X-CUBE-NFC10.1.0.0
2025-10-04 10:20:53,593 [WARN] PackLoader:240 - Cannot read IP mode file for emotas.I-CUBE-CANOPEN.1.3.0
2025-10-04 10:20:53,601 [WARN] PackLoader:240 - Cannot read IP mode file for STMicroelectronics.FP-SNS-STBOX1.2.1.0
2025-10-04 10:20:53,609 [WARN] PackLoader:240 - Cannot read IP mode file for STMicroelectronics.FP-SNS-SMARTAG2.1.2.0
2025-10-04 10:20:53,613 [WARN] PackLoader:240 - Cannot read IP mode file for STMicroelectronics.FP-SNS-FLIGHT1.5.1.0
2025-10-04 10:20:53,626 [INFO] LogOutputStream:77 - [STDOUT_REDIRECT] 1 : Invalid condition id : UX_CORESTACK_Condition cause : null
2025-10-04 10:20:53,627 [INFO] LogOutputStream:77 - [STDOUT_REDIRECT] 1 : Invalid condition id : UX_CORESTACK_Condition cause : null
2025-10-04 10:20:53,628 [INFO] LogOutputStream:77 - [STDOUT_REDIRECT] 1 : Invalid condition id : UX_CORESTACK_Condition cause : null
2025-10-04 10:20:53,629 [INFO] LogOutputStream:77 - [STDOUT_REDIRECT] 1 : Invalid condition id : UX_CORESTACK_Condition cause : null
2025-10-04 10:20:53,630 [INFO] LogOutputStream:77 - [STDOUT_REDIRECT] 1 : Invalid condition id : UX_CORESTACK_Condition cause : null
2025-10-04 10:20:53,634 [WARN] PackLoader:240 - Cannot read IP mode file for STMicroelectronics.X-CUBE-AZRTOS-WL.2.0.0
2025-10-04 10:20:53,641 [WARN] PackLoader:240 - Cannot read IP mode file for STMicroelectronics.FP-SNS-MOTENV1.5.0.0
2025-10-04 10:20:53,651 [WARN] PackLoader:240 - Cannot read IP mode file for STMicroelectronics.X-CUBE-BLE2.3.3.0
2025-10-04 10:20:53,659 [WARN] PackLoader:240 - Cannot read IP mode file for STMicroelectronics.X-CUBE-NFC9.1.0.0
2025-10-04 10:20:53,667 [WARN] PackLoader:240 - Cannot read IP mode file for wolfSSL.I-CUBE-wolfSSL.5.8.2
2025-10-04 10:20:53,672 [WARN] PackLoader:240 - Cannot read IP mode file for STMicroelectronics.X-CUBE-BLE1.7.1.0
2025-10-04 10:20:53,679 [WARN] PackLoader:240 - Cannot read IP mode file for wolfSSL.I-CUBE-wolfMQTT.1.19.2
2025-10-04 10:20:53,690 [WARN] PackLoader:240 - Cannot read IP mode file for STMicroelectronics.X-CUBE-EEPRMA1.5.2.0
2025-10-04 10:20:53,725 [WARN] PackLoader:240 - Cannot read IP mode file for STMicroelectronics.X-CUBE-AZRTOS-G0.1.1.0
2025-10-04 10:20:53,737 [WARN] PackLoader:240 - Cannot read IP mode file for STMicroelectronics.X-CUBE-SAFEA1.1.2.2
2025-10-04 10:20:53,750 [WARN] PackLoader:240 - Cannot read IP mode file for STMicroelectronics.X-CUBE-NFC4.3.0.0
2025-10-04 10:20:53,763 [WARN] PackLoader:240 - Cannot read IP mode file for EmbeddedOffice.I-CUBE-FS-RTOS.1.0.1
2025-10-04 10:20:53,771 [WARN] PackLoader:240 - Cannot read IP mode file for STMicroelectronics.X-CUBE-WB05N.2.0.0
2025-10-04 10:20:53,779 [WARN] PackLoader:240 - Cannot read IP mode file for wolfSSL.I-CUBE-wolfTPM.3.8.0
2025-10-04 10:20:53,785 [WARN] PackLoader:240 - Cannot read IP mode file for STMicroelectronics.X-CUBE-TCPP.4.2.0
2025-10-04 10:20:53,793 [WARN] PackLoader:240 - Cannot read IP mode file for RealThread.X-CUBE-RT-Thread_Nano.4.1.1
2025-10-04 10:20:53,797 [WARN] PackLoader:240 - Cannot read IP mode file for STMicroelectronics.FP-ATR-SIGFOX1.3.2.0
2025-10-04 10:20:53,804 [WARN] PackLoader:240 - Cannot read IP mode file for ITTIA_DB.I-CUBE-ITTIADB.8.9.0
2025-10-04 10:20:53,811 [WARN] PackLoader:240 - Cannot read IP mode file for STMicroelectronics.X-CUBE-ST67W61.1.0.0
2025-10-04 10:20:53,815 [WARN] PackLoader:240 - Cannot read IP mode file for STMicroelectronics.X-CUBE-AI.10.2.0
2025-10-04 10:20:53,850 [WARN] PackLoader:240 - Cannot read IP mode file for SEGGER.I-CUBE-embOS.1.3.1
2025-10-04 10:20:53,924 [WARN] PackLoader:240 - Cannot read IP mode file for STMicroelectronics.X-CUBE-ALGOBUILD.1.4.0
2025-10-04 10:20:54,016 [WARN] PackLoader:240 - Cannot read IP mode file for STMicroelectronics.X-CUBE-MEMS1.11.3.0
2025-10-04 10:20:54,150 [WARN] PackLoader:240 - Cannot read IP mode file for STMicroelectronics.X-CUBE-PM33A1.1.0.0
2025-10-04 10:20:54,164 [WARN] PackLoader:240 - Cannot read IP mode file for STMicroelectronics.X-CUBE-AZRTOS-F4.1.1.0
2025-10-04 10:20:54,170 [WARN] PackLoader:240 - Cannot read IP mode file for Avnet-IotConnect.X-CUBE-IoTC-DA16k-PMOD.1.0.0
2025-10-04 10:20:54,175 [WARN] PackLoader:240 - Cannot read IP mode file for STMicroelectronics.X-CUBE-ISPU.2.1.0
2025-10-04 10:20:54,182 [WARN] PackLoader:240 - Cannot read IP mode file for STMicroelectronics.X-CUBE-NFC12.1.0.0
2025-10-04 10:20:54,201 [WARN] PackLoader:240 - Cannot read IP mode file for STMicroelectronics.X-CUBE-AZRTOS-L5.2.0.0
2025-10-04 10:20:54,212 [WARN] PackLoader:240 - Cannot read IP mode file for STMicroelectronics.X-CUBE-NFC6.3.1.0
2025-10-04 10:20:54,221 [WARN] PackLoader:240 - Cannot read IP mode file for STMicroelectronics.X-CUBE-FREERTOS.1.3.1
2025-10-04 10:20:54,227 [WARN] PackLoader:240 - Cannot read IP mode file for STMicroelectronics.X-CUBE-TOUCHGFX.4.26.0
2025-10-04 10:20:54,233 [WARN] PackLoader:240 - Cannot read IP mode file for STMicroelectronics.FP-SNS-STAIOTCFT.1.0.0
2025-10-04 10:20:54,239 [WARN] PackLoader:240 - Cannot read IP mode file for STMicroelectronics.X-CUBE-DPower.1.3.0
2025-10-04 10:20:54,255 [WARN] ConditionMgr:438 - getConditionDescription Invalid condition id : LAN8742 Phy interface Condition cause : null
2025-10-04 10:20:54,256 [WARN] PackLoader:240 - Cannot read IP mode file for STMicroelectronics.X-CUBE-AZRTOS-L4.2.0.0
2025-10-04 10:20:54,257 [WARN] ConditionMgr:1044 - genDependencies : Invalid condition id : LAN8742 Phy interface Condition cause : null
2025-10-04 10:20:54,257 [WARN] ConditionMgr:1044 - genDependencies : Invalid condition id : LAN8742 Phy interface Condition cause : null
2025-10-04 10:20:54,258 [WARN] ConditionMgr:1044 - genDependencies : Invalid condition id : LAN8742 Phy interface Condition cause : null
2025-10-04 10:20:54,265 [WARN] PackLoader:240 - Cannot read IP mode file for STMicroelectronics.X-CUBE-SFXS2LP1.4.0.0
2025-10-04 10:20:54,273 [WARN] PackLoader:240 - Cannot read IP mode file for STMicroelectronics.X-CUBE-BLEMGR.4.1.0
2025-10-04 10:20:54,285 [WARN] ConditionMgr:438 - getConditionDescription Invalid condition id : UX DEVICE CLASS RTOS Condition cause : null
2025-10-04 10:20:54,285 [WARN] ConditionMgr:438 - getConditionDescription Invalid condition id : UX DEVICE CLASS RTOS Condition cause : null
2025-10-04 10:20:54,287 [WARN] PackLoader:240 - Cannot read IP mode file for STMicroelectronics.X-CUBE-AZRTOS-WB.2.0.0
2025-10-04 10:20:54,287 [WARN] ConditionMgr:1044 - genDependencies : Invalid condition id : UX DEVICE CLASS RTOS Condition cause : null
2025-10-04 10:20:54,288 [WARN] ConditionMgr:1044 - genDependencies : Invalid condition id : UX DEVICE CLASS RTOS Condition cause : null
2025-10-04 10:20:54,288 [WARN] ConditionMgr:1044 - genDependencies : Invalid condition id : UX DEVICE CLASS RTOS Condition cause : null
2025-10-04 10:20:54,288 [WARN] ConditionMgr:1044 - genDependencies : Invalid condition id : UX DEVICE CLASS RTOS Condition cause : null
2025-10-04 10:20:54,288 [WARN] ConditionMgr:1044 - genDependencies : Invalid condition id : UX DEVICE CLASS RTOS Condition cause : null
2025-10-04 10:20:54,294 [WARN] PackLoader:240 - Cannot read IP mode file for STMicroelectronics.X-CUBE-GNSS1.7.0.1
2025-10-04 10:20:54,300 [WARN] PackLoader:240 - Cannot read IP mode file for STMicroelectronics.X-CUBE-TOUCHGFX.4.25.0
2025-10-04 10:20:54,306 [WARN] ConditionMgr:438 - getConditionDescription Invalid condition id : Cortex-A Device cause : null
2025-10-04 10:20:54,326 [WARN] ConditionMgr:1044 - genDependencies : Invalid condition id : Cortex-A Device cause : null
2025-10-04 10:20:54,326 [WARN] ConditionMgr:1044 - genDependencies : Invalid condition id : Cortex-A Device cause : null
2025-10-04 10:20:54,326 [WARN] ConditionMgr:1044 - genDependencies : Invalid condition id : Cortex-A Device cause : null
2025-10-04 10:20:54,340 [WARN] PackLoader:240 - Cannot read IP mode file for STMicroelectronics.X-CUBE-SUBG2.5.0.0
2025-10-04 10:20:54,357 [WARN] PackLoader:240 - Cannot read IP mode file for STMicroelectronics.X-CUBE-AZRTOS-H7RS.1.1.0
2025-10-04 10:20:54,362 [WARN] PackLoader:240 - Cannot read IP mode file for Cesanta.I-CUBE-Mongoose.7.13.0
2025-10-04 10:20:54,374 [WARN] PackLoader:240 - Cannot read IP mode file for STMicroelectronics.X-CUBE-AZRTOS-G4.2.0.0
2025-10-04 10:20:54,380 [WARN] PackLoader:240 - Cannot read IP mode file for wolfSSL.I-CUBE-wolfSSH.1.4.20
2025-10-04 10:20:54,385 [WARN] PackLoader:240 - Cannot read IP mode file for STMicroelectronics.X-CUBE-NFC7.2.0.0
2025-10-04 10:20:54,400 [WARN] PackLoader:240 - Cannot read IP mode file for STMicroelectronics.X-CUBE-IPS.3.1.0
2025-10-04 10:20:54,418 [WARN] PackLoader:240 - Cannot read IP mode file for STMicroelectronics.X-CUBE-ALS.1.0.2
2025-10-04 10:20:54,425 [WARN] PackLoader:240 - Cannot read IP mode file for STMicroelectronics.X-CUBE-STSE01.1.0.0
2025-10-04 10:20:54,431 [WARN] PackLoader:240 - Cannot read IP mode file for portGmbH.I-Cube-SoM-uGOAL.1.1.0
2025-10-04 10:20:54,443 [WARN] PackLoader:240 - Cannot read IP mode file for STMicroelectronics.X-CUBE-TOF1.3.4.3
2025-10-04 10:20:54,454 [INFO] ThirdParty:978 - Integrity check success = true
2025-10-04 10:20:54,454 [INFO] IntegrityCheckThread:100 - exiting critical section [integrity check]
2025-10-04 10:20:54,455 [INFO] IntegrityCheckThread:103 - End integrity checks thread
2025-10-04 10:38:34,536 [INFO] WebApp:194 - Connection lost
2025-10-04 10:38:34,679 [INFO] WebApp:191 - Connection restablished
2025-10-04 10:56:36,545 [INFO] McuFinderGlobals:63 - Set McuFinder mode to 2 (CubeIDE integrated)
2025-10-04 10:56:36,551 [INFO] MainUpdater:2872 - connection check result : 10
2025-10-04 10:56:36,553 [INFO] MainUpdater:2872 - connection check result : 10
2025-10-04 10:56:36,589 [INFO] MicroXplorer:468 - Change Database Path : 
2025-10-04 10:56:36,589 [INFO] MicroXplorer:498 - Change Database Version : DB.6.0.150
2025-10-04 10:56:36,596 [WARN] ThirdParty:871 - waiting for thirdparty lock release [close project]
2025-10-04 10:56:36,596 [INFO] ThirdParty:873 - entering critical section [close project]
2025-10-04 10:56:36,597 [INFO] ThirdParty:883 - exiting critical section [close project]
2025-10-04 10:56:36,600 [INFO] PinOutPanel:1589 - setPackage(No Configuration,No Configuration)
2025-10-04 10:56:36,602 [INFO] UtilMem:75 - Begin LoadConfig() Used Memory: 267334840 Bytes (895483904)
2025-10-04 10:56:36,605 [INFO] MicroXplorer:468 - Change Database Path : 
2025-10-04 10:56:36,605 [INFO] MicroXplorer:498 - Change Database Version : DB.6.0.150
2025-10-04 10:56:36,605 [INFO] OpenFileManager:355 - Change cursor
2025-10-04 10:56:36,675 [INFO] Mcu:2029 - Initializing MCU STM32F446R(C-E)Tx STM32F446RETx STM32F446RET6
2025-10-04 10:56:38,072 [INFO] Context:786 - Trying to add GPIOservice into a context  which must be forbidden
2025-10-04 10:56:38,521 [INFO] ImportTextPane:234 - (OptionalMessage_ERROR) Pin12 (VP_RIF_VS_RIF1) cannot be retrieved for this MCU
2025-10-04 10:56:38,604 [INFO] RtosManager:558 - Registered RTOS mode: class=CMSIS, group=RTOS, mode=CMSIS_V1, owner=FREERTOS
2025-10-04 10:56:38,604 [INFO] RtosManager:558 - Registered RTOS mode: class=CMSIS, group=RTOS2, mode=CMSIS_V2, owner=FREERTOS
2025-10-04 10:56:38,604 [INFO] RtosManager:558 - Registered RTOS mode: class=RTOS, group=Core, mode=CMSIS_V1, owner=FREERTOS
2025-10-04 10:56:38,604 [INFO] RtosManager:558 - Registered RTOS mode: class=RTOS, group=Core, mode=CMSIS_V2, owner=FREERTOS
2025-10-04 10:56:38,604 [WARN] ModelIntegratedComponent:184 - Missing modes for component STMicroelectronics:FreeRTOS:0.0.1:STMicroelectronics:RTOS:FreeRTOS:Core:::10.2.0:
2025-10-04 10:56:38,627 [WARN] ModelIntegratedComponent:63 - No mode defined for component null
2025-10-04 10:56:38,627 [WARN] ModelIntegratedComponent:63 - No mode defined for component null
2025-10-04 10:56:38,627 [WARN] ModelIntegratedComponent:63 - No mode defined for component null
2025-10-04 10:56:38,627 [WARN] ModelIntegratedComponent:63 - No mode defined for component null
2025-10-04 10:56:38,627 [WARN] ModelIntegratedComponent:63 - No mode defined for component null
2025-10-04 10:56:38,627 [WARN] ModelIntegratedComponent:63 - No mode defined for component null
2025-10-04 10:56:38,627 [WARN] ModelIntegratedComponent:63 - No mode defined for component null
2025-10-04 10:56:38,627 [WARN] ModelIntegratedComponent:63 - No mode defined for component null
2025-10-04 10:56:38,627 [WARN] ModelIntegratedComponent:63 - No mode defined for component null
2025-10-04 10:56:38,627 [WARN] ModelIntegratedComponent:63 - No mode defined for component null
2025-10-04 10:56:38,627 [WARN] ModelIntegratedComponent:63 - No mode defined for component null
2025-10-04 10:56:38,627 [WARN] ModelIntegratedComponent:63 - No mode defined for component null
2025-10-04 10:56:38,627 [WARN] ModelIntegratedComponent:63 - No mode defined for component null
2025-10-04 10:56:38,627 [WARN] ModelIntegratedComponent:63 - No mode defined for component null
2025-10-04 10:56:38,627 [WARN] ModelIntegratedComponent:63 - No mode defined for component null
2025-10-04 10:56:38,627 [WARN] ModelIntegratedComponent:63 - No mode defined for component null
2025-10-04 10:56:38,627 [WARN] ModelIntegratedComponent:63 - No mode defined for component null
2025-10-04 10:56:38,628 [WARN] ModelIntegratedComponent:63 - No mode defined for component null
2025-10-04 10:56:38,628 [WARN] ModelIntegratedComponent:63 - No mode defined for component null
2025-10-04 10:56:38,628 [WARN] ModelIntegratedComponent:63 - No mode defined for component null
2025-10-04 10:56:38,628 [WARN] ModelIntegratedComponent:63 - No mode defined for component null
2025-10-04 10:56:38,628 [WARN] ModelIntegratedComponent:63 - No mode defined for component null
2025-10-04 10:56:38,628 [WARN] ModelIntegratedComponent:63 - No mode defined for component null
2025-10-04 10:56:38,628 [WARN] ModelIntegratedComponent:63 - No mode defined for component null
2025-10-04 10:56:38,628 [WARN] ModelIntegratedComponent:63 - No mode defined for component null
2025-10-04 10:56:38,628 [WARN] ModelIntegratedComponent:63 - No mode defined for component null
2025-10-04 10:56:38,628 [WARN] ModelIntegratedComponent:63 - No mode defined for component null
2025-10-04 10:56:38,628 [WARN] ModelIntegratedComponent:63 - No mode defined for component null
2025-10-04 10:56:38,628 [WARN] ModelIntegratedComponent:63 - No mode defined for component null
2025-10-04 10:56:38,628 [WARN] ModelIntegratedComponent:63 - No mode defined for component null
2025-10-04 10:56:38,628 [WARN] ModelIntegratedComponent:63 - No mode defined for component null
2025-10-04 10:56:38,628 [WARN] ModelIntegratedComponent:63 - No mode defined for component null
2025-10-04 10:56:38,628 [WARN] ModelIntegratedComponent:63 - No mode defined for component null
2025-10-04 10:56:38,628 [WARN] ModelIntegratedComponent:63 - No mode defined for component null
2025-10-04 10:56:38,628 [WARN] ModelIntegratedComponent:63 - No mode defined for component null
2025-10-04 10:56:38,628 [WARN] ModelPack:524 - Component already loaded: STMicroelectronics:HAL Drivers:0.0.0:STMicroelectronics:Device:STMicro_Driver:XSPI:HAL::0.0.1:HAL_XSPI
2025-10-04 10:56:38,728 [INFO] ThirdPartyModel:298 - Start build external matchings
2025-10-04 10:56:38,941 [INFO] ThirdPartyModel:316 - End build external matchings
2025-10-04 10:56:38,954 [INFO] ImportTextPane:234 - (OptionalMessage_ERROR) IP (RCC) : Invalid parameter (48MHZClocksFreq_Value)
2025-10-04 10:56:38,954 [INFO] ImportTextPane:234 - (OptionalMessage_ERROR) IP (RCC) : Invalid parameter (EthernetFreq_Value)
2025-10-04 10:56:38,955 [INFO] ImportTextPane:234 - (OptionalMessage_ERROR) IP (RCC) : Parameter (FLatency) has Id (AdvancedSettings) currently not set
2025-10-04 10:56:38,956 [INFO] ImportTextPane:234 - (OptionalMessage_ERROR) IP (RCC) : Invalid parameter (FamilyName)
2025-10-04 10:56:38,956 [INFO] ImportTextPane:234 - (OptionalMessage_ERROR) IP (RCC) : Invalid parameter (I2SClocksFreq_Value)
2025-10-04 10:56:38,956 [INFO] ImportTextPane:234 - (OptionalMessage_ERROR) IP (RCC) : Parameter (SDIOFreq_Value) has invalid value (168000000)
2025-10-04 10:56:38,957 [INFO] ImportTextPane:234 - (OptionalMessage_ERROR) IP (RCC) : Parameter (USBFreq_Value) has invalid value (168000000)
2025-10-04 10:56:38,957 [INFO] ImportTextPane:234 - (OptionalMessage_ERROR) IP (RCC) : Invalid parameter (VCOInputMFreq_Value)
2025-10-04 10:56:38,957 [INFO] ImportTextPane:234 - (OptionalMessage_ERROR) IP (RCC) : Invalid parameter (VcooutputI2S)
2025-10-04 10:56:39,272 [INFO] ApiDb:581 - Connected to CubeFinder SQLite database (C:\Users\Paulo\.stmcufinder\plugins\mcufinder\mcu\cube-finder-db.db)
2025-10-04 10:56:39,356 [INFO] ApiDb:668 - CubeFinder database Data Model version=2.1
2025-10-04 10:56:39,356 [INFO] ApiDb:669 - CubeFinder database Configuration version=3.0.39
2025-10-04 10:56:39,357 [INFO] ApiDb:670 - CubeFinder database generation date=2025-08-25 (1756130511)
2025-10-04 10:56:39,358 [INFO] ApiDb:671 - CubeFinder database FW Pack versions=[FP-ATR-ASTRA1_V2.0.0, FP-SNS-FLIGHT1_V5.1.0, FP-SNS-MOTENV1_V5.0.0, FP-SNS-MOTENVWB1_V1.4.0, FP-SNS-SMARTAG2_V1.2.0, FP-SNS-STBOX1_V2.1.0, STM32Cube_FW_C0_V1.4.0, STM32Cube_FW_F4_V1.28.3, STM32Cube_FW_F7_V1.17.4, STM32Cube_FW_G0_V1.6.2, STM32Cube_FW_G4_V1.6.1, STM32Cube_FW_H5_V1.5.0, STM32Cube_FW_H7RS_V1.2.0, STM32Cube_FW_H7_V1.12.1, STM32Cube_FW_L0_V1.12.2, STM32Cube_FW_L4_V1.18.1, STM32Cube_FW_L5_V1.5.1, STM32Cube_FW_N6_V1.2.0, STM32Cube_FW_U0_V1.3.0, STM32Cube_FW_U3_V1.2.0, STM32Cube_FW_U5_V1.8.0, STM32Cube_FW_WB0_V1.3.0, STM32Cube_FW_WBA_V1.7.0, STM32Cube_FW_WB_V1.23.0, STM32Cube_FW_WL3_V1.2.0, STM32Cube_FW_WL_V1.3.1, X-CUBE-ALGOBUILD_V1.4.0, X-CUBE-ALS_V1.0.2, X-CUBE-AZRTOS-F4_V1.1.0, X-CUBE-AZRTOS-F7_V1.1.0, X-CUBE-AZRTOS-G0_V1.1.0, X-CUBE-AZRTOS-G4_V2.0.0, X-CUBE-AZRTOS-H7RS_V1.1.0, X-CUBE-AZRTOS-H7_V3.4.0, X-CUBE-AZRTOS-L4_V2.0.0, X-CUBE-AZRTOS-L5_V2.0.0, X-CUBE-AZRTOS-WB_V2.0.0, X-CUBE-AZRTOS-WL_V2.0.0, X-CUBE-BLE1_V7.1.0, X-CUBE-BLE2_V3.3.0, X-CUBE-BLEMGR_V4.1.0, X-CUBE-EEPRMA1_V5.2.0, X-CUBE-FREERTOS_V1.3.1, X-CUBE-GNSS1_V6.0.0, X-CUBE-MEMS1_V11.3.0, X-CUBE-NFC4_V3.0.0, X-CUBE-NFC7_V2.0.0, X-CUBE-SFXS2LP1_V4.0.0, X-CUBE-ST67W61_V1.0.0, X-CUBE-SUBG2_V5.0.0, X-CUBE-TOF1_V3.4.3]
2025-10-04 10:56:39,455 [INFO] DbBoardsSqlite:226 - include board P-NUCLEO-WB55-NUCLEO as a kit item of type 'Nucleo-64'
2025-10-04 10:56:39,455 [INFO] DbBoardsSqlite:226 - include board P-NUCLEO-WB55-USBDONGLE as a kit item of type 'Nucleo USB Dongle'
2025-10-04 10:56:39,456 [INFO] DbBoardsSqlite:226 - include board STEVAL-IDP005V1 as a kit item of type 'Evaluation Board'
2025-10-04 10:56:39,457 [INFO] DbBoardsSqlite:226 - include board STEVAL-IDP005V2 as a kit item of type 'Evaluation Board'
2025-10-04 10:56:39,783 [INFO] ApiDb:240 - Found 880 in-development CPN: [B-G473E-ZEST1S, B-WB1M-WPAN1, B-WBA5M-WPAN, B-WL5M-SUBG1, NUCLEO-C031C6, NUCLEO-C051C8, NUCLEO-C071RB, NUCLEO-C092RC, NUCLEO-H503RB, NUCLEO-H533RE, NUCLEO-H563ZI, NUCLEO-H7S3L8, NUCLEO-N657X0-Q, NUCLEO-U031R8, NUCLEO-U083RC, NUCLEO-U385RG-Q, NUCLEO-U545RE-Q, NUCLEO-U5A5ZJ-Q, NUCLEO-WB05KZ, NUCLEO-WB07CC, NUCLEO-WB09KE, NUCLEO-WBA52CG, NUCLEO-WBA55CG, NUCLEO-WL33CC1, NUCLEO-WL33CC2, STEVAL-PROTEUS1, STEVAL-SMARTAG2, STEVAL-STWINBX1, STM320518-EVAL, STM32C0116-DK, STM32C011D6Y3TR, STM32C011D6Y6TR, STM32C011F4P3, STM32C011F4P6, STM32C011F4U3, STM32C011F4U6TR, STM32C011F6P3, STM32C011F6P6, STM32C011F6U3, STM32C011F6U6TR, STM32C011J4M3, STM32C011J4M6, STM32C011J6M3, STM32C011J6M6, STM32C0316-DK, STM32C031C4T3, STM32C031C4T6, STM32C031C4U3, STM32C031C4U6, STM32C031C6T3, STM32C031C6T6, STM32C031C6U3, STM32C031C6U6, STM32C031F4P3, STM32C031F4P6, STM32C031F6P3, STM32C031F6P6, STM32C031G4U3, STM32C031G4U6, STM32C031G6U3, STM32C031G6U6, STM32C031K4T3, STM32C031K4T6, STM32C031K4U3, STM32C031K4U6, STM32C031K6T3, STM32C031K6T6, STM32C031K6U3, STM32C031K6U6, STM32C051C6T6, STM32C051C6U6, STM32C051C8T6, STM32C051C8U6, STM32C051D8Y6TR, STM32C051F6P6, STM32C051F8P6, STM32C051G6U6, STM32C051G8U6, STM32C051K6T6, STM32C051K6U6, STM32C051K8T6, STM32C071C8T6, STM32C071C8T6N, STM32C071C8U6, STM32C071C8U6N, STM32C071CBT6, STM32C071CBT6N, STM32C071CBU6, STM32C071CBU6N, STM32C071F8P6, STM32C071F8P6N, STM32C071FBP6, STM32C071FBP6N, STM32C071FBY6TR, STM32C071G8U6, STM32C071G8U6N, STM32C071GBU6, STM32C071GBU6N, STM32C071K8T6, STM32C071K8T6N, STM32C071K8U6, STM32C071K8U6N, STM32C071KBT6, STM32C071KBT6N, STM32C071KBU6, STM32C071KBU6N, STM32C071R8T6, STM32C071R8T6N, STM32C071RBI6N, STM32C071RBT6, STM32C071RBT6N, STM32C091CBT6, STM32C091CBU6, STM32C091CCT6, STM32C091CCU6, STM32C091ECY6TR, STM32C091FBP6, STM32C091FCP6, STM32C091GBU6, STM32C091GCU6, STM32C091KBT6, STM32C091KBU6, STM32C091KCT6, STM32C091KCU6, STM32C091RBT6, STM32C091RCI6, STM32C091RCT6, STM32C092CBT6, STM32C092CBU6, STM32C092CCT6, STM32C092CCU6, STM32C092ECY6TR, STM32C092FBP6, STM32C092FCP6, STM32C092GBU6, STM32C092GCU6, STM32C092KBT6, STM32C092KBU6, STM32C092KCT6, STM32C092KCU6, STM32C092RBT6, STM32C092RCI6, STM32C092RCT6, STM32G071K8TXN, STM32G071K8UXN, STM32G081GBU6N, STM32G081KBT6N, STM32G081KBUXN, STM32G0B1CCT6N, STM32G0B1KCT6, STM32G0B1NEY6TR, STM32G0B1RCT6N, STM32G0C1CCT6, STM32G0C1CCT6N, STM32G0C1CCU6N, STM32G0C1CET6N, STM32G0C1CEU6N, STM32G0C1KCT6, STM32G0C1NEY6TR, STM32G0C1RCI6N, STM32G0C1RCT6N, STM32G0C1REI6N, STM32G0C1RET6N, STM32G0C1VCI6, STM32G0C1VEI6, STM32G411C6T3, STM32G411C6T6, STM32G411C6U3, STM32G411C6U6, STM32G411C8T3, STM32G411C8T6, STM32G411C8U3, STM32G411C8U6, STM32G411CBT3, STM32G411CBT6, STM32G411CBU3, STM32G411CBU6, STM32G411K6T3, STM32G411K6T6, STM32G411K6U3, STM32G411K6U6, STM32G411K8T3, STM32G411K8T6, STM32G411K8U3, STM32G411K8U6, STM32G411KBT3, STM32G411KBT6, STM32G411KBU3, STM32G411KBU6, STM32G411M6T3, STM32G411M6T6, STM32G411M8T3, STM32G411M8T6, STM32G411MBT3, STM32G411MBT6, STM32G411R6T3, STM32G411R6T6, STM32G411R8T3, STM32G411R8T6, STM32G411RBT3, STM32G411RBT6, STM32G414CBT3, STM32G414CBT6, STM32G414CBU3, STM32G414CBU6, STM32G414CCT3, STM32G414CCT6, STM32G414CCU3, STM32G414CCU6, STM32G414MBT3, STM32G414MBT6, STM32G414MCT3, STM32G414MCT6, STM32G414RBT3, STM32G414RBT6, STM32G414RCT3, STM32G414RCT6, STM32G414VBT3, STM32G414VBT6, STM32G414VCT3, STM32G414VCT6, STM32G431CBT3Z, STM32G431RBT3Z, STM32G471CCT6, STM32G471CCU6, STM32G471CET3, STM32G471CET6, STM32G471CEU3, STM32G471CEU6, STM32G471MCT6, STM32G471MET3, STM32G471MET6, STM32G471MEY6TR, STM32G471QCT6, STM32G471QET3, STM32G471RCT6, STM32G471RET3, STM32G471RET6, STM32G471VCH6, STM32G471VCI6, STM32G471VCT6, STM32G471VEH3, STM32G471VEH6, STM32G471VEI3, STM32G471VEI6, STM32G471VET3, STM32G471VET6, STM32G473QET3Z, STM32G473RET3Z, STM32G474CCT6, STM32G491RET3Z, STM32H503CBT6, STM32H503CBU6, STM32H503EBY6TR, STM32H503KBU6, STM32H503RBT6, STM32H523CCT6, STM32H523CCU6, STM32H523CET6, STM32H523CEU6, STM32H523HEY6TR, STM32H523RCT6, STM32H523RET6, STM32H523VCI6, STM32H523VCT6, STM32H523VEI6, STM32H523VET6, STM32H523ZCJ6, STM32H523ZCT6, STM32H523ZEJ6, STM32H523ZET6, STM32H533CET6, STM32H533CEU6, STM32H533HEY6TR, STM32H533RET6, STM32H533VEI6, STM32H533VET6, STM32H533ZEJ6, STM32H533ZET6, STM32H562AGI6, STM32H562AII6, STM32H562IGK6, STM32H562IGT6, STM32H562IIK6, STM32H562IIT6, STM32H562RGT6, STM32H562RGV6, STM32H562RIT6, STM32H562RIV6, STM32H562VGT6, STM32H562VIT6, STM32H562ZGT6, STM32H562ZIT6, STM32H563AGI6, STM32H563AII3Q, STM32H563AII6, STM32H563IGK6, STM32H563IGT6, STM32H563IIK3Q, STM32H563IIK6, STM32H563IIT3Q, STM32H563IIT6, STM32H563MIY3QTR, STM32H563RGT6, STM32H563RGV6, STM32H563RIT6, STM32H563RIV6, STM32H563VGT6, STM32H563VIT3Q, STM32H563VIT6, STM32H563ZGT6, STM32H563ZIT3Q, STM32H563ZIT6, STM32H573AII3Q, STM32H573AII6, STM32H573I-DK, STM32H573IIK3Q, STM32H573IIK6, STM32H573IIT3Q, STM32H573IIT6, STM32H573MIY3QTR, STM32H573RIT6, STM32H573RIV6, STM32H573VIT3Q, STM32H573VIT6, STM32H573ZIT3Q, STM32H573ZIT6, STM32H7R3A8I6, STM32H7R3I8K6, STM32H7R3I8T6, STM32H7R3L8H6, STM32H7R3L8H6H, STM32H7R3R8V6, STM32H7R3V8H6, STM32H7R3V8T6, STM32H7R3V8Y6TR, STM32H7R3Z8J6, STM32H7R3Z8T6, STM32H7R7A8I6, STM32H7R7I8K6, STM32H7R7I8T6, STM32H7R7L8H6, STM32H7R7L8H6H, STM32H7R7Z8J6, STM32H7S3A8I6, STM32H7S3I8K6, STM32H7S3I8T6, STM32H7S3L8H6, STM32H7S3L8H6H, STM32H7S3R8V6, STM32H7S3V8H6, STM32H7S3V8T6, STM32H7S3V8Y6TR, STM32H7S3Z8J6, STM32H7S3Z8T6, STM32H7S78-DK, STM32H7S7A8I6, STM32H7S7I8K6, STM32H7S7I8T6, STM32H7S7L8H6, STM32H7S7L8H6H, STM32H7S7Z8J6, STM32L4R5QGI6STR, STM32MP131AAE3, STM32MP131AAF3, STM32MP131AAG3, STM32MP131CAE3, STM32MP131CAF3, STM32MP131CAG3, STM32MP131DAE7, STM32MP131DAF7, STM32MP131DAG7, STM32MP131FAE7, STM32MP131FAF7, STM32MP131FAG7, STM32MP133AAE3, STM32MP133AAF3, STM32MP133AAG3, STM32MP133CAE3, STM32MP133CAF3, STM32MP133CAG3, STM32MP133DAE7, STM32MP133DAF7, STM32MP133DAG7, STM32MP133FAE7, STM32MP133FAF7, STM32MP133FAG7, STM32MP135AAE3, STM32MP135AAF3, STM32MP135AAG3, STM32MP135CAE3, STM32MP135CAF3, STM32MP135CAG3, STM32MP135DAE7, STM32MP135DAF7, STM32MP135DAG7, STM32MP135F-DK, STM32MP135FAE7, STM32MP135FAF7, STM32MP135FAF7T, STM32MP135FAF7U, STM32MP135FAG7, STM32MP211AAL3, STM32MP211AAM3, STM32MP211AAN3, STM32MP211AAO3, STM32MP211CAL3, STM32MP211CAM3, STM32MP211CAN3, STM32MP211CAO3, STM32MP211DAL3, STM32MP211DAM3, STM32MP211DAN3, STM32MP211DAO3, STM32MP211FAL3, STM32MP211FAM3, STM32MP211FAN3, STM32MP211FAO3, STM32MP213AAL3, STM32MP213AAM3, STM32MP213AAN3, STM32MP213AAO3, STM32MP213CAL3, STM32MP213CAM3, STM32MP213CAN3, STM32MP213CAO3, STM32MP213DAL3, STM32MP213DAM3, STM32MP213DAN3, STM32MP213DAO3, STM32MP213FAL3, STM32MP213FAM3, STM32MP213FAN3, STM32MP213FAO3, STM32MP215AAL3, STM32MP215AAM3, STM32MP215AAN3, STM32MP215AAO3, STM32MP215CAL3, STM32MP215CAM3, STM32MP215CAN3, STM32MP215CAO3, STM32MP215DAL3, STM32MP215DAM3, STM32MP215DAN3, STM32MP215DAO3, STM32MP215F-DK, STM32MP215FAL3, STM32MP215FAM3, STM32MP215FAN3, STM32MP215FAO3, STM32MP231AAJ3, STM32MP231AAK3, STM32MP231AAL3, STM32MP231CAJ3, STM32MP231CAK3, STM32MP231CAL3, STM32MP231DAJ3, STM32MP231DAK3, STM32MP231DAL3, STM32MP231FAJ3, STM32MP231FAK3, STM32MP231FAL3, STM32MP233AAJ3, STM32MP233AAK3, STM32MP233AAL3, STM32MP233CAJ3, STM32MP233CAK3, STM32MP233CAL3, STM32MP233DAJ3, STM32MP233DAK3, STM32MP233DAL3, STM32MP233FAJ3, STM32MP233FAK3, STM32MP233FAL3, STM32MP235AAJ3, STM32MP235AAK3, STM32MP235AAL3, STM32MP235CAJ3, STM32MP235CAK3, STM32MP235CAL3, STM32MP235DAJ3, STM32MP235DAK3, STM32MP235DAL3, STM32MP235FAJ3, STM32MP235FAK3, STM32MP235FAL3, STM32MP251AAI3, STM32MP251AAK3, STM32MP251AAL3, STM32MP251CAI3, STM32MP251CAK3, STM32MP251CAL3, STM32MP251DAI3, STM32MP251DAK3, STM32MP251DAL3, STM32MP251FAI3, STM32MP251FAK3, STM32MP251FAL3, STM32MP253AAI3, STM32MP253AAK3, STM32MP253AAL3, STM32MP253CAI3, STM32MP253CAK3, STM32MP253CAL3, STM32MP253DAI3, STM32MP253DAK3, STM32MP253DAL3, STM32MP253FAI3, STM32MP253FAK3, STM32MP253FAL3, STM32MP255AAI3, STM32MP255AAK3, STM32MP255AAL3, STM32MP255CAI3, STM32MP255CAK3, STM32MP255CAL3, STM32MP255DAI3, STM32MP255DAK3, STM32MP255DAL3, STM32MP255FAI3, STM32MP255FAK3, STM32MP255FAL3, STM32MP257AAI3, STM32MP257AAK3, STM32MP257AAL3, STM32MP257CAI3, STM32MP257CAK3, STM32MP257CAL3, STM32MP257DAI3, STM32MP257DAK3, STM32MP257DAL3, STM32MP257F-DK, STM32MP257F-EV1, STM32MP257FAI3, STM32MP257FAK3, STM32MP257FAL3, STM32N645A0H3Q, STM32N645B0H3Q, STM32N645I0H3Q, STM32N645L0H3Q, STM32N645X0H3Q, STM32N645Z0H3Q, STM32N647A0H3Q, STM32N647B0H3Q, STM32N647I0H3Q, STM32N647L0H3Q, STM32N647X0H3Q, STM32N647Z0H3Q, STM32N655A0H3Q, STM32N655B0H3Q, STM32N655I0H3Q, STM32N655L0H3Q, STM32N655X0H3Q, STM32N655Z0H3Q, STM32N6570-DK, STM32N657A0H3Q, STM32N657B0H3Q, STM32N657I0H3Q, STM32N657L0H3Q, STM32N657X0H3Q, STM32N657Z0H3Q, STM32U031C6T6, STM32U031C6U6, STM32U031C8T6, STM32U031C8U6, STM32U031F4P6, STM32U031F6P6, STM32U031F8P6, STM32U031G6Y6TR, STM32U031G8Y6TR, STM32U031K4U6, STM32U031K6U6, STM32U031K8U6, STM32U031R6I6, STM32U031R6T6, STM32U031R8I6, STM32U031R8T6, STM32U073C8T6, STM32U073C8U6, STM32U073CBT6, STM32U073CBU6, STM32U073CCT6, STM32U073CCU6, STM32U073H8Y6TR, STM32U073HBY6TR, STM32U073HCY6TR, STM32U073K8U6, STM32U073KBU6, STM32U073KCU6, STM32U073M8I6, STM32U073M8T6, STM32U073MBI6, STM32U073MBT6, STM32U073MCI6, STM32U073MCT6, STM32U073R8I6, STM32U073R8T6, STM32U073RBI6, STM32U073RBT6, STM32U073RCI6, STM32U073RCT6, STM32U083C-DK, STM32U083CCT6, STM32U083CCU6, STM32U083HCY6TR, STM32U083KCU6, STM32U083MCI6, STM32U083MCT6, STM32U083RCI6, STM32U083RCT6, STM32U375CET6, STM32U375CET6Q, STM32U375CEU6, STM32U375CEU6Q, STM32U375CEY6QTR, STM32U375CGT6, STM32U375CGT6Q, STM32U375CGU6, STM32U375CGU6Q, STM32U375CGY6QTR, STM32U375KEU6, STM32U375KGU6, STM32U375REI6, STM32U375REI6Q, STM32U375RET6, STM32U375RET6Q, STM32U375REY6GTR, STM32U375REY6QTR, STM32U375RGI6, STM32U375RGI6Q, STM32U375RGT6, STM32U375RGT6Q, STM32U375RGY6GTR, STM32U375RGY6QTR, STM32U375VEI6, STM32U375VEI6Q, STM32U375VET6, STM32U375VET6Q, STM32U375VGI6, STM32U375VGI6Q, STM32U375VGT6, STM32U375VGT6Q, STM32U385CGT6, STM32U385CGT6Q, STM32U385CGU6, STM32U385CGU6Q, STM32U385CGY6QTR, STM32U385KGU6, STM32U385RGI6, STM32U385RGI6Q, STM32U385RGT6, STM32U385RGT6Q, STM32U385RGY6GTR, STM32U385RGY6QTR, STM32U385VGI6, STM32U385VGI6Q, STM32U385VGT6, STM32U385VGT6Q, STM32U535CBT6, STM32U535CBT6Q, STM32U535CBU6, STM32U535CBU6Q, STM32U535CCT6, STM32U535CCT6Q, STM32U535CCU6, STM32U535CCU6Q, STM32U535CET6, STM32U535CET6Q, STM32U535CEU6, STM32U535CEU6Q, STM32U535JEY6QTR, STM32U535NCY6QTR, STM32U535NEY6QTR, STM32U535RBI6, STM32U535RBI6Q, STM32U535RBT6, STM32U535RBT6Q, STM32U535RCI6, STM32U535RCI6Q, STM32U535RCT6, STM32U535RCT6Q, STM32U535REI6, STM32U535REI6Q, STM32U535RET6, STM32U535RET6Q, STM32U535VCI6, STM32U535VCI6Q, STM32U535VCT6, STM32U535VCT6Q, STM32U535VEI6, STM32U535VEI6Q, STM32U535VET6, STM32U535VET6Q, STM32U545CET6, STM32U545CET6Q, STM32U545CEU6, STM32U545CEU6Q, STM32U545JEY6QTR, STM32U545NEY6QTR, STM32U545REI6, STM32U545REI6Q, STM32U545RET6, STM32U545RET6Q, STM32U545VEI6, STM32U545VEI6Q, STM32U545VET6, STM32U545VET6Q, STM32U595AIH6, STM32U595AIH6Q, STM32U595AJH6, STM32U595AJH6Q, STM32U595QII6, STM32U595QII6Q, STM32U595QJI6, STM32U595QJI6Q, STM32U595RIT6, STM32U595RIT6Q, STM32U595RJT6, STM32U595RJT6Q, STM32U595VIT6, STM32U595VIT6Q, STM32U595VJT6, STM32U595VJT6Q, STM32U595ZIT6, STM32U595ZIT6Q, STM32U595ZIY6QTR, STM32U595ZJT6, STM32U595ZJT6Q, STM32U595ZJY6QTR, STM32U599BJY6QTR, STM32U599NIH6Q, STM32U599NJH6Q, STM32U599VIT6Q, STM32U599VJT6, STM32U599VJT6Q, STM32U599ZIT6Q, STM32U599ZIY6QTR, STM32U599ZJT6Q, STM32U599ZJY6QTR, STM32U5A5AJH6, STM32U5A5AJH6Q, STM32U5A5QII3Q , STM32U5A5QJI6, STM32U5A5QJI6Q, STM32U5A5RJT6, STM32U5A5RJT6Q, STM32U5A5VJT6, STM32U5A5VJT6Q, STM32U5A5ZJT6, STM32U5A5ZJT6Q, STM32U5A5ZJY6QTR, STM32U5A9BJY6QTR, STM32U5A9J-DK, STM32U5A9NJH6Q, STM32U5A9VJT6Q, STM32U5A9ZJT6Q, STM32U5A9ZJY6QTR, STM32U5F7VIT6, STM32U5F7VIT6Q, STM32U5F7VJT6, STM32U5F7VJT6Q, STM32U5F9BJY6QTR, STM32U5F9NJH6Q, STM32U5F9VIT6Q, STM32U5F9VJT6Q, STM32U5F9ZIJ6QTR, STM32U5F9ZIT6Q, STM32U5F9ZJJ6QTR, STM32U5F9ZJT6Q, STM32U5G7VJT6, STM32U5G7VJT6Q, STM32U5G9BJY6QTR, STM32U5G9J-DK1, STM32U5G9J-DK2, STM32U5G9NJH6Q, STM32U5G9VJT6Q, STM32U5G9ZJJ6QTR, STM32U5G9ZJT6Q, STM32WB05KZV6TR, STM32WB05KZV7TR, STM32WB05TZF6TR, STM32WB05TZF7TR, STM32WB06CCF6TR, STM32WB06CCF7TR, STM32WB06CCV6TR, STM32WB06CCV7TR, STM32WB06KCV6TR, STM32WB06KCV7TR, STM32WB07CCF6TR, STM32WB07CCF7TR, STM32WB07CCV6TR, STM32WB07CCV7TR, STM32WB07KCV6TR, STM32WB07KCV7TR, STM32WB09KEV6TR, STM32WB09KEV7TR, STM32WB09TEF6TR, STM32WB09TEF7TR, STM32WB1MMCH6, STM32WBA50KGU6, STM32WBA50KGU6TR, STM32WBA52CEU6, STM32WBA52CEU6TR, STM32WBA52CEU7, STM32WBA52CEU7TR, STM32WBA52CGU6, STM32WBA52CGU6TR, STM32WBA52CGU6U, STM32WBA52CGU7, STM32WBA52CGU7TR, STM32WBA52KEU6, STM32WBA52KEU6TR, STM32WBA52KGU6, STM32WBA52KGU6TR, STM32WBA54CEU6, STM32WBA54CEU6TR, STM32WBA54CEU7, STM32WBA54CEU7TR, STM32WBA54CGU6, STM32WBA54CGU6TR, STM32WBA54CGU7, STM32WBA54CGU7TR, STM32WBA54KEU6, STM32WBA54KEU6TR, STM32WBA54KEU7, STM32WBA54KEU7TR, STM32WBA54KGU6, STM32WBA54KGU6TR, STM32WBA54KGU7, STM32WBA54KGU7TR, STM32WBA55CEU6, STM32WBA55CEU6TR, STM32WBA55CEU7, STM32WBA55CEU7TR, STM32WBA55CGU6, STM32WBA55CGU6TR, STM32WBA55CGU6U, STM32WBA55CGU7, STM32WBA55CGU7TR, STM32WBA55G-DK1, STM32WBA55HEF6, STM32WBA55HEF7, STM32WBA55HGF6, STM32WBA55HGF7, STM32WBA55UEI6, STM32WBA55UEI6TR, STM32WBA55UEI7, STM32WBA55UEI7TR, STM32WBA55UGI6, STM32WBA55UGI6TR, STM32WBA55UGI7, STM32WBA55UGI7TR, STM32WBA5MMGH6TR, STM32WBA62MGF6, STM32WBA62MIF6, STM32WBA65MGF7, STM32WBA65MIF6, STM32WBA65MIF7, STM32WL30K8V6, STM32WL30KBV6, STM32WL31C8V6, STM32WL31CBV6, STM32WL31K8V6, STM32WL31KBV6, STM32WL33C8V6, STM32WL33C8V6X, STM32WL33CBV6, STM32WL33CBV6X, STM32WL33CCV6, STM32WL33CCV6A, STM32WL33CCV6X, STM32WL33K8V7, STM32WL33K8V7X, STM32WL33KBV7 , STM32WL33KBV7X, STM32WL33KCV7, STM32WL33KCV7X, STM32WL5MOCH6, STM32WL5MOCH6TR]
2025-10-04 10:56:40,003 [INFO] BoardInfo:889 - No configuration file found for board P-NUCLEO-WB55
2025-10-04 10:56:40,004 [INFO] DbBoards:161 - Kit is not supported: P-NUCLEO-WB55
2025-10-04 10:56:40,011 [INFO] BoardInfo:889 - No configuration file found for board STEVAL-BFA001V1B
2025-10-04 10:56:40,012 [INFO] DbBoards:161 - Kit is not supported: STEVAL-BFA001V1B
2025-10-04 10:56:40,013 [INFO] BoardInfo:889 - No configuration file found for board STEVAL-BFA001V2B
2025-10-04 10:56:40,014 [INFO] DbBoards:161 - Kit is not supported: STEVAL-BFA001V2B
2025-10-04 10:56:40,209 [INFO] DbBoards:168 - Found 212 boards, 209 are supported
2025-10-04 10:56:40,209 [INFO] DbBoards:169 - Found 212 boards, 43 of them is supported for  Bsp
2025-10-04 10:56:40,212 [INFO] ApiDb:668 - CubeFinder database Data Model version=2.1
2025-10-04 10:56:40,212 [INFO] ApiDb:669 - CubeFinder database Configuration version=3.0.39
2025-10-04 10:56:40,213 [INFO] ApiDb:670 - CubeFinder database generation date=2025-08-25 (1756130511)
2025-10-04 10:56:40,213 [INFO] ApiDb:671 - CubeFinder database FW Pack versions=[FP-ATR-ASTRA1_V2.0.0, FP-SNS-FLIGHT1_V5.1.0, FP-SNS-MOTENV1_V5.0.0, FP-SNS-MOTENVWB1_V1.4.0, FP-SNS-SMARTAG2_V1.2.0, FP-SNS-STBOX1_V2.1.0, STM32Cube_FW_C0_V1.4.0, STM32Cube_FW_F4_V1.28.3, STM32Cube_FW_F7_V1.17.4, STM32Cube_FW_G0_V1.6.2, STM32Cube_FW_G4_V1.6.1, STM32Cube_FW_H5_V1.5.0, STM32Cube_FW_H7RS_V1.2.0, STM32Cube_FW_H7_V1.12.1, STM32Cube_FW_L0_V1.12.2, STM32Cube_FW_L4_V1.18.1, STM32Cube_FW_L5_V1.5.1, STM32Cube_FW_N6_V1.2.0, STM32Cube_FW_U0_V1.3.0, STM32Cube_FW_U3_V1.2.0, STM32Cube_FW_U5_V1.8.0, STM32Cube_FW_WB0_V1.3.0, STM32Cube_FW_WBA_V1.7.0, STM32Cube_FW_WB_V1.23.0, STM32Cube_FW_WL3_V1.2.0, STM32Cube_FW_WL_V1.3.1, X-CUBE-ALGOBUILD_V1.4.0, X-CUBE-ALS_V1.0.2, X-CUBE-AZRTOS-F4_V1.1.0, X-CUBE-AZRTOS-F7_V1.1.0, X-CUBE-AZRTOS-G0_V1.1.0, X-CUBE-AZRTOS-G4_V2.0.0, X-CUBE-AZRTOS-H7RS_V1.1.0, X-CUBE-AZRTOS-H7_V3.4.0, X-CUBE-AZRTOS-L4_V2.0.0, X-CUBE-AZRTOS-L5_V2.0.0, X-CUBE-AZRTOS-WB_V2.0.0, X-CUBE-AZRTOS-WL_V2.0.0, X-CUBE-BLE1_V7.1.0, X-CUBE-BLE2_V3.3.0, X-CUBE-BLEMGR_V4.1.0, X-CUBE-EEPRMA1_V5.2.0, X-CUBE-FREERTOS_V1.3.1, X-CUBE-GNSS1_V6.0.0, X-CUBE-MEMS1_V11.3.0, X-CUBE-NFC4_V3.0.0, X-CUBE-NFC7_V2.0.0, X-CUBE-SFXS2LP1_V4.0.0, X-CUBE-ST67W61_V1.0.0, X-CUBE-SUBG2_V5.0.0, X-CUBE-TOF1_V3.4.3]
2025-10-04 10:56:41,687 [INFO] ApiDb:240 - Found 880 in-development CPN: [B-G473E-ZEST1S, B-WB1M-WPAN1, B-WBA5M-WPAN, B-WL5M-SUBG1, NUCLEO-C031C6, NUCLEO-C051C8, NUCLEO-C071RB, NUCLEO-C092RC, NUCLEO-H503RB, NUCLEO-H533RE, NUCLEO-H563ZI, NUCLEO-H7S3L8, NUCLEO-N657X0-Q, NUCLEO-U031R8, NUCLEO-U083RC, NUCLEO-U385RG-Q, NUCLEO-U545RE-Q, NUCLEO-U5A5ZJ-Q, NUCLEO-WB05KZ, NUCLEO-WB07CC, NUCLEO-WB09KE, NUCLEO-WBA52CG, NUCLEO-WBA55CG, NUCLEO-WL33CC1, NUCLEO-WL33CC2, STEVAL-PROTEUS1, STEVAL-SMARTAG2, STEVAL-STWINBX1, STM320518-EVAL, STM32C0116-DK, STM32C011D6Y3TR, STM32C011D6Y6TR, STM32C011F4P3, STM32C011F4P6, STM32C011F4U3, STM32C011F4U6TR, STM32C011F6P3, STM32C011F6P6, STM32C011F6U3, STM32C011F6U6TR, STM32C011J4M3, STM32C011J4M6, STM32C011J6M3, STM32C011J6M6, STM32C0316-DK, STM32C031C4T3, STM32C031C4T6, STM32C031C4U3, STM32C031C4U6, STM32C031C6T3, STM32C031C6T6, STM32C031C6U3, STM32C031C6U6, STM32C031F4P3, STM32C031F4P6, STM32C031F6P3, STM32C031F6P6, STM32C031G4U3, STM32C031G4U6, STM32C031G6U3, STM32C031G6U6, STM32C031K4T3, STM32C031K4T6, STM32C031K4U3, STM32C031K4U6, STM32C031K6T3, STM32C031K6T6, STM32C031K6U3, STM32C031K6U6, STM32C051C6T6, STM32C051C6U6, STM32C051C8T6, STM32C051C8U6, STM32C051D8Y6TR, STM32C051F6P6, STM32C051F8P6, STM32C051G6U6, STM32C051G8U6, STM32C051K6T6, STM32C051K6U6, STM32C051K8T6, STM32C071C8T6, STM32C071C8T6N, STM32C071C8U6, STM32C071C8U6N, STM32C071CBT6, STM32C071CBT6N, STM32C071CBU6, STM32C071CBU6N, STM32C071F8P6, STM32C071F8P6N, STM32C071FBP6, STM32C071FBP6N, STM32C071FBY6TR, STM32C071G8U6, STM32C071G8U6N, STM32C071GBU6, STM32C071GBU6N, STM32C071K8T6, STM32C071K8T6N, STM32C071K8U6, STM32C071K8U6N, STM32C071KBT6, STM32C071KBT6N, STM32C071KBU6, STM32C071KBU6N, STM32C071R8T6, STM32C071R8T6N, STM32C071RBI6N, STM32C071RBT6, STM32C071RBT6N, STM32C091CBT6, STM32C091CBU6, STM32C091CCT6, STM32C091CCU6, STM32C091ECY6TR, STM32C091FBP6, STM32C091FCP6, STM32C091GBU6, STM32C091GCU6, STM32C091KBT6, STM32C091KBU6, STM32C091KCT6, STM32C091KCU6, STM32C091RBT6, STM32C091RCI6, STM32C091RCT6, STM32C092CBT6, STM32C092CBU6, STM32C092CCT6, STM32C092CCU6, STM32C092ECY6TR, STM32C092FBP6, STM32C092FCP6, STM32C092GBU6, STM32C092GCU6, STM32C092KBT6, STM32C092KBU6, STM32C092KCT6, STM32C092KCU6, STM32C092RBT6, STM32C092RCI6, STM32C092RCT6, STM32G071K8TXN, STM32G071K8UXN, STM32G081GBU6N, STM32G081KBT6N, STM32G081KBUXN, STM32G0B1CCT6N, STM32G0B1KCT6, STM32G0B1NEY6TR, STM32G0B1RCT6N, STM32G0C1CCT6, STM32G0C1CCT6N, STM32G0C1CCU6N, STM32G0C1CET6N, STM32G0C1CEU6N, STM32G0C1KCT6, STM32G0C1NEY6TR, STM32G0C1RCI6N, STM32G0C1RCT6N, STM32G0C1REI6N, STM32G0C1RET6N, STM32G0C1VCI6, STM32G0C1VEI6, STM32G411C6T3, STM32G411C6T6, STM32G411C6U3, STM32G411C6U6, STM32G411C8T3, STM32G411C8T6, STM32G411C8U3, STM32G411C8U6, STM32G411CBT3, STM32G411CBT6, STM32G411CBU3, STM32G411CBU6, STM32G411K6T3, STM32G411K6T6, STM32G411K6U3, STM32G411K6U6, STM32G411K8T3, STM32G411K8T6, STM32G411K8U3, STM32G411K8U6, STM32G411KBT3, STM32G411KBT6, STM32G411KBU3, STM32G411KBU6, STM32G411M6T3, STM32G411M6T6, STM32G411M8T3, STM32G411M8T6, STM32G411MBT3, STM32G411MBT6, STM32G411R6T3, STM32G411R6T6, STM32G411R8T3, STM32G411R8T6, STM32G411RBT3, STM32G411RBT6, STM32G414CBT3, STM32G414CBT6, STM32G414CBU3, STM32G414CBU6, STM32G414CCT3, STM32G414CCT6, STM32G414CCU3, STM32G414CCU6, STM32G414MBT3, STM32G414MBT6, STM32G414MCT3, STM32G414MCT6, STM32G414RBT3, STM32G414RBT6, STM32G414RCT3, STM32G414RCT6, STM32G414VBT3, STM32G414VBT6, STM32G414VCT3, STM32G414VCT6, STM32G431CBT3Z, STM32G431RBT3Z, STM32G471CCT6, STM32G471CCU6, STM32G471CET3, STM32G471CET6, STM32G471CEU3, STM32G471CEU6, STM32G471MCT6, STM32G471MET3, STM32G471MET6, STM32G471MEY6TR, STM32G471QCT6, STM32G471QET3, STM32G471RCT6, STM32G471RET3, STM32G471RET6, STM32G471VCH6, STM32G471VCI6, STM32G471VCT6, STM32G471VEH3, STM32G471VEH6, STM32G471VEI3, STM32G471VEI6, STM32G471VET3, STM32G471VET6, STM32G473QET3Z, STM32G473RET3Z, STM32G474CCT6, STM32G491RET3Z, STM32H503CBT6, STM32H503CBU6, STM32H503EBY6TR, STM32H503KBU6, STM32H503RBT6, STM32H523CCT6, STM32H523CCU6, STM32H523CET6, STM32H523CEU6, STM32H523HEY6TR, STM32H523RCT6, STM32H523RET6, STM32H523VCI6, STM32H523VCT6, STM32H523VEI6, STM32H523VET6, STM32H523ZCJ6, STM32H523ZCT6, STM32H523ZEJ6, STM32H523ZET6, STM32H533CET6, STM32H533CEU6, STM32H533HEY6TR, STM32H533RET6, STM32H533VEI6, STM32H533VET6, STM32H533ZEJ6, STM32H533ZET6, STM32H562AGI6, STM32H562AII6, STM32H562IGK6, STM32H562IGT6, STM32H562IIK6, STM32H562IIT6, STM32H562RGT6, STM32H562RGV6, STM32H562RIT6, STM32H562RIV6, STM32H562VGT6, STM32H562VIT6, STM32H562ZGT6, STM32H562ZIT6, STM32H563AGI6, STM32H563AII3Q, STM32H563AII6, STM32H563IGK6, STM32H563IGT6, STM32H563IIK3Q, STM32H563IIK6, STM32H563IIT3Q, STM32H563IIT6, STM32H563MIY3QTR, STM32H563RGT6, STM32H563RGV6, STM32H563RIT6, STM32H563RIV6, STM32H563VGT6, STM32H563VIT3Q, STM32H563VIT6, STM32H563ZGT6, STM32H563ZIT3Q, STM32H563ZIT6, STM32H573AII3Q, STM32H573AII6, STM32H573I-DK, STM32H573IIK3Q, STM32H573IIK6, STM32H573IIT3Q, STM32H573IIT6, STM32H573MIY3QTR, STM32H573RIT6, STM32H573RIV6, STM32H573VIT3Q, STM32H573VIT6, STM32H573ZIT3Q, STM32H573ZIT6, STM32H7R3A8I6, STM32H7R3I8K6, STM32H7R3I8T6, STM32H7R3L8H6, STM32H7R3L8H6H, STM32H7R3R8V6, STM32H7R3V8H6, STM32H7R3V8T6, STM32H7R3V8Y6TR, STM32H7R3Z8J6, STM32H7R3Z8T6, STM32H7R7A8I6, STM32H7R7I8K6, STM32H7R7I8T6, STM32H7R7L8H6, STM32H7R7L8H6H, STM32H7R7Z8J6, STM32H7S3A8I6, STM32H7S3I8K6, STM32H7S3I8T6, STM32H7S3L8H6, STM32H7S3L8H6H, STM32H7S3R8V6, STM32H7S3V8H6, STM32H7S3V8T6, STM32H7S3V8Y6TR, STM32H7S3Z8J6, STM32H7S3Z8T6, STM32H7S78-DK, STM32H7S7A8I6, STM32H7S7I8K6, STM32H7S7I8T6, STM32H7S7L8H6, STM32H7S7L8H6H, STM32H7S7Z8J6, STM32L4R5QGI6STR, STM32MP131AAE3, STM32MP131AAF3, STM32MP131AAG3, STM32MP131CAE3, STM32MP131CAF3, STM32MP131CAG3, STM32MP131DAE7, STM32MP131DAF7, STM32MP131DAG7, STM32MP131FAE7, STM32MP131FAF7, STM32MP131FAG7, STM32MP133AAE3, STM32MP133AAF3, STM32MP133AAG3, STM32MP133CAE3, STM32MP133CAF3, STM32MP133CAG3, STM32MP133DAE7, STM32MP133DAF7, STM32MP133DAG7, STM32MP133FAE7, STM32MP133FAF7, STM32MP133FAG7, STM32MP135AAE3, STM32MP135AAF3, STM32MP135AAG3, STM32MP135CAE3, STM32MP135CAF3, STM32MP135CAG3, STM32MP135DAE7, STM32MP135DAF7, STM32MP135DAG7, STM32MP135F-DK, STM32MP135FAE7, STM32MP135FAF7, STM32MP135FAF7T, STM32MP135FAF7U, STM32MP135FAG7, STM32MP211AAL3, STM32MP211AAM3, STM32MP211AAN3, STM32MP211AAO3, STM32MP211CAL3, STM32MP211CAM3, STM32MP211CAN3, STM32MP211CAO3, STM32MP211DAL3, STM32MP211DAM3, STM32MP211DAN3, STM32MP211DAO3, STM32MP211FAL3, STM32MP211FAM3, STM32MP211FAN3, STM32MP211FAO3, STM32MP213AAL3, STM32MP213AAM3, STM32MP213AAN3, STM32MP213AAO3, STM32MP213CAL3, STM32MP213CAM3, STM32MP213CAN3, STM32MP213CAO3, STM32MP213DAL3, STM32MP213DAM3, STM32MP213DAN3, STM32MP213DAO3, STM32MP213FAL3, STM32MP213FAM3, STM32MP213FAN3, STM32MP213FAO3, STM32MP215AAL3, STM32MP215AAM3, STM32MP215AAN3, STM32MP215AAO3, STM32MP215CAL3, STM32MP215CAM3, STM32MP215CAN3, STM32MP215CAO3, STM32MP215DAL3, STM32MP215DAM3, STM32MP215DAN3, STM32MP215DAO3, STM32MP215F-DK, STM32MP215FAL3, STM32MP215FAM3, STM32MP215FAN3, STM32MP215FAO3, STM32MP231AAJ3, STM32MP231AAK3, STM32MP231AAL3, STM32MP231CAJ3, STM32MP231CAK3, STM32MP231CAL3, STM32MP231DAJ3, STM32MP231DAK3, STM32MP231DAL3, STM32MP231FAJ3, STM32MP231FAK3, STM32MP231FAL3, STM32MP233AAJ3, STM32MP233AAK3, STM32MP233AAL3, STM32MP233CAJ3, STM32MP233CAK3, STM32MP233CAL3, STM32MP233DAJ3, STM32MP233DAK3, STM32MP233DAL3, STM32MP233FAJ3, STM32MP233FAK3, STM32MP233FAL3, STM32MP235AAJ3, STM32MP235AAK3, STM32MP235AAL3, STM32MP235CAJ3, STM32MP235CAK3, STM32MP235CAL3, STM32MP235DAJ3, STM32MP235DAK3, STM32MP235DAL3, STM32MP235FAJ3, STM32MP235FAK3, STM32MP235FAL3, STM32MP251AAI3, STM32MP251AAK3, STM32MP251AAL3, STM32MP251CAI3, STM32MP251CAK3, STM32MP251CAL3, STM32MP251DAI3, STM32MP251DAK3, STM32MP251DAL3, STM32MP251FAI3, STM32MP251FAK3, STM32MP251FAL3, STM32MP253AAI3, STM32MP253AAK3, STM32MP253AAL3, STM32MP253CAI3, STM32MP253CAK3, STM32MP253CAL3, STM32MP253DAI3, STM32MP253DAK3, STM32MP253DAL3, STM32MP253FAI3, STM32MP253FAK3, STM32MP253FAL3, STM32MP255AAI3, STM32MP255AAK3, STM32MP255AAL3, STM32MP255CAI3, STM32MP255CAK3, STM32MP255CAL3, STM32MP255DAI3, STM32MP255DAK3, STM32MP255DAL3, STM32MP255FAI3, STM32MP255FAK3, STM32MP255FAL3, STM32MP257AAI3, STM32MP257AAK3, STM32MP257AAL3, STM32MP257CAI3, STM32MP257CAK3, STM32MP257CAL3, STM32MP257DAI3, STM32MP257DAK3, STM32MP257DAL3, STM32MP257F-DK, STM32MP257F-EV1, STM32MP257FAI3, STM32MP257FAK3, STM32MP257FAL3, STM32N645A0H3Q, STM32N645B0H3Q, STM32N645I0H3Q, STM32N645L0H3Q, STM32N645X0H3Q, STM32N645Z0H3Q, STM32N647A0H3Q, STM32N647B0H3Q, STM32N647I0H3Q, STM32N647L0H3Q, STM32N647X0H3Q, STM32N647Z0H3Q, STM32N655A0H3Q, STM32N655B0H3Q, STM32N655I0H3Q, STM32N655L0H3Q, STM32N655X0H3Q, STM32N655Z0H3Q, STM32N6570-DK, STM32N657A0H3Q, STM32N657B0H3Q, STM32N657I0H3Q, STM32N657L0H3Q, STM32N657X0H3Q, STM32N657Z0H3Q, STM32U031C6T6, STM32U031C6U6, STM32U031C8T6, STM32U031C8U6, STM32U031F4P6, STM32U031F6P6, STM32U031F8P6, STM32U031G6Y6TR, STM32U031G8Y6TR, STM32U031K4U6, STM32U031K6U6, STM32U031K8U6, STM32U031R6I6, STM32U031R6T6, STM32U031R8I6, STM32U031R8T6, STM32U073C8T6, STM32U073C8U6, STM32U073CBT6, STM32U073CBU6, STM32U073CCT6, STM32U073CCU6, STM32U073H8Y6TR, STM32U073HBY6TR, STM32U073HCY6TR, STM32U073K8U6, STM32U073KBU6, STM32U073KCU6, STM32U073M8I6, STM32U073M8T6, STM32U073MBI6, STM32U073MBT6, STM32U073MCI6, STM32U073MCT6, STM32U073R8I6, STM32U073R8T6, STM32U073RBI6, STM32U073RBT6, STM32U073RCI6, STM32U073RCT6, STM32U083C-DK, STM32U083CCT6, STM32U083CCU6, STM32U083HCY6TR, STM32U083KCU6, STM32U083MCI6, STM32U083MCT6, STM32U083RCI6, STM32U083RCT6, STM32U375CET6, STM32U375CET6Q, STM32U375CEU6, STM32U375CEU6Q, STM32U375CEY6QTR, STM32U375CGT6, STM32U375CGT6Q, STM32U375CGU6, STM32U375CGU6Q, STM32U375CGY6QTR, STM32U375KEU6, STM32U375KGU6, STM32U375REI6, STM32U375REI6Q, STM32U375RET6, STM32U375RET6Q, STM32U375REY6GTR, STM32U375REY6QTR, STM32U375RGI6, STM32U375RGI6Q, STM32U375RGT6, STM32U375RGT6Q, STM32U375RGY6GTR, STM32U375RGY6QTR, STM32U375VEI6, STM32U375VEI6Q, STM32U375VET6, STM32U375VET6Q, STM32U375VGI6, STM32U375VGI6Q, STM32U375VGT6, STM32U375VGT6Q, STM32U385CGT6, STM32U385CGT6Q, STM32U385CGU6, STM32U385CGU6Q, STM32U385CGY6QTR, STM32U385KGU6, STM32U385RGI6, STM32U385RGI6Q, STM32U385RGT6, STM32U385RGT6Q, STM32U385RGY6GTR, STM32U385RGY6QTR, STM32U385VGI6, STM32U385VGI6Q, STM32U385VGT6, STM32U385VGT6Q, STM32U535CBT6, STM32U535CBT6Q, STM32U535CBU6, STM32U535CBU6Q, STM32U535CCT6, STM32U535CCT6Q, STM32U535CCU6, STM32U535CCU6Q, STM32U535CET6, STM32U535CET6Q, STM32U535CEU6, STM32U535CEU6Q, STM32U535JEY6QTR, STM32U535NCY6QTR, STM32U535NEY6QTR, STM32U535RBI6, STM32U535RBI6Q, STM32U535RBT6, STM32U535RBT6Q, STM32U535RCI6, STM32U535RCI6Q, STM32U535RCT6, STM32U535RCT6Q, STM32U535REI6, STM32U535REI6Q, STM32U535RET6, STM32U535RET6Q, STM32U535VCI6, STM32U535VCI6Q, STM32U535VCT6, STM32U535VCT6Q, STM32U535VEI6, STM32U535VEI6Q, STM32U535VET6, STM32U535VET6Q, STM32U545CET6, STM32U545CET6Q, STM32U545CEU6, STM32U545CEU6Q, STM32U545JEY6QTR, STM32U545NEY6QTR, STM32U545REI6, STM32U545REI6Q, STM32U545RET6, STM32U545RET6Q, STM32U545VEI6, STM32U545VEI6Q, STM32U545VET6, STM32U545VET6Q, STM32U595AIH6, STM32U595AIH6Q, STM32U595AJH6, STM32U595AJH6Q, STM32U595QII6, STM32U595QII6Q, STM32U595QJI6, STM32U595QJI6Q, STM32U595RIT6, STM32U595RIT6Q, STM32U595RJT6, STM32U595RJT6Q, STM32U595VIT6, STM32U595VIT6Q, STM32U595VJT6, STM32U595VJT6Q, STM32U595ZIT6, STM32U595ZIT6Q, STM32U595ZIY6QTR, STM32U595ZJT6, STM32U595ZJT6Q, STM32U595ZJY6QTR, STM32U599BJY6QTR, STM32U599NIH6Q, STM32U599NJH6Q, STM32U599VIT6Q, STM32U599VJT6, STM32U599VJT6Q, STM32U599ZIT6Q, STM32U599ZIY6QTR, STM32U599ZJT6Q, STM32U599ZJY6QTR, STM32U5A5AJH6, STM32U5A5AJH6Q, STM32U5A5QII3Q , STM32U5A5QJI6, STM32U5A5QJI6Q, STM32U5A5RJT6, STM32U5A5RJT6Q, STM32U5A5VJT6, STM32U5A5VJT6Q, STM32U5A5ZJT6, STM32U5A5ZJT6Q, STM32U5A5ZJY6QTR, STM32U5A9BJY6QTR, STM32U5A9J-DK, STM32U5A9NJH6Q, STM32U5A9VJT6Q, STM32U5A9ZJT6Q, STM32U5A9ZJY6QTR, STM32U5F7VIT6, STM32U5F7VIT6Q, STM32U5F7VJT6, STM32U5F7VJT6Q, STM32U5F9BJY6QTR, STM32U5F9NJH6Q, STM32U5F9VIT6Q, STM32U5F9VJT6Q, STM32U5F9ZIJ6QTR, STM32U5F9ZIT6Q, STM32U5F9ZJJ6QTR, STM32U5F9ZJT6Q, STM32U5G7VJT6, STM32U5G7VJT6Q, STM32U5G9BJY6QTR, STM32U5G9J-DK1, STM32U5G9J-DK2, STM32U5G9NJH6Q, STM32U5G9VJT6Q, STM32U5G9ZJJ6QTR, STM32U5G9ZJT6Q, STM32WB05KZV6TR, STM32WB05KZV7TR, STM32WB05TZF6TR, STM32WB05TZF7TR, STM32WB06CCF6TR, STM32WB06CCF7TR, STM32WB06CCV6TR, STM32WB06CCV7TR, STM32WB06KCV6TR, STM32WB06KCV7TR, STM32WB07CCF6TR, STM32WB07CCF7TR, STM32WB07CCV6TR, STM32WB07CCV7TR, STM32WB07KCV6TR, STM32WB07KCV7TR, STM32WB09KEV6TR, STM32WB09KEV7TR, STM32WB09TEF6TR, STM32WB09TEF7TR, STM32WB1MMCH6, STM32WBA50KGU6, STM32WBA50KGU6TR, STM32WBA52CEU6, STM32WBA52CEU6TR, STM32WBA52CEU7, STM32WBA52CEU7TR, STM32WBA52CGU6, STM32WBA52CGU6TR, STM32WBA52CGU6U, STM32WBA52CGU7, STM32WBA52CGU7TR, STM32WBA52KEU6, STM32WBA52KEU6TR, STM32WBA52KGU6, STM32WBA52KGU6TR, STM32WBA54CEU6, STM32WBA54CEU6TR, STM32WBA54CEU7, STM32WBA54CEU7TR, STM32WBA54CGU6, STM32WBA54CGU6TR, STM32WBA54CGU7, STM32WBA54CGU7TR, STM32WBA54KEU6, STM32WBA54KEU6TR, STM32WBA54KEU7, STM32WBA54KEU7TR, STM32WBA54KGU6, STM32WBA54KGU6TR, STM32WBA54KGU7, STM32WBA54KGU7TR, STM32WBA55CEU6, STM32WBA55CEU6TR, STM32WBA55CEU7, STM32WBA55CEU7TR, STM32WBA55CGU6, STM32WBA55CGU6TR, STM32WBA55CGU6U, STM32WBA55CGU7, STM32WBA55CGU7TR, STM32WBA55G-DK1, STM32WBA55HEF6, STM32WBA55HEF7, STM32WBA55HGF6, STM32WBA55HGF7, STM32WBA55UEI6, STM32WBA55UEI6TR, STM32WBA55UEI7, STM32WBA55UEI7TR, STM32WBA55UGI6, STM32WBA55UGI6TR, STM32WBA55UGI7, STM32WBA55UGI7TR, STM32WBA5MMGH6TR, STM32WBA62MGF6, STM32WBA62MIF6, STM32WBA65MGF7, STM32WBA65MIF6, STM32WBA65MIF7, STM32WL30K8V6, STM32WL30KBV6, STM32WL31C8V6, STM32WL31CBV6, STM32WL31K8V6, STM32WL31KBV6, STM32WL33C8V6, STM32WL33C8V6X, STM32WL33CBV6, STM32WL33CBV6X, STM32WL33CCV6, STM32WL33CCV6A, STM32WL33CCV6X, STM32WL33K8V7, STM32WL33K8V7X, STM32WL33KBV7 , STM32WL33KBV7X, STM32WL33KCV7, STM32WL33KCV7X, STM32WL5MOCH6, STM32WL5MOCH6TR]
2025-10-04 10:56:41,691 [INFO] DbMcus:218 - Found 4801 MCUs, 4801 are supported
2025-10-04 10:56:41,692 [INFO] ApiDb:423 - Load user favorites file C:\Users\Paulo/.stm32cubeide/favorites.mcus.txt: 0 item(s)
2025-10-04 10:56:41,692 [INFO] ApiDb:427 - User favorites MCUs=[]
2025-10-04 10:56:41,692 [INFO] DbMcus:224 - Set 0 / 0 favorites MCUs
2025-10-04 10:56:42,027 [INFO] ApiDb:423 - Load user favorites file C:\Users\Paulo/.stm32cubeide/favorites.boards.txt: 1 item(s)
2025-10-04 10:56:42,027 [INFO] ApiDb:427 - User favorites Boards=[NUCLEO-F446RE]
2025-10-04 10:56:42,027 [INFO] DbBoards:198 - Set 1 / 1 favorites Boards
2025-10-04 10:56:42,097 [INFO] UtilMem:75 - End LoadConfig() Used Memory: 284409512 Bytes (765460480)
2025-10-04 10:56:42,218 [WARN] ThirdParty:833 - waiting for thirdparty lock release [change project]
2025-10-04 10:56:42,219 [INFO] ThirdParty:835 - entering critical section [change project]
2025-10-04 10:56:42,219 [INFO] ThirdParty:1030 - CMSIS Pack Vendor :STMicroelectronics X-CUBE-PM33A1 1.0.0
2025-10-04 10:56:42,219 [INFO] ThirdParty:1030 - CMSIS Pack Vendor :STMicroelectronics USBPD 4.1
2025-10-04 10:56:42,219 [INFO] ThirdParty:1030 - CMSIS Pack Vendor :STMicroelectronics X-CUBE-NFC9 1.0.0
2025-10-04 10:56:42,219 [INFO] ThirdParty:1030 - CMSIS Pack Vendor :STMicroelectronics USB_HOST 2.0.0
2025-10-04 10:56:42,219 [INFO] ThirdParty:1030 - CMSIS Pack Vendor :STMicroelectronics FP-SNS-MOTENVWB1 1.4.0
2025-10-04 10:56:42,219 [INFO] ThirdParty:1030 - CMSIS Pack Vendor :STMicroelectronics X-CUBE-AZRTOS-F4 1.1.0
2025-10-04 10:56:42,219 [INFO] ThirdParty:1030 - CMSIS Pack Vendor :STMicroelectronics LIBJPEG 8.0.0
2025-10-04 10:56:42,219 [INFO] ThirdParty:1030 - CMSIS Pack Vendor :STMicroelectronics FP-ATR-ASTRA1 2.0.2
2025-10-04 10:56:42,219 [INFO] ThirdParty:1030 - CMSIS Pack Vendor :wolfSSL I-CUBE-wolfSSL 5.8.2
2025-10-04 10:56:42,219 [INFO] ThirdParty:1030 - CMSIS Pack Vendor :STMicroelectronics X-CUBE-BLE1 7.1.0
2025-10-04 10:56:42,219 [INFO] ThirdParty:1030 - CMSIS Pack Vendor :Avnet-IotConnect X-CUBE-IoTC-DA16k-PMOD 1.0.0
2025-10-04 10:56:42,219 [INFO] ThirdParty:1030 - CMSIS Pack Vendor :STMicroelectronics X-CUBE-SMBUS 2.1.0
2025-10-04 10:56:42,219 [INFO] ThirdParty:1030 - CMSIS Pack Vendor :wolfSSL I-CUBE-wolfMQTT 1.19.2
2025-10-04 10:56:42,219 [INFO] ThirdParty:1030 - CMSIS Pack Vendor :STMicroelectronics USB_DEVICE 3.0.0
2025-10-04 10:56:42,219 [INFO] ThirdParty:1030 - CMSIS Pack Vendor :STMicroelectronics X-CUBE-ISPU 2.1.0
2025-10-04 10:56:42,219 [INFO] ThirdParty:1030 - CMSIS Pack Vendor :STMicroelectronics X-CUBE-EEPRMA1 5.2.0
2025-10-04 10:56:42,219 [INFO] ThirdParty:1030 - CMSIS Pack Vendor :STMicroelectronics X-CUBE-BLEMGR 4.1.0
2025-10-04 10:56:42,219 [INFO] ThirdParty:1030 - CMSIS Pack Vendor :STMicroelectronics X-CUBE-AZRTOS-WB 2.0.0
2025-10-04 10:56:42,219 [INFO] ThirdParty:1030 - CMSIS Pack Vendor :STMicroelectronics X-CUBE-ST60 1.0.0
2025-10-04 10:56:42,219 [INFO] ThirdParty:1030 - CMSIS Pack Vendor :STMicroelectronics X-CUBE-GNSS1 7.0.1
2025-10-04 10:56:42,219 [INFO] ThirdParty:1030 - CMSIS Pack Vendor :STMicroelectronics X-CUBE-NFC12 1.0.0
2025-10-04 10:56:42,219 [INFO] ThirdParty:1030 - CMSIS Pack Vendor :STMicroelectronics X-CUBE-AZRTOS-F7 1.1.0
2025-10-04 10:56:42,219 [INFO] ThirdParty:1030 - CMSIS Pack Vendor :STMicroelectronics X-CUBE-AZRTOS-L5 2.0.0
2025-10-04 10:56:42,219 [INFO] ThirdParty:1030 - CMSIS Pack Vendor :STMicroelectronics X-CUBE-TOUCHGFX 4.25.0
2025-10-04 10:56:42,219 [INFO] ThirdParty:1030 - CMSIS Pack Vendor :STMicroelectronics USB_DEVICE 2.0.0
2025-10-04 10:56:42,219 [INFO] ThirdParty:1030 - CMSIS Pack Vendor :STMicroelectronics X-CUBE-NFC6 3.1.0
2025-10-04 10:56:42,220 [INFO] ThirdParty:1030 - CMSIS Pack Vendor :quantropi X-CUBE-qispace-sdk-base 2.1.0
2025-10-04 10:56:42,220 [INFO] ThirdParty:1030 - CMSIS Pack Vendor :STMicroelectronics FreeRTOS 0.0.1
2025-10-04 10:56:42,220 [INFO] ThirdParty:1030 - CMSIS Pack Vendor :STMicroelectronics X-CUBE-AZRTOS-G0 1.1.0
2025-10-04 10:56:42,220 [INFO] ThirdParty:1030 - CMSIS Pack Vendor :STMicroelectronics X-CUBE-SAFEA1 1.2.2
2025-10-04 10:56:42,220 [INFO] ThirdParty:1030 - CMSIS Pack Vendor :STMicroelectronics X-CUBE-NFC4 3.0.0
2025-10-04 10:56:42,220 [INFO] ThirdParty:1030 - CMSIS Pack Vendor :STMicroelectronics X-CUBE-SUBG2 5.0.0
2025-10-04 10:56:42,220 [INFO] ThirdParty:1030 - CMSIS Pack Vendor :STMicroelectronics X-CUBE-AZRTOS-H7RS 1.1.0
2025-10-04 10:56:42,220 [INFO] ThirdParty:1030 - CMSIS Pack Vendor :STMicroelectronics STM32_WPAN 1.0.0
2025-10-04 10:56:42,220 [INFO] ThirdParty:1030 - CMSIS Pack Vendor :EmbeddedOffice I-CUBE-FS-RTOS 1.0.1
2025-10-04 10:56:42,220 [INFO] ThirdParty:1030 - CMSIS Pack Vendor :STMicroelectronics lwIP 2.0.3
2025-10-04 10:56:42,220 [INFO] ThirdParty:1030 - CMSIS Pack Vendor :WES I-CUBE-Cesium 1.4.0
2025-10-04 10:56:42,220 [INFO] ThirdParty:1030 - CMSIS Pack Vendor :Cesanta I-CUBE-Mongoose 7.13.0
2025-10-04 10:56:42,220 [INFO] ThirdParty:1030 - CMSIS Pack Vendor :STMicroelectronics USB_HOST 1.0.0
2025-10-04 10:56:42,220 [INFO] ThirdParty:1030 - CMSIS Pack Vendor :Infineon AIROC-Wi-Fi-Bluetooth-STM32 1.7.1
2025-10-04 10:56:42,220 [INFO] ThirdParty:1030 - CMSIS Pack Vendor :STMicroelectronics X-CUBE-AZRTOS-G4 2.0.0
2025-10-04 10:56:42,220 [INFO] ThirdParty:1030 - CMSIS Pack Vendor :STMicroelectronics X-CUBE-WB05N 2.0.0
2025-10-04 10:56:42,220 [INFO] ThirdParty:1030 - CMSIS Pack Vendor :STMicroelectronics PDM2PCM 3.1.0
2025-10-04 10:56:42,220 [INFO] ThirdParty:1030 - CMSIS Pack Vendor :STMicroelectronics PDM2PCM 3.3.0
2025-10-04 10:56:42,220 [INFO] ThirdParty:1030 - CMSIS Pack Vendor :wolfSSL I-CUBE-wolfTPM 3.8.0
2025-10-04 10:56:42,220 [INFO] ThirdParty:1030 - CMSIS Pack Vendor :STMicroelectronics X-CUBE-AZRTOS-H7 3.4.0
2025-10-04 10:56:42,220 [INFO] ThirdParty:1030 - CMSIS Pack Vendor :STMicroelectronics X-CUBE-DISPLAY 3.0.0
2025-10-04 10:56:42,220 [INFO] ThirdParty:1030 - CMSIS Pack Vendor :wolfSSL I-CUBE-wolfSSH 1.4.20
2025-10-04 10:56:42,220 [INFO] ThirdParty:1030 - CMSIS Pack Vendor :STMicroelectronics X-CUBE-NFC7 2.0.0
2025-10-04 10:56:42,220 [INFO] ThirdParty:1030 - CMSIS Pack Vendor :STMicroelectronics X-CUBE-TCPP 4.2.0
2025-10-04 10:56:42,220 [INFO] ThirdParty:1030 - CMSIS Pack Vendor :RealThread X-CUBE-RT-Thread_Nano 4.1.1
2025-10-04 10:56:42,220 [INFO] ThirdParty:1030 - CMSIS Pack Vendor :STMicroelectronics FP-ATR-SIGFOX1 3.2.0
2025-10-04 10:56:42,220 [INFO] ThirdParty:1030 - CMSIS Pack Vendor :STMicroelectronics X-CUBE-NFC10 1.0.0
2025-10-04 10:56:42,220 [INFO] ThirdParty:1030 - CMSIS Pack Vendor :STMicroelectronics X-CUBE-FREERTOS 1.3.1
2025-10-04 10:56:42,220 [INFO] ThirdParty:1030 - CMSIS Pack Vendor :STMicroelectronics HAL Drivers 0.0.0
2025-10-04 10:56:42,220 [INFO] ThirdParty:1030 - CMSIS Pack Vendor :STMicroelectronics MBEDTLS 2.16.2
2025-10-04 10:56:42,220 [INFO] ThirdParty:1030 - CMSIS Pack Vendor :STMicroelectronics X-CUBE-IPS 3.1.0
2025-10-04 10:56:42,220 [INFO] ThirdParty:1030 - CMSIS Pack Vendor :STMicroelectronics X-CUBE-ALS 1.0.2
2025-10-04 10:56:42,220 [INFO] ThirdParty:1030 - CMSIS Pack Vendor :emotas I-CUBE-CANOPEN 1.3.0
2025-10-04 10:56:42,220 [INFO] ThirdParty:1030 - CMSIS Pack Vendor :STMicroelectronics MBEDTLS 2.14.1
2025-10-04 10:56:42,220 [INFO] ThirdParty:1030 - CMSIS Pack Vendor :ITTIA_DB I-CUBE-ITTIADB 8.9.0
2025-10-04 10:56:42,220 [INFO] ThirdParty:1030 - CMSIS Pack Vendor :STMicroelectronics X-CUBE-TOUCHGFX 4.26.0
2025-10-04 10:56:42,221 [INFO] ThirdParty:1030 - CMSIS Pack Vendor :STMicroelectronics X-CUBE-STSE01 1.0.0
2025-10-04 10:56:42,221 [INFO] ThirdParty:1030 - CMSIS Pack Vendor :portGmbH I-Cube-SoM-uGOAL 1.1.0
2025-10-04 10:56:42,221 [INFO] ThirdParty:1030 - CMSIS Pack Vendor :STMicroelectronics X-CUBE-ST67W61 1.0.0
2025-10-04 10:56:42,221 [INFO] ThirdParty:1030 - CMSIS Pack Vendor :STMicroelectronics FP-SNS-STBOX1 2.1.0
2025-10-04 10:56:42,221 [INFO] ThirdParty:1030 - CMSIS Pack Vendor :STMicroelectronics X-CUBE-AI 10.2.0
2025-10-04 10:56:42,221 [INFO] ThirdParty:1030 - CMSIS Pack Vendor :STMicroelectronics FP-SNS-STAIOTCFT 1.0.0
2025-10-04 10:56:42,221 [INFO] ThirdParty:1030 - CMSIS Pack Vendor :STMicroelectronics ThreadX 1.0.0
2025-10-04 10:56:42,221 [INFO] ThirdParty:1030 - CMSIS Pack Vendor :STMicroelectronics FP-SNS-SMARTAG2 1.2.0
2025-10-04 10:56:42,221 [INFO] ThirdParty:1030 - CMSIS Pack Vendor :STMicroelectronics FP-SNS-FLIGHT1 5.1.0
2025-10-04 10:56:42,221 [INFO] ThirdParty:1030 - CMSIS Pack Vendor :STMicroelectronics X-CUBE-AZRTOS-WL 2.0.0
2025-10-04 10:56:42,221 [INFO] ThirdParty:1030 - CMSIS Pack Vendor :SEGGER I-CUBE-embOS 1.3.1
2025-10-04 10:56:42,221 [INFO] ThirdParty:1030 - CMSIS Pack Vendor :STMicroelectronics X-CUBE-ALGOBUILD 1.4.0
2025-10-04 10:56:42,221 [INFO] ThirdParty:1030 - CMSIS Pack Vendor :STMicroelectronics X-CUBE-DPower 1.3.0
2025-10-04 10:56:42,221 [INFO] ThirdParty:1030 - CMSIS Pack Vendor :STMicroelectronics X-CUBE-MEMS1 11.3.0
2025-10-04 10:56:42,221 [INFO] ThirdParty:1030 - CMSIS Pack Vendor :STMicroelectronics FP-SNS-MOTENV1 5.0.0
2025-10-04 10:56:42,221 [INFO] ThirdParty:1030 - CMSIS Pack Vendor :STMicroelectronics USB_DEVICE 1.0.0
2025-10-04 10:56:42,221 [INFO] ThirdParty:1030 - CMSIS Pack Vendor :STMicroelectronics X-CUBE-AZRTOS-L4 2.0.0
2025-10-04 10:56:42,221 [INFO] ThirdParty:1030 - CMSIS Pack Vendor :STMicroelectronics ThreadX 0.0.2
2025-10-04 10:56:42,221 [INFO] ThirdParty:1030 - CMSIS Pack Vendor :STMicroelectronics lwIP 2.1.2
2025-10-04 10:56:42,221 [INFO] ThirdParty:1030 - CMSIS Pack Vendor :STMicroelectronics X-CUBE-SFXS2LP1 4.0.0
2025-10-04 10:56:42,221 [INFO] ThirdParty:1030 - CMSIS Pack Vendor :STMicroelectronics X-CUBE-BLE2 3.3.0
2025-10-04 10:56:42,221 [INFO] ThirdParty:1030 - CMSIS Pack Vendor :STMicroelectronics X-CUBE-TOF1 3.4.3
2025-10-04 10:56:42,221 [INFO] ThirdParty:1030 - CMSIS Pack Vendor :STMicroelectronics PDM2PCM 3.2.0
2025-10-04 10:56:42,221 [INFO] ThirdParty:841 - exiting critical section [change project]
2025-10-04 10:56:42,610 [INFO] PinOutPanel:1589 - setPackage(No Configuration,No Configuration)
2025-10-04 10:56:42,611 [INFO] PinOutPanel:1589 - setPackage(STM32F446RETx,LQFP64)
2025-10-04 10:56:43,126 [INFO] UtilMem:75 - Before build in PCC Used Memory: 252492592 Bytes (765460480)
2025-10-04 10:56:43,899 [INFO] UtilMem:75 - After build in PCC Used Memory: 327144368 Bytes (765460480)
2025-10-04 10:56:43,928 [INFO] IPUIPlugin:80 - create IPUIPlugin
2025-10-04 10:56:43,928 [INFO] IPUIPlugin:80 - create IPUIPlugin
2025-10-04 10:56:43,928 [INFO] IPUIPlugin:80 - create IPUIPlugin
2025-10-04 10:56:43,928 [INFO] IPUIPlugin:80 - create IPUIPlugin
2025-10-04 10:56:43,928 [INFO] IPUIPlugin:80 - create IPUIPlugin
2025-10-04 10:56:43,928 [INFO] IPUIPlugin:80 - create IPUIPlugin
2025-10-04 10:56:43,928 [INFO] IPUIPlugin:80 - create IPUIPlugin
2025-10-04 10:56:43,928 [INFO] IPUIPlugin:80 - create IPUIPlugin
2025-10-04 10:56:43,928 [INFO] IPUIPlugin:80 - create IPUIPlugin
2025-10-04 10:56:43,928 [INFO] IPUIPlugin:80 - create IPUIPlugin
2025-10-04 10:56:43,929 [INFO] IPUIPlugin:80 - create IPUIPlugin
2025-10-04 10:56:43,929 [INFO] IPUIPlugin:80 - create IPUIPlugin
2025-10-04 10:56:43,929 [INFO] IPUIPlugin:80 - create IPUIPlugin
2025-10-04 10:56:43,929 [INFO] IPUIPlugin:80 - create IPUIPlugin
2025-10-04 10:56:43,929 [INFO] IPUIPlugin:80 - create IPUIPlugin
2025-10-04 10:56:43,929 [INFO] IPUIPlugin:80 - create IPUIPlugin
2025-10-04 10:56:43,929 [INFO] IPUIPlugin:80 - create IPUIPlugin
2025-10-04 10:56:43,929 [INFO] IPUIPlugin:80 - create IPUIPlugin
2025-10-04 10:56:43,930 [INFO] IPUIPlugin:80 - create IPUIPlugin
2025-10-04 10:56:43,930 [INFO] IPUIPlugin:80 - create IPUIPlugin
2025-10-04 10:56:43,930 [INFO] IPUIPlugin:80 - create IPUIPlugin
2025-10-04 10:56:43,930 [INFO] IPUIPlugin:80 - create IPUIPlugin
2025-10-04 10:56:43,930 [INFO] IPUIPlugin:80 - create IPUIPlugin
2025-10-04 10:56:43,931 [INFO] IPUIPlugin:80 - create IPUIPlugin
2025-10-04 10:56:43,931 [INFO] IPUIPlugin:80 - create IPUIPlugin
2025-10-04 10:56:43,931 [INFO] IPUIPlugin:80 - create IPUIPlugin
2025-10-04 10:56:43,931 [INFO] IPUIPlugin:80 - create IPUIPlugin
2025-10-04 10:56:43,931 [INFO] IPUIPlugin:80 - create IPUIPlugin
2025-10-04 10:56:43,931 [INFO] IPUIPlugin:80 - create IPUIPlugin
2025-10-04 10:56:43,931 [INFO] IPUIPlugin:80 - create IPUIPlugin
2025-10-04 10:56:43,932 [INFO] IPUIPlugin:80 - create IPUIPlugin
2025-10-04 10:56:43,932 [INFO] IPUIPlugin:80 - create IPUIPlugin
2025-10-04 10:56:43,932 [INFO] IPUIPlugin:80 - create IPUIPlugin
2025-10-04 10:56:43,932 [INFO] IPUIPlugin:80 - create IPUIPlugin
2025-10-04 10:56:43,933 [INFO] IPUIPlugin:80 - create IPUIPlugin
2025-10-04 10:56:43,933 [INFO] IPUIPlugin:80 - create IPUIPlugin
2025-10-04 10:56:43,933 [INFO] IPUIPlugin:80 - create IPUIPlugin
2025-10-04 10:56:43,933 [INFO] IPUIPlugin:80 - create IPUIPlugin
2025-10-04 10:56:43,934 [INFO] IPUIPlugin:80 - create IPUIPlugin
2025-10-04 10:56:43,934 [INFO] IPUIPlugin:80 - create IPUIPlugin
2025-10-04 10:56:43,934 [INFO] IPUIPlugin:80 - create IPUIPlugin
2025-10-04 10:56:43,934 [INFO] IPUIPlugin:80 - create IPUIPlugin
2025-10-04 10:56:43,934 [INFO] IPUIPlugin:80 - create IPUIPlugin
2025-10-04 10:56:43,935 [INFO] IPUIPlugin:80 - create IPUIPlugin
2025-10-04 10:56:43,935 [INFO] IPUIPlugin:80 - create IPUIPlugin
2025-10-04 10:56:43,936 [INFO] IPUIPlugin:80 - create IPUIPlugin
2025-10-04 10:56:43,936 [INFO] IPUIPlugin:80 - create IPUIPlugin
2025-10-04 10:56:43,936 [INFO] IPUIPlugin:80 - create IPUIPlugin
2025-10-04 10:56:43,937 [INFO] IPUIPlugin:80 - create IPUIPlugin
2025-10-04 10:56:43,937 [INFO] IPUIPlugin:80 - create IPUIPlugin
2025-10-04 10:56:43,938 [INFO] IPUIPlugin:80 - create IPUIPlugin
2025-10-04 10:56:43,938 [INFO] IPUIPlugin:80 - create IPUIPlugin
2025-10-04 10:56:43,938 [INFO] IPUIPlugin:80 - create IPUIPlugin
2025-10-04 10:56:43,939 [INFO] IPUIPlugin:80 - create IPUIPlugin
2025-10-04 10:56:43,939 [INFO] IPUIPlugin:80 - create IPUIPlugin
2025-10-04 10:56:43,940 [INFO] IPUIPlugin:80 - create IPUIPlugin
2025-10-04 10:56:43,940 [INFO] IPUIPlugin:80 - create IPUIPlugin
2025-10-04 10:56:43,940 [INFO] IPUIPlugin:80 - create IPUIPlugin
2025-10-04 10:56:43,940 [INFO] IPUIPlugin:80 - create IPUIPlugin
2025-10-04 10:56:43,941 [INFO] IPUIPlugin:80 - create IPUIPlugin
2025-10-04 10:56:44,009 [INFO] ApiDbMcu:532 - Load IP Config File for PDM2PCM
2025-10-04 10:56:44,245 [INFO] CADModel:165 - CPN selected for project levelSTM32F446RET6
2025-10-04 10:56:44,245 [INFO] CADModel:114 - Register for checkConnection events
2025-10-04 10:56:44,312 [INFO] OpenFileManager:386 - Restore cursor
2025-10-04 10:57:02,318 [WARN] IP:2250 - I2C_Coeff_DF not found: check if there is a RefParameter without a condition.
2025-10-04 10:57:02,318 [WARN] IP:2250 - Analog_Filter not found: check if there is a RefParameter without a condition.
2025-10-04 10:57:02,399 [WARN] IP:2250 - I2C_Coeff_DF not found: check if there is a RefParameter without a condition.
2025-10-04 10:57:02,399 [WARN] IP:2250 - Analog_Filter not found: check if there is a RefParameter without a condition.
2025-10-04 10:57:02,400 [WARN] IP:2250 - I2C_Coeff_DF not found: check if there is a RefParameter without a condition.
2025-10-04 10:57:02,400 [WARN] IP:2250 - Analog_Filter not found: check if there is a RefParameter without a condition.
2025-10-04 10:57:02,567 [WARN] IP:2250 - I2C_Coeff_DF not found: check if there is a RefParameter without a condition.
2025-10-04 10:57:02,567 [WARN] IP:2250 - Analog_Filter not found: check if there is a RefParameter without a condition.
2025-10-04 10:57:02,571 [WARN] IP:2250 - I2C_Coeff_DF not found: check if there is a RefParameter without a condition.
2025-10-04 10:57:02,571 [WARN] IP:2250 - Analog_Filter not found: check if there is a RefParameter without a condition.
2025-10-04 10:57:25,363 [WARN] IP:2250 - I2C_Coeff_DF not found: check if there is a RefParameter without a condition.
2025-10-04 10:57:25,363 [WARN] IP:2250 - Analog_Filter not found: check if there is a RefParameter without a condition.
2025-10-04 10:57:25,438 [WARN] IP:2250 - I2C_Coeff_DF not found: check if there is a RefParameter without a condition.
2025-10-04 10:57:25,438 [WARN] IP:2250 - Analog_Filter not found: check if there is a RefParameter without a condition.
2025-10-04 10:57:25,438 [WARN] IP:2250 - I2C_Coeff_DF not found: check if there is a RefParameter without a condition.
2025-10-04 10:57:25,438 [WARN] IP:2250 - Analog_Filter not found: check if there is a RefParameter without a condition.
2025-10-04 10:57:25,577 [WARN] IP:2250 - I2C_Coeff_DF not found: check if there is a RefParameter without a condition.
2025-10-04 10:57:25,577 [WARN] IP:2250 - Analog_Filter not found: check if there is a RefParameter without a condition.
2025-10-04 10:57:25,577 [WARN] IP:2250 - I2C_Coeff_DF not found: check if there is a RefParameter without a condition.
2025-10-04 10:57:25,577 [WARN] IP:2250 - Analog_Filter not found: check if there is a RefParameter without a condition.
2025-10-04 10:57:29,039 [WARN] IP:2250 - I2C_Coeff_DF not found: check if there is a RefParameter without a condition.
2025-10-04 10:57:29,039 [WARN] IP:2250 - Analog_Filter not found: check if there is a RefParameter without a condition.
2025-10-04 10:57:29,102 [WARN] IP:2250 - I2C_Coeff_DF not found: check if there is a RefParameter without a condition.
2025-10-04 10:57:29,103 [WARN] IP:2250 - Analog_Filter not found: check if there is a RefParameter without a condition.
2025-10-04 10:57:29,103 [WARN] IP:2250 - I2C_Coeff_DF not found: check if there is a RefParameter without a condition.
2025-10-04 10:57:29,104 [WARN] IP:2250 - Analog_Filter not found: check if there is a RefParameter without a condition.
2025-10-04 10:57:29,250 [WARN] IP:2250 - I2C_Coeff_DF not found: check if there is a RefParameter without a condition.
2025-10-04 10:57:29,250 [WARN] IP:2250 - Analog_Filter not found: check if there is a RefParameter without a condition.
2025-10-04 10:57:29,251 [WARN] IP:2250 - I2C_Coeff_DF not found: check if there is a RefParameter without a condition.
2025-10-04 10:57:29,251 [WARN] IP:2250 - Analog_Filter not found: check if there is a RefParameter without a condition.
2025-10-04 10:57:32,024 [INFO] UtilMem:75 - End SaveConfig() Used Memory: 451117752 Bytes (765460480)
2025-10-04 11:05:22,512 [INFO] UtilMem:75 - End SaveConfig() Used Memory: 505730656 Bytes (765460480)
2025-10-04 11:05:29,024 [INFO] UtilMem:75 - End SaveConfig() Used Memory: 607272736 Bytes (765460480)
2025-10-04 11:05:29,574 [INFO] BlockDiagram:2775 - set Specific Code input for plugin: SYS
2025-10-04 11:05:29,574 [INFO] BlockDiagram:2775 - set Specific Code input for plugin: RCC
2025-10-04 11:05:29,574 [INFO] BlockDiagram:2775 - set Specific Code input for plugin: I2C
2025-10-04 11:05:29,575 [INFO] BlockDiagram:2775 - set Specific Code input for plugin: NVIC
2025-10-04 11:05:29,575 [INFO] BlockDiagram:2775 - set Specific Code input for plugin: USART
2025-10-04 11:05:29,575 [INFO] BlockDiagram:2775 - set Specific Code input for plugin: GPIO
2025-10-04 11:05:29,577 [INFO] CodeGenerator:892 - code generatio: config db path: C:\ST\STM32CubeIDE_1.19.0\STM32CubeIDE\plugins\com.st.stm32cube.common.mx_6.15.0.202507011659\\db\
2025-10-04 11:05:29,582 [WARN] IP:2250 - I2C_Coeff_DF not found: check if there is a RefParameter without a condition.
2025-10-04 11:05:29,582 [WARN] IP:2250 - Analog_Filter not found: check if there is a RefParameter without a condition.
2025-10-04 11:05:29,780 [INFO] CodeEngine:265 - oldGeneratedFile, D:\CESE_25_Embebidos\tp_final_temperature\MXTmpFiles\license.tmp_save
2025-10-04 11:05:30,124 [INFO] CodeEngine:289 - Generated code: D:\CESE_25_Embebidos\tp_final_temperature\MXTmpFiles\license.tmp
2025-10-04 11:05:30,185 [INFO] CodeEngine:265 - oldGeneratedFile, D:\CESE_25_Embebidos\tp_final_temperature\MXTmpFiles\gpio.tmp_save
2025-10-04 11:05:30,366 [INFO] CodeEngine:289 - Generated code: D:\CESE_25_Embebidos\tp_final_temperature\MXTmpFiles\gpio.tmp
2025-10-04 11:05:30,492 [INFO] CodeEngine:265 - oldGeneratedFile, D:\CESE_25_Embebidos\tp_final_temperature\Core\Src\stm32f4xx_it.c_save
2025-10-04 11:05:30,702 [INFO] CodeEngine:289 - Generated code: D:\CESE_25_Embebidos\tp_final_temperature\Core\Src\stm32f4xx_it.c
2025-10-04 11:05:30,710 [INFO] CodeEngine:265 - oldGeneratedFile, D:\CESE_25_Embebidos\tp_final_temperature\Core\Inc\stm32f4xx_it.h_save
2025-10-04 11:05:30,811 [INFO] CodeEngine:289 - Generated code: D:\CESE_25_Embebidos\tp_final_temperature\Core\Inc\stm32f4xx_it.h
2025-10-04 11:05:30,826 [INFO] CodeEngine:265 - oldGeneratedFile, D:\CESE_25_Embebidos\tp_final_temperature\Core\Src\stm32f4xx_hal_msp.c_save
2025-10-04 11:05:31,052 [INFO] CodeEngine:289 - Generated code: D:\CESE_25_Embebidos\tp_final_temperature\Core\Src\stm32f4xx_hal_msp.c
2025-10-04 11:05:31,056 [INFO] CodeEngine:265 - oldGeneratedFile, D:\CESE_25_Embebidos\tp_final_temperature\MXTmpFiles\system.tmp_save
2025-10-04 11:05:31,121 [INFO] CodeEngine:289 - Generated code: D:\CESE_25_Embebidos\tp_final_temperature\MXTmpFiles\system.tmp
2025-10-04 11:05:31,139 [INFO] CodeEngine:321 - oldGeneratedFile, D:\CESE_25_Embebidos\tp_final_temperature\Core\Inc\stm32f4xx_hal_conf.h_save
2025-10-04 11:05:31,277 [INFO] CodeEngine:345 - Generated code: D:\CESE_25_Embebidos\tp_final_temperature\Core\Inc\stm32f4xx_hal_conf.h
2025-10-04 11:05:31,312 [WARN] IPConfigManager:3238 - Warning: the RefConfig PLL2P_FOR_MCO is not available in your config.xml file
2025-10-04 11:05:31,319 [INFO] ApiDbMcu:532 - Load IP Config File for I2C1
2025-10-04 11:05:31,321 [INFO] ApiDbMcu:532 - Load IP Config File for USART2
2025-10-04 11:05:31,324 [INFO] ApiDbMcu:532 - Load IP Config File for RCC
2025-10-04 11:05:31,341 [INFO] CodeEngine:265 - oldGeneratedFile, D:\CESE_25_Embebidos\tp_final_temperature\Core\Inc\main.h_save
2025-10-04 11:05:31,512 [INFO] CodeEngine:289 - Generated code: D:\CESE_25_Embebidos\tp_final_temperature\Core\Inc\main.h
2025-10-04 11:05:31,517 [INFO] CodeEngine:265 - oldGeneratedFile, D:\CESE_25_Embebidos\tp_final_temperature\Core\Src\main.c_save
2025-10-04 11:05:31,661 [INFO] CodeEngine:289 - Generated code: D:\CESE_25_Embebidos\tp_final_temperature\Core\Src\main.c
2025-10-04 11:05:31,797 [INFO] ProjectBuilder:3606 - Time for Copy HAL[2] : 3mS.
2025-10-04 11:05:31,805 [INFO] ProjectBuilder:5216 - Project Generator version: 4.7.0-B52
2025-10-04 11:05:31,878 [INFO] ConfigFileManager:1595 - The Die is : DIE421
2025-10-04 11:05:31,888 [INFO] ApiDbMcu:532 - Load IP Config File for FATFS
2025-10-04 11:05:31,893 [INFO] ApiDbMcu:532 - Load IP Config File for FREERTOS
2025-10-04 11:05:31,896 [INFO] ApiDbMcu:532 - Load IP Config File for LIBJPEG
2025-10-04 11:05:31,902 [INFO] ApiDbMcu:532 - Load IP Config File for MBEDTLS
2025-10-04 11:05:31,909 [INFO] ApiDbMcu:532 - Load IP Config File for USB_DEVICE
2025-10-04 11:05:31,913 [INFO] ApiDbMcu:532 - Load IP Config File for USB_HOST
2025-10-04 11:05:32,353 [INFO] LogOutputStream:77 - [STDOUT_REDIRECT] 
2025-10-04 11:05:33,755 [INFO] ProjectBuilder:5496 - Time for Generating toolchain IDE Files: 1950mS.
2025-10-04 11:05:33,756 [INFO] ProjectBuilder:3463 - Time for Copy CMSIS : 0mS.
2025-10-04 11:05:33,757 [INFO] ProjectBuilder:3463 - Time for Copy CMSIS : 0mS.
2025-10-04 11:16:07,531 [INFO] WebApp:194 - Connection lost
2025-10-04 11:16:07,733 [INFO] WebApp:191 - Connection restablished
2025-10-04 11:16:10,510 [INFO] WebApp:194 - Connection lost
2025-10-04 11:16:10,710 [INFO] WebApp:191 - Connection restablished
2025-10-04 12:11:04,481 [ERROR] LogOutputStream:75 - [STDERR_REDIRECT] 
2025-10-04 12:23:48,076 [INFO] Activator:176 - 


2025-10-04 12:23:48,078 [INFO] Activator:177 - !SESSION log4j initialized
2025-10-04 12:23:51,890 [INFO] LogOutputStream:77 - [STDOUT_REDIRECT] 
2025-10-04 12:23:53,062 [INFO] ApplicationProperties:184 - Using Application install path: C:\ST\STM32CubeIDE_1.19.0\STM32CubeIDE\plugins\com.st.stm32cube.common.mx_6.15.0.202507011659
2025-10-04 12:23:53,075 [INFO] DbMcusXml:78 - Set database path to: C:\ST\STM32CubeIDE_1.19.0\STM32CubeIDE\plugins\com.st.stm32cube.common.mx_6.15.0.202507011659\\db\/mcu/
2025-10-04 12:23:53,075 [INFO] ApiDb:274 - Set plugin database path to: C:\ST\STM32CubeIDE_1.19.0\STM32CubeIDE\plugins\com.st.stm32cube.common.mx_6.15.0.202507011659\\db\/plugins/boardmanager/
2025-10-04 12:23:53,075 [WARN] ApiDb:259 - Overriding images path with different value:  => C:\ST\STM32CubeIDE_1.19.0\STM32CubeIDE\plugins\com.st.stm32cube.common.mx_6.15.0.202507011659\\db\/plugins/mcufinder/images/
2025-10-04 12:23:53,081 [INFO] ApiDb:250 - Set database path to: C:\Users\Paulo\.stmcufinder\plugins\mcufinder//mcu/
2025-10-04 12:23:53,082 [INFO] DbMcusAds:125 - Set database path to: C:\Users\Paulo\.stmcufinder\plugins\mcufinder//mcu/
2025-10-04 12:23:53,083 [INFO] CrossReferenceDbSqlite:203 - Set database path to: C:\Users\Paulo\.stmcufinder\plugins\mcufinder//mcu/cs/
2025-10-04 12:23:53,173 [INFO] RulesReader:64 - Compatibility file has been processed (317 Rules)
2025-10-04 12:23:53,229 [INFO] DbMcusXml:78 - Set database path to: C:\ST\STM32CubeIDE_1.19.0\STM32CubeIDE\plugins\com.st.stm32cube.common.mx_6.15.0.202507011659\\db\/mcu/
2025-10-04 12:23:53,229 [INFO] ApiDb:274 - Set plugin database path to: C:\ST\STM32CubeIDE_1.19.0\STM32CubeIDE\plugins\com.st.stm32cube.common.mx_6.15.0.202507011659\\db\/plugins/boardmanager/
2025-10-04 12:23:53,229 [INFO] ApiDb:261 - Set plugin images path to: C:\ST\STM32CubeIDE_1.19.0\STM32CubeIDE\plugins\com.st.stm32cube.common.mx_6.15.0.202507011659\\db\/plugins/mcufinder/images/
2025-10-04 12:23:53,229 [WARN] DbFile:41 - Overriding database path with different value: C:\Users\Paulo\.stmcufinder\plugins\mcufinder/ => C:\Users\Paulo\.stmcufinder\plugins\mcufinder
2025-10-04 12:23:53,229 [INFO] ApiDb:250 - Set database path to: C:\Users\Paulo\.stmcufinder\plugins\mcufinder//mcu/
2025-10-04 12:23:53,230 [WARN] DbFile:41 - Overriding database path with different value: C:\Users\Paulo\.stmcufinder\plugins\mcufinder/ => C:\Users\Paulo\.stmcufinder\plugins\mcufinder
2025-10-04 12:23:53,230 [INFO] DbMcusAds:125 - Set database path to: C:\Users\Paulo\.stmcufinder\plugins\mcufinder//mcu/
2025-10-04 12:23:53,230 [WARN] DbFile:41 - Overriding database path with different value: C:\Users\Paulo\.stmcufinder\plugins\mcufinder/ => C:\Users\Paulo\.stmcufinder\plugins\mcufinder
2025-10-04 12:23:53,230 [WARN] DbFile:41 - Overriding database path with different value: C:\Users\Paulo\.stmcufinder\plugins\mcufinder/ => C:\Users\Paulo\.stmcufinder\plugins\mcufinder
2025-10-04 12:23:53,230 [INFO] CrossReferenceDbSqlite:203 - Set database path to: C:\Users\Paulo\.stmcufinder\plugins\mcufinder//mcu/cs/
2025-10-04 12:23:53,299 [INFO] MainPanel:274 - HeapMemory: 268435456
2025-10-04 12:23:53,387 [INFO] DbMcusXml:78 - Set database path to: C:\ST\STM32CubeIDE_1.19.0\STM32CubeIDE\plugins\com.st.stm32cube.common.mx_6.15.0.202507011659\\db\/mcu/
2025-10-04 12:23:53,387 [INFO] ApiDb:274 - Set plugin database path to: C:\ST\STM32CubeIDE_1.19.0\STM32CubeIDE\plugins\com.st.stm32cube.common.mx_6.15.0.202507011659\\db\/plugins/boardmanager/
2025-10-04 12:23:53,387 [INFO] ApiDb:261 - Set plugin images path to: C:\ST\STM32CubeIDE_1.19.0\STM32CubeIDE\plugins\com.st.stm32cube.common.mx_6.15.0.202507011659\\db\/plugins/mcufinder/images/
2025-10-04 12:23:53,388 [WARN] DbFile:41 - Overriding database path with different value: C:\Users\Paulo\.stmcufinder\plugins\mcufinder/ => C:\Users\Paulo\.stmcufinder\plugins\mcufinder
2025-10-04 12:23:53,388 [INFO] ApiDb:250 - Set database path to: C:\Users\Paulo\.stmcufinder\plugins\mcufinder//mcu/
2025-10-04 12:23:53,388 [WARN] DbFile:41 - Overriding database path with different value: C:\Users\Paulo\.stmcufinder\plugins\mcufinder/ => C:\Users\Paulo\.stmcufinder\plugins\mcufinder
2025-10-04 12:23:53,388 [INFO] DbMcusAds:125 - Set database path to: C:\Users\Paulo\.stmcufinder\plugins\mcufinder//mcu/
2025-10-04 12:23:53,388 [WARN] DbFile:41 - Overriding database path with different value: C:\Users\Paulo\.stmcufinder\plugins\mcufinder/ => C:\Users\Paulo\.stmcufinder\plugins\mcufinder
2025-10-04 12:23:53,388 [WARN] DbFile:41 - Overriding database path with different value: C:\Users\Paulo\.stmcufinder\plugins\mcufinder/ => C:\Users\Paulo\.stmcufinder\plugins\mcufinder
2025-10-04 12:23:53,388 [INFO] CrossReferenceDbSqlite:203 - Set database path to: C:\Users\Paulo\.stmcufinder\plugins\mcufinder//mcu/cs/
2025-10-04 12:23:53,403 [INFO] ApplicationProperties:184 - Using Application install path: C:\ST\STM32CubeIDE_1.19.0\STM32CubeIDE\plugins\com.st.stm32cube.common.mx_6.15.0.202507011659
2025-10-04 12:23:53,405 [INFO] PluginManage:196 - Search for loadable plugins [exclusion list=, ]
2025-10-04 12:23:53,406 [INFO] PluginManage:310 - Check plugin analytics
2025-10-04 12:23:53,559 [INFO] AnalyticsPlugin:253 - Accepted Software Licenses: 
2025-10-04 12:23:53,560 [INFO] AnalyticsPlugin:255 - Accepted CMSIS Pack Licenses: 
2025-10-04 12:23:53,560 [INFO] AnalyticsPlugin:257 - Accepted Firmware Licenses: FW.F4.1.28.0,FW.F4.1.27.0
2025-10-04 12:23:53,563 [INFO] PluginManage:359 - Loaded plugin analytics (category:tool,tabindex:-1)
2025-10-04 12:23:53,563 [INFO] PluginManage:310 - Check plugin cadmodel
2025-10-04 12:23:53,566 [INFO] CADModel:105 - Init CAD model plugin
2025-10-04 12:23:53,567 [INFO] PluginManage:359 - Loaded plugin cadmodel (category:power,tabindex:5)
2025-10-04 12:23:53,567 [INFO] PluginManage:310 - Check plugin clock
2025-10-04 12:23:53,574 [INFO] PluginManage:359 - Loaded plugin clock (category:base,tabindex:2)
2025-10-04 12:23:53,575 [INFO] PluginManage:310 - Check plugin ddr
2025-10-04 12:23:53,579 [INFO] PluginManage:359 - Loaded plugin ddr (category:tool,tabindex:6)
2025-10-04 12:23:53,579 [INFO] PluginManage:310 - Check plugin filemanager
2025-10-04 12:23:53,700 [INFO] PluginManage:359 - Loaded plugin filemanager (category:base,tabindex:10)
2025-10-04 12:23:53,700 [INFO] PluginManage:310 - Check plugin ipmanager
2025-10-04 12:23:53,706 [INFO] PluginManage:359 - Loaded plugin ipmanager (category:base,tabindex:5)
2025-10-04 12:23:53,706 [INFO] PluginManage:310 - Check plugin lpbam
2025-10-04 12:23:53,713 [INFO] PluginManage:359 - Loaded plugin lpbam (category:base,tabindex:0)
2025-10-04 12:23:53,713 [INFO] PluginManage:310 - Check plugin memorymap
2025-10-04 12:23:53,722 [INFO] PluginManage:359 - Loaded plugin memorymap (category:base,tabindex:4)
2025-10-04 12:23:53,722 [INFO] PluginManage:310 - Check plugin pinoutandconfiguration
2025-10-04 12:23:53,727 [INFO] PluginManage:359 - Loaded plugin pinoutandconfiguration (category:base,tabindex:1)
2025-10-04 12:23:53,727 [INFO] PluginManage:310 - Check plugin pinoutconfig
2025-10-04 12:23:53,829 [WARN] SupportedApi:132 - Cannot load RTOS API schema: s4s-elt-must-match.1: The content of 'definitions' must match (annotation?, (simpleType | complexType)?, (unique | key | keyref)*)). A problem was found starting at: attribute.
2025-10-04 12:23:53,961 [INFO] PluginManage:359 - Loaded plugin pinoutconfig (category:base,tabindex:0)
2025-10-04 12:23:53,962 [INFO] PluginManage:310 - Check plugin power
2025-10-04 12:23:53,969 [INFO] PluginManage:359 - Loaded plugin power (category:power,tabindex:4)
2025-10-04 12:23:53,970 [INFO] PluginManage:310 - Check plugin projectmanager
2025-10-04 12:23:53,984 [INFO] PluginManage:359 - Loaded plugin projectmanager (category:projectmanager,tabindex:4)
2025-10-04 12:23:53,984 [INFO] PluginManage:310 - Check plugin rif
2025-10-04 12:23:53,992 [INFO] PluginManage:359 - Loaded plugin rif (category:base,tabindex:3)
2025-10-04 12:23:53,992 [INFO] PluginManage:310 - Check plugin thirdparty
2025-10-04 12:23:54,097 [INFO] PluginManage:359 - Loaded plugin thirdparty (category:base,tabindex:-1)
2025-10-04 12:23:54,097 [INFO] PluginManage:310 - Check plugin tools
2025-10-04 12:23:54,097 [WARN] IntegrityCheckThread:84 - waiting for thirdparty lock release [integrity check]
2025-10-04 12:23:54,097 [INFO] IntegrityCheckThread:86 - entering critical section [integrity check]
2025-10-04 12:23:54,098 [INFO] ThirdPartyUpdaterWithRetryManager:70 - Updater plugin not ready yet. [1/15]
2025-10-04 12:23:54,099 [INFO] PluginManage:359 - Loaded plugin tools (category:base,tabindex:7)
2025-10-04 12:23:54,100 [INFO] PluginManage:310 - Check plugin tutovideos
2025-10-04 12:23:54,244 [INFO] PluginManage:359 - Loaded plugin tutovideos (category:base,tabindex:-1)
2025-10-04 12:23:54,244 [INFO] PluginManage:310 - Check plugin updater
2025-10-04 12:23:54,260 [INFO] PluginManage:359 - Loaded plugin updater (category:base,tabindex:12)
2025-10-04 12:23:54,260 [INFO] PluginManage:310 - Check plugin userauth
2025-10-04 12:23:54,263 [INFO] UserAuth:118 - Init User Auth plugin
2025-10-04 12:23:54,264 [INFO] PluginManage:359 - Loaded plugin userauth (category:base,tabindex:14)
2025-10-04 12:23:54,264 [INFO] PluginManage:283 - PluginManage : Loaded plugins [18]
2025-10-04 12:23:54,430 [INFO] PinOutPanel:1589 - setPackage(No Configuration,No Configuration)
2025-10-04 12:23:54,497 [INFO] CADModel:165 - CPN selected for project level
2025-10-04 12:23:54,497 [INFO] CADModel:114 - Register for checkConnection events
2025-10-04 12:23:54,514 [INFO] IPUIPlugin:80 - create IPUIPlugin
2025-10-04 12:23:54,514 [INFO] PluginManager:220 - loadIPPluginJar : add adc
2025-10-04 12:23:54,516 [INFO] IPUIPlugin:80 - create IPUIPlugin
2025-10-04 12:23:54,516 [INFO] PluginManager:220 - loadIPPluginJar : add aes
2025-10-04 12:23:54,519 [INFO] IPUIPlugin:80 - create IPUIPlugin
2025-10-04 12:23:54,519 [INFO] PluginManager:220 - loadIPPluginJar : add can
2025-10-04 12:23:54,520 [INFO] IPUIPlugin:80 - create IPUIPlugin
2025-10-04 12:23:54,520 [INFO] PluginManager:220 - loadIPPluginJar : add comp
2025-10-04 12:23:54,522 [INFO] IPUIPlugin:80 - create IPUIPlugin
2025-10-04 12:23:54,522 [INFO] PluginManager:220 - loadIPPluginJar : add cryp
2025-10-04 12:23:54,524 [INFO] IPUIPlugin:80 - create IPUIPlugin
2025-10-04 12:23:54,524 [INFO] PluginManager:220 - loadIPPluginJar : add ddr_ctrl_phy
2025-10-04 12:23:54,525 [INFO] IPUIPlugin:80 - create IPUIPlugin
2025-10-04 12:23:54,526 [INFO] PluginManager:220 - loadIPPluginJar : add dfsdm
2025-10-04 12:23:54,531 [INFO] IPUIPlugin:80 - create IPUIPlugin
2025-10-04 12:23:54,532 [INFO] PluginManager:220 - loadIPPluginJar : add dma
2025-10-04 12:23:54,535 [INFO] IPUIPlugin:80 - create IPUIPlugin
2025-10-04 12:23:54,535 [INFO] PluginManager:220 - loadIPPluginJar : add dma3
2025-10-04 12:23:54,538 [INFO] IPUIPlugin:80 - create IPUIPlugin
2025-10-04 12:23:54,538 [INFO] PluginManager:220 - loadIPPluginJar : add extmemmanager
2025-10-04 12:23:54,540 [INFO] IPUIPlugin:80 - create IPUIPlugin
2025-10-04 12:23:54,540 [INFO] PluginManager:220 - loadIPPluginJar : add fatfs
2025-10-04 12:23:54,543 [INFO] IPUIPlugin:80 - create IPUIPlugin
2025-10-04 12:23:54,544 [INFO] PluginManager:220 - loadIPPluginJar : add fmc
2025-10-04 12:23:54,547 [INFO] IPUIPlugin:80 - create IPUIPlugin
2025-10-04 12:23:54,548 [INFO] PluginManager:220 - loadIPPluginJar : add freertos
2025-10-04 12:23:54,549 [INFO] IPUIPlugin:80 - create IPUIPlugin
2025-10-04 12:23:54,549 [INFO] PluginManager:220 - loadIPPluginJar : add genericplugin
2025-10-04 12:23:54,550 [INFO] IPUIPlugin:80 - create IPUIPlugin
2025-10-04 12:23:54,550 [INFO] PluginManager:220 - loadIPPluginJar : add gfxmmu
2025-10-04 12:23:54,554 [INFO] IPUIPlugin:80 - create IPUIPlugin
2025-10-04 12:23:54,555 [INFO] PluginManager:220 - loadIPPluginJar : add gic
2025-10-04 12:23:54,558 [INFO] IPUIPlugin:80 - create IPUIPlugin
2025-10-04 12:23:54,558 [INFO] PluginManager:220 - loadIPPluginJar : add gpio
2025-10-04 12:23:54,562 [INFO] IPUIPlugin:80 - create IPUIPlugin
2025-10-04 12:23:54,562 [INFO] PluginManager:220 - loadIPPluginJar : add gtzc
2025-10-04 12:23:54,564 [INFO] IPUIPlugin:80 - create IPUIPlugin
2025-10-04 12:23:54,564 [INFO] PluginManager:220 - loadIPPluginJar : add hash
2025-10-04 12:23:54,567 [INFO] IPUIPlugin:80 - create IPUIPlugin
2025-10-04 12:23:54,567 [INFO] PluginManager:220 - loadIPPluginJar : add i2c
2025-10-04 12:23:54,570 [INFO] IPUIPlugin:80 - create IPUIPlugin
2025-10-04 12:23:54,570 [INFO] PluginManager:220 - loadIPPluginJar : add i2s
2025-10-04 12:23:54,572 [INFO] IPUIPlugin:80 - create IPUIPlugin
2025-10-04 12:23:54,573 [INFO] PluginManager:220 - loadIPPluginJar : add i3c
2025-10-04 12:23:54,575 [INFO] IPUIPlugin:80 - create IPUIPlugin
2025-10-04 12:23:54,575 [INFO] PluginManager:220 - loadIPPluginJar : add ipddr
2025-10-04 12:23:54,581 [INFO] IPUIPlugin:80 - create IPUIPlugin
2025-10-04 12:23:54,581 [INFO] PluginManager:220 - loadIPPluginJar : add linkedlist
2025-10-04 12:23:54,586 [INFO] IPUIPlugin:80 - create IPUIPlugin
2025-10-04 12:23:54,586 [INFO] PluginManager:220 - loadIPPluginJar : add lorawan
2025-10-04 12:23:54,587 [INFO] IPUIPlugin:80 - create IPUIPlugin
2025-10-04 12:23:54,587 [INFO] PluginManager:220 - loadIPPluginJar : add ltdc
2025-10-04 12:23:54,591 [INFO] IPUIPlugin:80 - create IPUIPlugin
2025-10-04 12:23:54,591 [INFO] PluginManager:220 - loadIPPluginJar : add mdma
2025-10-04 12:23:54,593 [INFO] IPUIPlugin:80 - create IPUIPlugin
2025-10-04 12:23:54,593 [INFO] PluginManager:220 - loadIPPluginJar : add nvic
2025-10-04 12:23:54,596 [INFO] IPUIPlugin:80 - create IPUIPlugin
2025-10-04 12:23:54,596 [INFO] PluginManager:220 - loadIPPluginJar : add opamp
2025-10-04 12:23:54,598 [INFO] IPUIPlugin:80 - create IPUIPlugin
2025-10-04 12:23:54,598 [INFO] PluginManager:220 - loadIPPluginJar : add openamp
2025-10-04 12:23:54,601 [INFO] IPUIPlugin:80 - create IPUIPlugin
2025-10-04 12:23:54,601 [INFO] PluginManager:220 - loadIPPluginJar : add pdm2pcm
2025-10-04 12:23:54,606 [INFO] IPUIPlugin:80 - create IPUIPlugin
2025-10-04 12:23:54,609 [INFO] PluginManager:220 - loadIPPluginJar : add plateformsettings
2025-10-04 12:23:54,610 [INFO] IPUIPlugin:80 - create IPUIPlugin
2025-10-04 12:23:54,610 [INFO] PluginManager:220 - loadIPPluginJar : add quadspi
2025-10-04 12:23:54,612 [INFO] IPUIPlugin:80 - create IPUIPlugin
2025-10-04 12:23:54,612 [INFO] PluginManager:220 - loadIPPluginJar : add radio
2025-10-04 12:23:54,615 [INFO] IPUIPlugin:80 - create IPUIPlugin
2025-10-04 12:23:54,615 [INFO] PluginManager:220 - loadIPPluginJar : add resmgrutility
2025-10-04 12:23:54,617 [INFO] IPUIPlugin:80 - create IPUIPlugin
2025-10-04 12:23:54,617 [INFO] PluginManager:220 - loadIPPluginJar : add sai
2025-10-04 12:23:54,619 [INFO] IPUIPlugin:80 - create IPUIPlugin
2025-10-04 12:23:54,619 [INFO] PluginManager:220 - loadIPPluginJar : add spi
2025-10-04 12:23:54,624 [INFO] IPUIPlugin:80 - create IPUIPlugin
2025-10-04 12:23:54,624 [INFO] PluginManager:220 - loadIPPluginJar : add stm32_wpan
2025-10-04 12:23:54,625 [INFO] IPUIPlugin:80 - create IPUIPlugin
2025-10-04 12:23:54,625 [INFO] PluginManager:220 - loadIPPluginJar : add tim
2025-10-04 12:23:54,627 [INFO] IPUIPlugin:80 - create IPUIPlugin
2025-10-04 12:23:54,628 [INFO] PluginManager:220 - loadIPPluginJar : add touchsensing
2025-10-04 12:23:54,629 [INFO] IPUIPlugin:80 - create IPUIPlugin
2025-10-04 12:23:54,629 [INFO] PluginManager:220 - loadIPPluginJar : add tracer_emb
2025-10-04 12:23:54,630 [INFO] IPUIPlugin:80 - create IPUIPlugin
2025-10-04 12:23:54,630 [INFO] PluginManager:220 - loadIPPluginJar : add ts
2025-10-04 12:23:54,631 [INFO] IPUIPlugin:80 - create IPUIPlugin
2025-10-04 12:23:54,631 [INFO] PluginManager:220 - loadIPPluginJar : add tsc
2025-10-04 12:23:54,633 [INFO] IPUIPlugin:80 - create IPUIPlugin
2025-10-04 12:23:54,633 [INFO] PluginManager:220 - loadIPPluginJar : add ucpd
2025-10-04 12:23:54,635 [INFO] IPUIPlugin:80 - create IPUIPlugin
2025-10-04 12:23:54,635 [INFO] PluginManager:220 - loadIPPluginJar : add usart
2025-10-04 12:23:54,638 [INFO] IPUIPlugin:80 - create IPUIPlugin
2025-10-04 12:23:54,639 [INFO] PluginManager:220 - loadIPPluginJar : add usbx
2025-10-04 12:23:54,755 [FATAL] Updater:351 - Updater called before beeing initialized
2025-10-04 12:23:54,783 [INFO] RulesReader:64 - Compatibility file has been processed (317 Rules)
2025-10-04 12:23:54,792 [INFO] RulesReader:64 - Compatibility file has been processed (317 Rules)
2025-10-04 12:23:54,797 [INFO] CADModel:165 - CPN selected for project level
2025-10-04 12:23:54,798 [INFO] CADModel:114 - Register for checkConnection events
2025-10-04 12:23:54,798 [FATAL] Updater:351 - Updater called before beeing initialized
2025-10-04 12:23:54,798 [ERROR] CADModel:125 - Updater not yet initialized, retry later 
2025-10-04 12:23:54,913 [FATAL] Updater:351 - Updater called before beeing initialized
2025-10-04 12:23:54,914 [INFO] CADModel:165 - CPN selected for project level
2025-10-04 12:23:54,915 [INFO] CADModel:114 - Register for checkConnection events
2025-10-04 12:23:54,915 [FATAL] Updater:351 - Updater called before beeing initialized
2025-10-04 12:23:54,915 [ERROR] CADModel:125 - Updater not yet initialized, retry later 
2025-10-04 12:23:54,917 [FATAL] Updater:351 - Updater called before beeing initialized
2025-10-04 12:23:54,991 [FATAL] Updater:351 - Updater called before beeing initialized
2025-10-04 12:23:54,994 [INFO] DbMcusAds:53 - JSON generation date=Thu Oct 02 06:36:05 ART 2025 (1759397765645)
2025-10-04 12:23:54,994 [FATAL] Updater:351 - Updater called before beeing initialized
2025-10-04 12:23:55,019 [WARN] DetailPanel:346 - Failed to get advertising image, set to default
2025-10-04 12:23:55,082 [FATAL] Updater:351 - Updater called before beeing initialized
2025-10-04 12:23:55,084 [FATAL] Updater:351 - Updater called before beeing initialized
2025-10-04 12:23:55,084 [FATAL] Updater:351 - Updater called before beeing initialized
2025-10-04 12:23:55,084 [WARN] DetailPanel:346 - Failed to get advertising image, set to default
2025-10-04 12:23:55,084 [FATAL] Updater:351 - Updater called before beeing initialized
2025-10-04 12:23:55,125 [ERROR] Updater:1198 - MainUpdater not yet initialized. External WinMGr cannot be set.
2025-10-04 12:23:55,127 [INFO] Updater:1134 - Updater Version found : 6.15.0
2025-10-04 12:23:55,148 [INFO] ApplicationProperties:184 - Using Application install path: C:\ST\STM32CubeIDE_1.19.0\STM32CubeIDE\plugins\com.st.stm32cube.common.mx_6.15.0.202507011659
2025-10-04 12:23:56,724 [ERROR] LogOutputStream:75 - [STDERR_REDIRECT] Oct 04, 2025 12:23:56 PM java.util.prefs.WindowsPreferences <init>
2025-10-04 12:23:56,725 [ERROR] LogOutputStream:75 - [STDERR_REDIRECT] WARNING: Could not open/create prefs root node Software\JavaSoft\Prefs at root 0xffffffff80000002. Windows RegCreateKeyEx(...) returned error code 5.
2025-10-04 12:23:56,725 [ERROR] LogOutputStream:75 - [STDERR_REDIRECT] 
2025-10-04 12:23:56,915 [INFO] MainUpdater:2872 - connection check result : 10
2025-10-04 12:23:56,915 [INFO] MainUpdater:289 - Updater Check For Update Now.
2025-10-04 12:23:56,915 [INFO] MicroXplorer:498 - Change Database Version : DB.6.0.150
2025-10-04 12:23:56,919 [INFO] McuFinderGlobals:63 - Set McuFinder mode to 2 (CubeIDE integrated)
2025-10-04 12:23:56,919 [INFO] UserAuth:487 - Internet connection configuration mode: 1
2025-10-04 12:23:56,938 [INFO] JxBrowserEngine:152 - Initiate JxBrowser Engine with user profile folder
2025-10-04 12:23:57,083 [INFO] CheckServerUpdateThread:120 - End of CheckServer Thread
2025-10-04 12:23:57,280 [WARN] PackLoader:240 - Cannot read IP mode file for STMicroelectronics.FP-SNS-MOTENVWB1.1.4.0
2025-10-04 12:23:57,289 [WARN] PackLoader:240 - Cannot read IP mode file for STMicroelectronics.FP-ATR-ASTRA1.2.0.2
2025-10-04 12:23:57,301 [WARN] PackLoader:240 - Cannot read IP mode file for STMicroelectronics.X-CUBE-SMBUS.2.1.0
2025-10-04 12:23:57,312 [WARN] PackLoader:240 - Cannot read IP mode file for STMicroelectronics.X-CUBE-ST60.1.0.0
2025-10-04 12:23:57,368 [WARN] PackLoader:240 - Cannot read IP mode file for STMicroelectronics.X-CUBE-AZRTOS-F7.1.1.0
2025-10-04 12:23:57,393 [WARN] PackLoader:240 - Cannot read IP mode file for WES.I-CUBE-Cesium.1.4.0
2025-10-04 12:23:57,433 [WARN] PackLoader:240 - Cannot read IP mode file for Infineon.AIROC-Wi-Fi-Bluetooth-STM32.1.7.1
2025-10-04 12:23:57,484 [WARN] PackLoader:240 - Cannot read IP mode file for STMicroelectronics.X-CUBE-AZRTOS-H7.3.4.0
2025-10-04 12:23:57,502 [WARN] PackLoader:240 - Cannot read IP mode file for STMicroelectronics.X-CUBE-DISPLAY.3.0.0
2025-10-04 12:23:57,522 [WARN] PackLoader:240 - Cannot read IP mode file for STMicroelectronics.X-CUBE-NFC10.1.0.0
2025-10-04 12:23:57,542 [WARN] PackLoader:240 - Cannot read IP mode file for emotas.I-CUBE-CANOPEN.1.3.0
2025-10-04 12:23:57,557 [WARN] PackLoader:240 - Cannot read IP mode file for STMicroelectronics.FP-SNS-STBOX1.2.1.0
2025-10-04 12:23:57,567 [WARN] PackLoader:240 - Cannot read IP mode file for STMicroelectronics.FP-SNS-SMARTAG2.1.2.0
2025-10-04 12:23:57,577 [WARN] PackLoader:240 - Cannot read IP mode file for STMicroelectronics.FP-SNS-FLIGHT1.5.1.0
2025-10-04 12:23:57,598 [INFO] LogOutputStream:77 - [STDOUT_REDIRECT] 1 : Invalid condition id : UX_CORESTACK_Condition cause : null
2025-10-04 12:23:57,599 [INFO] LogOutputStream:77 - [STDOUT_REDIRECT] 1 : Invalid condition id : UX_CORESTACK_Condition cause : null
2025-10-04 12:23:57,602 [INFO] LogOutputStream:77 - [STDOUT_REDIRECT] 1 : Invalid condition id : UX_CORESTACK_Condition cause : null
2025-10-04 12:23:57,605 [INFO] LogOutputStream:77 - [STDOUT_REDIRECT] 1 : Invalid condition id : UX_CORESTACK_Condition cause : null
2025-10-04 12:23:57,607 [INFO] LogOutputStream:77 - [STDOUT_REDIRECT] 1 : Invalid condition id : UX_CORESTACK_Condition cause : null
2025-10-04 12:23:57,610 [WARN] PackLoader:240 - Cannot read IP mode file for STMicroelectronics.X-CUBE-AZRTOS-WL.2.0.0
2025-10-04 12:23:57,619 [WARN] PackLoader:240 - Cannot read IP mode file for STMicroelectronics.FP-SNS-MOTENV1.5.0.0
2025-10-04 12:23:57,631 [WARN] PackLoader:240 - Cannot read IP mode file for STMicroelectronics.X-CUBE-BLE2.3.3.0
2025-10-04 12:23:57,638 [WARN] PackLoader:240 - Cannot read IP mode file for STMicroelectronics.X-CUBE-NFC9.1.0.0
2025-10-04 12:23:57,646 [WARN] PackLoader:240 - Cannot read IP mode file for wolfSSL.I-CUBE-wolfSSL.5.8.2
2025-10-04 12:23:57,652 [WARN] PackLoader:240 - Cannot read IP mode file for STMicroelectronics.X-CUBE-BLE1.7.1.0
2025-10-04 12:23:57,659 [WARN] PackLoader:240 - Cannot read IP mode file for wolfSSL.I-CUBE-wolfMQTT.1.19.2
2025-10-04 12:23:57,667 [WARN] PackLoader:240 - Cannot read IP mode file for STMicroelectronics.X-CUBE-EEPRMA1.5.2.0
2025-10-04 12:23:57,680 [WARN] PackLoader:240 - Cannot read IP mode file for STMicroelectronics.X-CUBE-AZRTOS-G0.1.1.0
2025-10-04 12:23:57,690 [WARN] PackLoader:240 - Cannot read IP mode file for STMicroelectronics.X-CUBE-SAFEA1.1.2.2
2025-10-04 12:23:57,696 [WARN] PackLoader:240 - Cannot read IP mode file for STMicroelectronics.X-CUBE-NFC4.3.0.0
2025-10-04 12:23:57,704 [WARN] PackLoader:240 - Cannot read IP mode file for EmbeddedOffice.I-CUBE-FS-RTOS.1.0.1
2025-10-04 12:23:57,708 [INFO] WebApp:169 - Instantiating new browser for Auth
2025-10-04 12:23:57,710 [WARN] PackLoader:240 - Cannot read IP mode file for STMicroelectronics.X-CUBE-WB05N.2.0.0
2025-10-04 12:23:57,715 [WARN] PackLoader:240 - Cannot read IP mode file for wolfSSL.I-CUBE-wolfTPM.3.8.0
2025-10-04 12:23:57,721 [WARN] PackLoader:240 - Cannot read IP mode file for STMicroelectronics.X-CUBE-TCPP.4.2.0
2025-10-04 12:23:57,731 [WARN] PackLoader:240 - Cannot read IP mode file for RealThread.X-CUBE-RT-Thread_Nano.4.1.1
2025-10-04 12:23:57,735 [WARN] PackLoader:240 - Cannot read IP mode file for STMicroelectronics.FP-ATR-SIGFOX1.3.2.0
2025-10-04 12:23:57,761 [WARN] PackLoader:240 - Cannot read IP mode file for ITTIA_DB.I-CUBE-ITTIADB.8.9.0
2025-10-04 12:23:57,771 [WARN] PackLoader:240 - Cannot read IP mode file for STMicroelectronics.X-CUBE-ST67W61.1.0.0
2025-10-04 12:23:57,775 [WARN] PackLoader:240 - Cannot read IP mode file for STMicroelectronics.X-CUBE-AI.10.2.0
2025-10-04 12:23:57,813 [WARN] PackLoader:240 - Cannot read IP mode file for SEGGER.I-CUBE-embOS.1.3.1
2025-10-04 12:23:57,909 [WARN] PackLoader:240 - Cannot read IP mode file for STMicroelectronics.X-CUBE-ALGOBUILD.1.4.0
2025-10-04 12:23:58,003 [WARN] PackLoader:240 - Cannot read IP mode file for STMicroelectronics.X-CUBE-MEMS1.11.3.0
2025-10-04 12:23:58,121 [WARN] PackLoader:240 - Cannot read IP mode file for STMicroelectronics.X-CUBE-PM33A1.1.0.0
2025-10-04 12:23:58,138 [WARN] PackLoader:240 - Cannot read IP mode file for STMicroelectronics.X-CUBE-AZRTOS-F4.1.1.0
2025-10-04 12:23:58,143 [WARN] PackLoader:240 - Cannot read IP mode file for Avnet-IotConnect.X-CUBE-IoTC-DA16k-PMOD.1.0.0
2025-10-04 12:23:58,148 [WARN] PackLoader:240 - Cannot read IP mode file for STMicroelectronics.X-CUBE-ISPU.2.1.0
2025-10-04 12:23:58,153 [WARN] PackLoader:240 - Cannot read IP mode file for STMicroelectronics.X-CUBE-NFC12.1.0.0
2025-10-04 12:23:58,166 [WARN] PackLoader:240 - Cannot read IP mode file for STMicroelectronics.X-CUBE-AZRTOS-L5.2.0.0
2025-10-04 12:23:58,174 [WARN] PackLoader:240 - Cannot read IP mode file for STMicroelectronics.X-CUBE-NFC6.3.1.0
2025-10-04 12:23:58,179 [WARN] PackLoader:240 - Cannot read IP mode file for STMicroelectronics.X-CUBE-FREERTOS.1.3.1
2025-10-04 12:23:58,184 [WARN] PackLoader:240 - Cannot read IP mode file for STMicroelectronics.X-CUBE-TOUCHGFX.4.26.0
2025-10-04 12:23:58,188 [WARN] PackLoader:240 - Cannot read IP mode file for STMicroelectronics.FP-SNS-STAIOTCFT.1.0.0
2025-10-04 12:23:58,193 [WARN] PackLoader:240 - Cannot read IP mode file for STMicroelectronics.X-CUBE-DPower.1.3.0
2025-10-04 12:23:58,204 [WARN] ConditionMgr:438 - getConditionDescription Invalid condition id : LAN8742 Phy interface Condition cause : null
2025-10-04 12:23:58,205 [WARN] PackLoader:240 - Cannot read IP mode file for STMicroelectronics.X-CUBE-AZRTOS-L4.2.0.0
2025-10-04 12:23:58,205 [WARN] ConditionMgr:1044 - genDependencies : Invalid condition id : LAN8742 Phy interface Condition cause : null
2025-10-04 12:23:58,205 [WARN] ConditionMgr:1044 - genDependencies : Invalid condition id : LAN8742 Phy interface Condition cause : null
2025-10-04 12:23:58,206 [WARN] ConditionMgr:1044 - genDependencies : Invalid condition id : LAN8742 Phy interface Condition cause : null
2025-10-04 12:23:58,210 [WARN] PackLoader:240 - Cannot read IP mode file for STMicroelectronics.X-CUBE-SFXS2LP1.4.0.0
2025-10-04 12:23:58,217 [WARN] PackLoader:240 - Cannot read IP mode file for STMicroelectronics.X-CUBE-BLEMGR.4.1.0
2025-10-04 12:23:58,226 [WARN] ConditionMgr:438 - getConditionDescription Invalid condition id : UX DEVICE CLASS RTOS Condition cause : null
2025-10-04 12:23:58,226 [WARN] ConditionMgr:438 - getConditionDescription Invalid condition id : UX DEVICE CLASS RTOS Condition cause : null
2025-10-04 12:23:58,227 [WARN] PackLoader:240 - Cannot read IP mode file for STMicroelectronics.X-CUBE-AZRTOS-WB.2.0.0
2025-10-04 12:23:58,227 [WARN] ConditionMgr:1044 - genDependencies : Invalid condition id : UX DEVICE CLASS RTOS Condition cause : null
2025-10-04 12:23:58,228 [WARN] ConditionMgr:1044 - genDependencies : Invalid condition id : UX DEVICE CLASS RTOS Condition cause : null
2025-10-04 12:23:58,228 [WARN] ConditionMgr:1044 - genDependencies : Invalid condition id : UX DEVICE CLASS RTOS Condition cause : null
2025-10-04 12:23:58,228 [WARN] ConditionMgr:1044 - genDependencies : Invalid condition id : UX DEVICE CLASS RTOS Condition cause : null
2025-10-04 12:23:58,228 [WARN] ConditionMgr:1044 - genDependencies : Invalid condition id : UX DEVICE CLASS RTOS Condition cause : null
2025-10-04 12:23:58,233 [WARN] PackLoader:240 - Cannot read IP mode file for STMicroelectronics.X-CUBE-GNSS1.7.0.1
2025-10-04 12:23:58,235 [WARN] PackLoader:240 - Cannot read IP mode file for STMicroelectronics.X-CUBE-TOUCHGFX.4.25.0
2025-10-04 12:23:58,238 [WARN] ConditionMgr:438 - getConditionDescription Invalid condition id : Cortex-A Device cause : null
2025-10-04 12:23:58,249 [WARN] ConditionMgr:1044 - genDependencies : Invalid condition id : Cortex-A Device cause : null
2025-10-04 12:23:58,249 [WARN] ConditionMgr:1044 - genDependencies : Invalid condition id : Cortex-A Device cause : null
2025-10-04 12:23:58,249 [WARN] ConditionMgr:1044 - genDependencies : Invalid condition id : Cortex-A Device cause : null
2025-10-04 12:23:58,262 [WARN] PackLoader:240 - Cannot read IP mode file for STMicroelectronics.X-CUBE-SUBG2.5.0.0
2025-10-04 12:23:58,293 [WARN] PackLoader:240 - Cannot read IP mode file for STMicroelectronics.X-CUBE-AZRTOS-H7RS.1.1.0
2025-10-04 12:23:58,299 [WARN] PackLoader:240 - Cannot read IP mode file for Cesanta.I-CUBE-Mongoose.7.13.0
2025-10-04 12:23:58,309 [WARN] PackLoader:240 - Cannot read IP mode file for STMicroelectronics.X-CUBE-AZRTOS-G4.2.0.0
2025-10-04 12:23:58,314 [WARN] PackLoader:240 - Cannot read IP mode file for wolfSSL.I-CUBE-wolfSSH.1.4.20
2025-10-04 12:23:58,319 [WARN] PackLoader:240 - Cannot read IP mode file for STMicroelectronics.X-CUBE-NFC7.2.0.0
2025-10-04 12:23:58,330 [WARN] PackLoader:240 - Cannot read IP mode file for STMicroelectronics.X-CUBE-IPS.3.1.0
2025-10-04 12:23:58,338 [WARN] PackLoader:240 - Cannot read IP mode file for STMicroelectronics.X-CUBE-ALS.1.0.2
2025-10-04 12:23:58,345 [WARN] PackLoader:240 - Cannot read IP mode file for STMicroelectronics.X-CUBE-STSE01.1.0.0
2025-10-04 12:23:58,352 [WARN] PackLoader:240 - Cannot read IP mode file for portGmbH.I-Cube-SoM-uGOAL.1.1.0
2025-10-04 12:23:58,362 [WARN] PackLoader:240 - Cannot read IP mode file for STMicroelectronics.X-CUBE-TOF1.3.4.3
2025-10-04 12:23:58,369 [INFO] ThirdParty:978 - Integrity check success = true
2025-10-04 12:23:58,369 [INFO] IntegrityCheckThread:100 - exiting critical section [integrity check]
2025-10-04 12:23:58,369 [INFO] IntegrityCheckThread:103 - End integrity checks thread
2025-10-04 12:23:58,641 [INFO] WebApp:463 - Apply proxy settings
2025-10-04 12:23:58,641 [INFO] WebApp:548 - Chromium requires no authentication
2025-10-04 12:23:58,651 [INFO] WebApp:491 - Direct internet connection detected
2025-10-04 12:23:58,674 [INFO] WebApp:900 - Register for checkConnection events
2025-10-04 12:23:58,674 [INFO] WebApp:463 - Apply proxy settings
2025-10-04 12:23:58,675 [INFO] WebApp:548 - Chromium requires no authentication
2025-10-04 12:23:58,675 [INFO] WebApp:491 - Direct internet connection detected
2025-10-04 12:23:58,793 [INFO] WebApp:225 - Starting web application
2025-10-04 12:23:58,794 [INFO] WebApp:593 - Web application path used C:\ST\STM32CubeIDE_1.19.0\STM32CubeIDE\plugins\com.st.stm32cube.common.mx_6.15.0.202507011659\db\plugins\mcufinder\reactClient1\index.html
2025-10-04 12:23:58,860 [INFO] UserAuth:487 - Internet connection configuration mode: 1
2025-10-04 12:23:58,985 [INFO] WebApp:191 - Connection restablished
2025-10-04 12:57:14,818 [INFO] MainUpdater:2872 - connection check result : 10
2025-10-04 12:57:15,189 [INFO] CheckServerUpdateThread:120 - End of CheckServer Thread
2025-10-04 12:57:45,907 [INFO] MainUpdater:2872 - connection check result : 10
2025-10-04 12:57:50,562 [INFO] ServerAccessManage:452 - Complete download http(s) 200
2025-10-04 12:57:50,563 [INFO] ServerAccessManage:509 - Download File updaters.zip
2025-10-04 12:57:50,614 [INFO] FileExtend:248 - Unzip File : updaters.zip
2025-10-04 12:57:50,614 [INFO] FileExtend:263 - Standard Zip Deflate
2025-10-04 12:57:50,902 [INFO] ServerAccessManage:452 - Complete download http(s) 200
2025-10-04 12:57:50,902 [INFO] ServerAccessManage:509 - Download File PacksControlFlags.xml
2025-10-04 12:57:50,963 [INFO] ServerAccessManage:452 - Complete download http(s) 200
2025-10-04 12:57:50,963 [INFO] ServerAccessManage:509 - Download File cubemx.pidx
2025-10-04 12:57:51,047 [INFO] LoadServerUpdatesThread:375 - End of LoadServerUpdate Thread
2025-10-04 12:57:51,214 [INFO] CheckServerUpdateThread:120 - End of CheckServer Thread
2025-10-04 12:58:03,446 [INFO] MainUpdater:2872 - connection check result : 10
2025-10-04 12:58:04,074 [INFO] CheckServerUpdateThread:120 - End of CheckServer Thread
2025-10-04 12:58:32,249 [INFO] AnalyticsPlugin:368 - Accepted License(s): [STMicroelectronics.X-CUBE-NFC10.1.0.0]
2025-10-04 12:58:32,254 [INFO] FileExtend:248 - Unzip File : x-cube-nfc10.zip
2025-10-04 12:58:32,254 [INFO] FileExtend:263 - Standard Zip Deflate
2025-10-04 12:58:33,464 [INFO] LoadLocalFilesThread:304 - End of Local Load Thread
2025-10-04 12:58:33,495 [WARN] ThirdParty:509 - waiting for thirdparty lock release [add software pack]
2025-10-04 12:58:33,495 [INFO] ThirdParty:511 - entering critical section [add software pack]
2025-10-04 12:58:33,560 [INFO] ThirdPartyPackRequestProcessor:621 - CMSIS Pack Vendor :STMicroelectronics X-CUBE-PM33A1 1.0.0
2025-10-04 12:58:33,560 [INFO] ThirdPartyPackRequestProcessor:621 - CMSIS Pack Vendor :STMicroelectronics USBPD 4.1
2025-10-04 12:58:33,560 [INFO] ThirdPartyPackRequestProcessor:621 - CMSIS Pack Vendor :STMicroelectronics X-CUBE-NFC9 1.0.0
2025-10-04 12:58:33,560 [INFO] ThirdPartyPackRequestProcessor:621 - CMSIS Pack Vendor :STMicroelectronics USB_HOST 2.0.0
2025-10-04 12:58:33,560 [INFO] ThirdPartyPackRequestProcessor:621 - CMSIS Pack Vendor :STMicroelectronics FP-SNS-MOTENVWB1 1.4.0
2025-10-04 12:58:33,560 [INFO] ThirdPartyPackRequestProcessor:621 - CMSIS Pack Vendor :STMicroelectronics X-CUBE-AZRTOS-F4 1.1.0
2025-10-04 12:58:33,561 [INFO] ThirdPartyPackRequestProcessor:621 - CMSIS Pack Vendor :STMicroelectronics LIBJPEG 8.0.0
2025-10-04 12:58:33,561 [INFO] ThirdPartyPackRequestProcessor:621 - CMSIS Pack Vendor :STMicroelectronics FP-ATR-ASTRA1 2.0.2
2025-10-04 12:58:33,561 [INFO] ThirdPartyPackRequestProcessor:621 - CMSIS Pack Vendor :wolfSSL I-CUBE-wolfSSL 5.8.2
2025-10-04 12:58:33,561 [INFO] ThirdPartyPackRequestProcessor:621 - CMSIS Pack Vendor :STMicroelectronics X-CUBE-BLE1 7.1.0
2025-10-04 12:58:33,561 [INFO] ThirdPartyPackRequestProcessor:621 - CMSIS Pack Vendor :Avnet-IotConnect X-CUBE-IoTC-DA16k-PMOD 1.0.0
2025-10-04 12:58:33,561 [INFO] ThirdPartyPackRequestProcessor:621 - CMSIS Pack Vendor :STMicroelectronics X-CUBE-SMBUS 2.1.0
2025-10-04 12:58:33,561 [INFO] ThirdPartyPackRequestProcessor:621 - CMSIS Pack Vendor :wolfSSL I-CUBE-wolfMQTT 1.19.2
2025-10-04 12:58:33,561 [INFO] ThirdPartyPackRequestProcessor:621 - CMSIS Pack Vendor :STMicroelectronics USB_DEVICE 3.0.0
2025-10-04 12:58:33,561 [INFO] ThirdPartyPackRequestProcessor:621 - CMSIS Pack Vendor :STMicroelectronics X-CUBE-ISPU 2.1.0
2025-10-04 12:58:33,561 [INFO] ThirdPartyPackRequestProcessor:621 - CMSIS Pack Vendor :STMicroelectronics X-CUBE-EEPRMA1 5.2.0
2025-10-04 12:58:33,561 [INFO] ThirdPartyPackRequestProcessor:621 - CMSIS Pack Vendor :STMicroelectronics X-CUBE-BLEMGR 4.1.0
2025-10-04 12:58:33,562 [INFO] ThirdPartyPackRequestProcessor:621 - CMSIS Pack Vendor :STMicroelectronics X-CUBE-AZRTOS-WB 2.0.0
2025-10-04 12:58:33,562 [INFO] ThirdPartyPackRequestProcessor:621 - CMSIS Pack Vendor :STMicroelectronics X-CUBE-ST60 1.0.0
2025-10-04 12:58:33,562 [INFO] ThirdPartyPackRequestProcessor:621 - CMSIS Pack Vendor :STMicroelectronics X-CUBE-GNSS1 7.0.1
2025-10-04 12:58:33,562 [INFO] ThirdPartyPackRequestProcessor:621 - CMSIS Pack Vendor :STMicroelectronics X-CUBE-NFC12 1.0.0
2025-10-04 12:58:33,562 [INFO] ThirdPartyPackRequestProcessor:621 - CMSIS Pack Vendor :STMicroelectronics X-CUBE-AZRTOS-F7 1.1.0
2025-10-04 12:58:33,562 [INFO] ThirdPartyPackRequestProcessor:621 - CMSIS Pack Vendor :STMicroelectronics X-CUBE-AZRTOS-L5 2.0.0
2025-10-04 12:58:33,562 [INFO] ThirdPartyPackRequestProcessor:621 - CMSIS Pack Vendor :STMicroelectronics X-CUBE-TOUCHGFX 4.25.0
2025-10-04 12:58:33,562 [INFO] ThirdPartyPackRequestProcessor:621 - CMSIS Pack Vendor :STMicroelectronics USB_DEVICE 2.0.0
2025-10-04 12:58:33,562 [INFO] ThirdPartyPackRequestProcessor:621 - CMSIS Pack Vendor :STMicroelectronics X-CUBE-NFC6 3.1.0
2025-10-04 12:58:33,562 [INFO] ThirdPartyPackRequestProcessor:621 - CMSIS Pack Vendor :quantropi X-CUBE-qispace-sdk-base 2.1.0
2025-10-04 12:58:33,562 [INFO] ThirdPartyPackRequestProcessor:621 - CMSIS Pack Vendor :STMicroelectronics FreeRTOS 0.0.1
2025-10-04 12:58:33,562 [INFO] ThirdPartyPackRequestProcessor:621 - CMSIS Pack Vendor :STMicroelectronics X-CUBE-AZRTOS-G0 1.1.0
2025-10-04 12:58:33,562 [INFO] ThirdPartyPackRequestProcessor:621 - CMSIS Pack Vendor :STMicroelectronics X-CUBE-SAFEA1 1.2.2
2025-10-04 12:58:33,562 [INFO] ThirdPartyPackRequestProcessor:621 - CMSIS Pack Vendor :STMicroelectronics X-CUBE-NFC4 3.0.0
2025-10-04 12:58:33,562 [INFO] ThirdPartyPackRequestProcessor:621 - CMSIS Pack Vendor :STMicroelectronics X-CUBE-SUBG2 5.0.0
2025-10-04 12:58:33,562 [INFO] ThirdPartyPackRequestProcessor:621 - CMSIS Pack Vendor :STMicroelectronics X-CUBE-AZRTOS-H7RS 1.1.0
2025-10-04 12:58:33,562 [INFO] ThirdPartyPackRequestProcessor:621 - CMSIS Pack Vendor :STMicroelectronics STM32_WPAN 1.0.0
2025-10-04 12:58:33,562 [INFO] ThirdPartyPackRequestProcessor:621 - CMSIS Pack Vendor :EmbeddedOffice I-CUBE-FS-RTOS 1.0.1
2025-10-04 12:58:33,562 [INFO] ThirdPartyPackRequestProcessor:621 - CMSIS Pack Vendor :STMicroelectronics lwIP 2.0.3
2025-10-04 12:58:33,562 [INFO] ThirdPartyPackRequestProcessor:621 - CMSIS Pack Vendor :WES I-CUBE-Cesium 1.4.0
2025-10-04 12:58:33,562 [INFO] ThirdPartyPackRequestProcessor:621 - CMSIS Pack Vendor :Cesanta I-CUBE-Mongoose 7.13.0
2025-10-04 12:58:33,562 [INFO] ThirdPartyPackRequestProcessor:621 - CMSIS Pack Vendor :STMicroelectronics USB_HOST 1.0.0
2025-10-04 12:58:33,562 [INFO] ThirdPartyPackRequestProcessor:621 - CMSIS Pack Vendor :Infineon AIROC-Wi-Fi-Bluetooth-STM32 1.7.1
2025-10-04 12:58:33,562 [INFO] ThirdPartyPackRequestProcessor:621 - CMSIS Pack Vendor :STMicroelectronics X-CUBE-AZRTOS-G4 2.0.0
2025-10-04 12:58:33,562 [INFO] ThirdPartyPackRequestProcessor:621 - CMSIS Pack Vendor :STMicroelectronics X-CUBE-WB05N 2.0.0
2025-10-04 12:58:33,562 [INFO] ThirdPartyPackRequestProcessor:621 - CMSIS Pack Vendor :STMicroelectronics PDM2PCM 3.1.0
2025-10-04 12:58:33,562 [INFO] ThirdPartyPackRequestProcessor:621 - CMSIS Pack Vendor :STMicroelectronics PDM2PCM 3.3.0
2025-10-04 12:58:33,562 [INFO] ThirdPartyPackRequestProcessor:621 - CMSIS Pack Vendor :wolfSSL I-CUBE-wolfTPM 3.8.0
2025-10-04 12:58:33,563 [INFO] ThirdPartyPackRequestProcessor:621 - CMSIS Pack Vendor :STMicroelectronics X-CUBE-AZRTOS-H7 3.4.0
2025-10-04 12:58:33,563 [INFO] ThirdPartyPackRequestProcessor:621 - CMSIS Pack Vendor :STMicroelectronics X-CUBE-DISPLAY 3.0.0
2025-10-04 12:58:33,563 [INFO] ThirdPartyPackRequestProcessor:621 - CMSIS Pack Vendor :wolfSSL I-CUBE-wolfSSH 1.4.20
2025-10-04 12:58:33,563 [INFO] ThirdPartyPackRequestProcessor:621 - CMSIS Pack Vendor :STMicroelectronics X-CUBE-NFC7 2.0.0
2025-10-04 12:58:33,563 [INFO] ThirdPartyPackRequestProcessor:621 - CMSIS Pack Vendor :STMicroelectronics X-CUBE-TCPP 4.2.0
2025-10-04 12:58:33,563 [INFO] ThirdPartyPackRequestProcessor:621 - CMSIS Pack Vendor :RealThread X-CUBE-RT-Thread_Nano 4.1.1
2025-10-04 12:58:33,563 [INFO] ThirdPartyPackRequestProcessor:621 - CMSIS Pack Vendor :STMicroelectronics FP-ATR-SIGFOX1 3.2.0
2025-10-04 12:58:33,563 [INFO] ThirdPartyPackRequestProcessor:621 - CMSIS Pack Vendor :STMicroelectronics X-CUBE-NFC10 1.0.0
2025-10-04 12:58:33,563 [INFO] ThirdPartyPackRequestProcessor:621 - CMSIS Pack Vendor :STMicroelectronics X-CUBE-FREERTOS 1.3.1
2025-10-04 12:58:33,563 [INFO] ThirdPartyPackRequestProcessor:621 - CMSIS Pack Vendor :STMicroelectronics HAL Drivers 0.0.0
2025-10-04 12:58:33,563 [INFO] ThirdPartyPackRequestProcessor:621 - CMSIS Pack Vendor :STMicroelectronics MBEDTLS 2.16.2
2025-10-04 12:58:33,563 [INFO] ThirdPartyPackRequestProcessor:621 - CMSIS Pack Vendor :STMicroelectronics X-CUBE-IPS 3.1.0
2025-10-04 12:58:33,563 [INFO] ThirdPartyPackRequestProcessor:621 - CMSIS Pack Vendor :STMicroelectronics X-CUBE-ALS 1.0.2
2025-10-04 12:58:33,563 [INFO] ThirdPartyPackRequestProcessor:621 - CMSIS Pack Vendor :emotas I-CUBE-CANOPEN 1.3.0
2025-10-04 12:58:33,563 [INFO] ThirdPartyPackRequestProcessor:621 - CMSIS Pack Vendor :STMicroelectronics MBEDTLS 2.14.1
2025-10-04 12:58:33,563 [INFO] ThirdPartyPackRequestProcessor:621 - CMSIS Pack Vendor :ITTIA_DB I-CUBE-ITTIADB 8.9.0
2025-10-04 12:58:33,563 [INFO] ThirdPartyPackRequestProcessor:621 - CMSIS Pack Vendor :STMicroelectronics X-CUBE-TOUCHGFX 4.26.0
2025-10-04 12:58:33,563 [INFO] ThirdPartyPackRequestProcessor:621 - CMSIS Pack Vendor :STMicroelectronics X-CUBE-STSE01 1.0.0
2025-10-04 12:58:33,563 [INFO] ThirdPartyPackRequestProcessor:621 - CMSIS Pack Vendor :portGmbH I-Cube-SoM-uGOAL 1.1.0
2025-10-04 12:58:33,563 [INFO] ThirdPartyPackRequestProcessor:621 - CMSIS Pack Vendor :STMicroelectronics X-CUBE-ST67W61 1.0.0
2025-10-04 12:58:33,563 [INFO] ThirdPartyPackRequestProcessor:621 - CMSIS Pack Vendor :STMicroelectronics FP-SNS-STBOX1 2.1.0
2025-10-04 12:58:33,563 [INFO] ThirdPartyPackRequestProcessor:621 - CMSIS Pack Vendor :STMicroelectronics X-CUBE-AI 10.2.0
2025-10-04 12:58:33,563 [INFO] ThirdPartyPackRequestProcessor:621 - CMSIS Pack Vendor :STMicroelectronics FP-SNS-STAIOTCFT 1.0.0
2025-10-04 12:58:33,563 [INFO] ThirdPartyPackRequestProcessor:621 - CMSIS Pack Vendor :STMicroelectronics ThreadX 1.0.0
2025-10-04 12:58:33,563 [INFO] ThirdPartyPackRequestProcessor:621 - CMSIS Pack Vendor :STMicroelectronics FP-SNS-SMARTAG2 1.2.0
2025-10-04 12:58:33,563 [INFO] ThirdPartyPackRequestProcessor:621 - CMSIS Pack Vendor :STMicroelectronics FP-SNS-FLIGHT1 5.1.0
2025-10-04 12:58:33,563 [INFO] ThirdPartyPackRequestProcessor:621 - CMSIS Pack Vendor :STMicroelectronics X-CUBE-AZRTOS-WL 2.0.0
2025-10-04 12:58:33,565 [INFO] ThirdPartyPackRequestProcessor:621 - CMSIS Pack Vendor :SEGGER I-CUBE-embOS 1.3.1
2025-10-04 12:58:33,565 [INFO] ThirdPartyPackRequestProcessor:621 - CMSIS Pack Vendor :STMicroelectronics X-CUBE-ALGOBUILD 1.4.0
2025-10-04 12:58:33,565 [INFO] ThirdPartyPackRequestProcessor:621 - CMSIS Pack Vendor :STMicroelectronics X-CUBE-DPower 1.3.0
2025-10-04 12:58:33,565 [INFO] ThirdPartyPackRequestProcessor:621 - CMSIS Pack Vendor :STMicroelectronics X-CUBE-MEMS1 11.3.0
2025-10-04 12:58:33,565 [INFO] ThirdPartyPackRequestProcessor:621 - CMSIS Pack Vendor :STMicroelectronics FP-SNS-MOTENV1 5.0.0
2025-10-04 12:58:33,565 [INFO] ThirdPartyPackRequestProcessor:621 - CMSIS Pack Vendor :STMicroelectronics USB_DEVICE 1.0.0
2025-10-04 12:58:33,565 [INFO] ThirdPartyPackRequestProcessor:621 - CMSIS Pack Vendor :STMicroelectronics X-CUBE-AZRTOS-L4 2.0.0
2025-10-04 12:58:33,565 [INFO] ThirdPartyPackRequestProcessor:621 - CMSIS Pack Vendor :STMicroelectronics ThreadX 0.0.2
2025-10-04 12:58:33,565 [INFO] ThirdPartyPackRequestProcessor:621 - CMSIS Pack Vendor :STMicroelectronics lwIP 2.1.2
2025-10-04 12:58:33,565 [INFO] ThirdPartyPackRequestProcessor:621 - CMSIS Pack Vendor :STMicroelectronics X-CUBE-SFXS2LP1 4.0.0
2025-10-04 12:58:33,565 [INFO] ThirdPartyPackRequestProcessor:621 - CMSIS Pack Vendor :STMicroelectronics X-CUBE-BLE2 3.3.0
2025-10-04 12:58:33,565 [INFO] ThirdPartyPackRequestProcessor:621 - CMSIS Pack Vendor :STMicroelectronics X-CUBE-TOF1 3.4.3
2025-10-04 12:58:33,565 [INFO] ThirdPartyPackRequestProcessor:621 - CMSIS Pack Vendor :STMicroelectronics PDM2PCM 3.2.0
2025-10-04 12:58:33,565 [INFO] ThirdParty:514 - exiting critical section [add software pack]
2025-10-04 12:58:33,588 [INFO] LoadServerUpdatesThread:375 - End of LoadServerUpdate Thread
2025-10-04 12:58:33,867 [INFO] CheckServerUpdateThread:120 - End of CheckServer Thread
2025-10-04 13:00:20,200 [INFO] ServerAccessManage:452 - Complete download http(s) 200
2025-10-04 13:00:20,200 [INFO] ServerAccessManage:509 - Download File updaters.zip
2025-10-04 13:00:20,243 [INFO] FileExtend:248 - Unzip File : updaters.zip
2025-10-04 13:00:20,243 [INFO] FileExtend:263 - Standard Zip Deflate
2025-10-04 13:00:20,408 [INFO] ServerAccessManage:452 - Complete download http(s) 200
2025-10-04 13:00:20,408 [INFO] ServerAccessManage:509 - Download File PacksControlFlags.xml
2025-10-04 13:00:20,431 [INFO] ServerAccessManage:452 - Complete download http(s) 200
2025-10-04 13:00:20,431 [INFO] ServerAccessManage:509 - Download File cubemx.pidx
2025-10-04 13:00:21,111 [INFO] ServerAccessManage:452 - Complete download http(s) 200
2025-10-04 13:00:21,112 [INFO] ServerAccessManage:509 - Download File STMicroelectronics.FP-ATR-ASTRA1.pdsc
2025-10-04 13:00:25,874 [INFO] ServerAccessManage:452 - Complete download http(s) 200
2025-10-04 13:00:25,874 [INFO] ServerAccessManage:509 - Download File STMicroelectronics.FP-ATR-SIGFOX1.pdsc
2025-10-04 13:00:27,365 [INFO] ServerAccessManage:452 - Complete download http(s) 200
2025-10-04 13:00:27,366 [INFO] ServerAccessManage:509 - Download File STMicroelectronics.FP-SNS-STBOX1.pdsc
2025-10-04 13:00:29,853 [INFO] ServerAccessManage:452 - Complete download http(s) 200
2025-10-04 13:00:29,853 [INFO] ServerAccessManage:509 - Download File STMicroelectronics.FP-SNS-FLIGHT1.pdsc
2025-10-04 13:00:33,615 [INFO] ServerAccessManage:452 - Complete download http(s) 200
2025-10-04 13:00:33,616 [INFO] ServerAccessManage:509 - Download File STMicroelectronics.FP-SNS-MOTENV1.pdsc
2025-10-04 13:00:37,764 [INFO] ServerAccessManage:452 - Complete download http(s) 200
2025-10-04 13:00:37,765 [INFO] ServerAccessManage:509 - Download File STMicroelectronics.FP-SNS-MOTENVWB1.pdsc
2025-10-04 13:00:40,848 [INFO] ServerAccessManage:452 - Complete download http(s) 200
2025-10-04 13:00:40,848 [INFO] ServerAccessManage:509 - Download File STMicroelectronics.FP-SNS-SMARTAG2.pdsc
2025-10-04 13:00:42,228 [INFO] ServerAccessManage:452 - Complete download http(s) 200
2025-10-04 13:00:42,229 [INFO] ServerAccessManage:509 - Download File STMicroelectronics.FP-SNS-STAIOTCFT.pdsc
2025-10-04 13:00:43,458 [INFO] ServerAccessManage:452 - Complete download http(s) 200
2025-10-04 13:00:43,459 [INFO] ServerAccessManage:509 - Download File STMicroelectronics.X-CUBE-AI.pdsc
2025-10-04 13:00:59,959 [INFO] ServerAccessManage:452 - Complete download http(s) 200
2025-10-04 13:00:59,959 [INFO] ServerAccessManage:509 - Download File STMicroelectronics.X-CUBE-ALS.pdsc
2025-10-04 13:01:03,202 [INFO] ServerAccessManage:452 - Complete download http(s) 200
2025-10-04 13:01:03,202 [INFO] ServerAccessManage:509 - Download File STMicroelectronics.X-CUBE-BLE1.pdsc
2025-10-04 13:01:15,541 [ERROR] ServerAccessManage:1212 - Problem, file not found on Server
2025-10-04 13:01:16,216 [INFO] ServerAccessManage:452 - Complete download http(s) 200
2025-10-04 13:01:16,217 [INFO] ServerAccessManage:509 - Download File STMicroelectronics.X-CUBE-BLE2.pdsc
2025-10-04 13:01:23,324 [INFO] ServerAccessManage:452 - Complete download http(s) 200
2025-10-04 13:01:23,324 [INFO] ServerAccessManage:509 - Download File STMicroelectronics.X-CUBE-BLEMGR.pdsc
2025-10-04 13:01:24,977 [ERROR] ServerAccessManage:1212 - Problem, file not found on Server
2025-10-04 13:01:31,910 [INFO] ServerAccessManage:452 - Complete download http(s) 200
2025-10-04 13:01:31,911 [INFO] ServerAccessManage:509 - Download File STMicroelectronics.X-CUBE-DISPLAY.pdsc
2025-10-04 13:01:37,192 [INFO] ServerAccessManage:452 - Complete download http(s) 200
2025-10-04 13:01:37,193 [INFO] ServerAccessManage:509 - Download File STMicroelectronics.X-CUBE-DPOWER.pdsc
2025-10-04 13:01:39,584 [ERROR] ServerAccessManage:1212 - Problem, file not found on Server
2025-10-04 13:01:39,968 [ERROR] ServerAccessManage:1212 - Problem, file not found on Server
2025-10-04 13:01:40,618 [ERROR] ServerAccessManage:1212 - Problem, file not found on Server
2025-10-04 13:01:41,566 [ERROR] ServerAccessManage:1212 - Problem, file not found on Server
2025-10-04 13:01:42,463 [ERROR] ServerAccessManage:1212 - Problem, file not found on Server
2025-10-04 13:01:43,321 [ERROR] ServerAccessManage:1212 - Problem, file not found on Server
2025-10-04 13:01:44,105 [ERROR] ServerAccessManage:1212 - Problem, file not found on Server
2025-10-04 13:01:44,762 [ERROR] ServerAccessManage:1212 - Problem, file not found on Server
2025-10-04 13:01:45,431 [ERROR] ServerAccessManage:1212 - Problem, file not found on Server
2025-10-04 13:01:46,107 [ERROR] ServerAccessManage:1212 - Problem, file not found on Server
2025-10-04 13:01:46,758 [ERROR] ServerAccessManage:1212 - Problem, file not found on Server
2025-10-04 13:01:47,504 [INFO] ServerAccessManage:452 - Complete download http(s) 200
2025-10-04 13:01:47,505 [INFO] ServerAccessManage:509 - Download File STMicroelectronics.X-CUBE-EEPRMA1.pdsc
2025-10-04 13:01:50,634 [ERROR] ServerAccessManage:1212 - Problem, file not found on Server
2025-10-04 13:01:52,864 [ERROR] ServerAccessManage:1212 - Problem, file not found on Server
2025-10-04 13:01:55,713 [INFO] ServerAccessManage:452 - Complete download http(s) 200
2025-10-04 13:01:55,713 [INFO] ServerAccessManage:509 - Download File STMicroelectronics.X-CUBE-FREERTOS.pdsc
2025-10-04 13:02:00,555 [INFO] ServerAccessManage:452 - Complete download http(s) 200
2025-10-04 13:02:00,555 [INFO] ServerAccessManage:509 - Download File STMicroelectronics.X-CUBE-GNSS1.pdsc
2025-10-04 13:02:09,420 [ERROR] ServerAccessManage:1212 - Problem, file not found on Server
2025-10-04 13:02:10,073 [ERROR] ServerAccessManage:1212 - Problem, file not found on Server
2025-10-04 13:02:10,730 [ERROR] ServerAccessManage:1212 - Problem, file not found on Server
2025-10-04 13:02:11,401 [ERROR] ServerAccessManage:1212 - Problem, file not found on Server
2025-10-04 13:02:12,380 [ERROR] ServerAccessManage:1212 - Problem, file not found on Server
2025-10-04 13:02:13,036 [ERROR] ServerAccessManage:1212 - Problem, file not found on Server
2025-10-04 13:02:13,287 [INFO] ServerAccessManage:452 - Complete download http(s) 200
2025-10-04 13:02:13,288 [INFO] ServerAccessManage:509 - Download File STMicroelectronics.X-CUBE-ISPU.pdsc
2025-10-04 13:02:17,044 [INFO] ServerAccessManage:452 - Complete download http(s) 200
2025-10-04 13:02:17,044 [INFO] ServerAccessManage:509 - Download File STMicroelectronics.X-CUBE-IPS.pdsc
2025-10-04 13:02:19,109 [INFO] ServerAccessManage:452 - Complete download http(s) 200
2025-10-04 13:02:19,110 [INFO] ServerAccessManage:509 - Download File STMicroelectronics.X-CUBE-MEMS1.pdsc
2025-10-04 13:02:41,298 [INFO] ServerAccessManage:452 - Complete download http(s) 200
2025-10-04 13:02:41,300 [INFO] ServerAccessManage:509 - Download File STMicroelectronics.X-CUBE-NFC4.pdsc
2025-10-04 13:02:53,364 [INFO] ServerAccessManage:452 - Complete download http(s) 200
2025-10-04 13:02:53,365 [INFO] ServerAccessManage:509 - Download File STMicroelectronics.X-CUBE-NFC6.pdsc
2025-10-04 13:02:55,574 [INFO] ServerAccessManage:452 - Complete download http(s) 200
2025-10-04 13:02:55,574 [INFO] ServerAccessManage:509 - Download File STMicroelectronics.X-CUBE-NFC7.pdsc
2025-10-04 13:02:57,863 [INFO] ServerAccessManage:452 - Complete download http(s) 200
2025-10-04 13:02:57,864 [INFO] ServerAccessManage:509 - Download File STMicroelectronics.X-CUBE-NFC9.pdsc
2025-10-04 13:02:58,780 [INFO] ServerAccessManage:452 - Complete download http(s) 200
2025-10-04 13:02:58,781 [INFO] ServerAccessManage:509 - Download File STMicroelectronics.X-CUBE-NFC10.pdsc
2025-10-04 13:03:00,162 [INFO] ServerAccessManage:452 - Complete download http(s) 200
2025-10-04 13:03:00,162 [INFO] ServerAccessManage:509 - Download File STMicroelectronics.X-CUBE-NFC12.pdsc
2025-10-04 13:03:01,845 [INFO] ServerAccessManage:452 - Complete download http(s) 200
2025-10-04 13:03:01,846 [INFO] ServerAccessManage:509 - Download File STMicroelectronics.X-CUBE-SFXS2LP1.pdsc
2025-10-04 13:03:05,367 [INFO] ServerAccessManage:452 - Complete download http(s) 200
2025-10-04 13:03:05,367 [INFO] ServerAccessManage:509 - Download File STMicroelectronics.X-CUBE-SAFEA1.pdsc
2025-10-04 13:03:07,097 [INFO] ServerAccessManage:452 - Complete download http(s) 200
2025-10-04 13:03:07,098 [INFO] ServerAccessManage:509 - Download File STMicroelectronics.X-CUBE-SUBG2.pdsc
2025-10-04 13:03:14,139 [INFO] ServerAccessManage:452 - Complete download http(s) 200
2025-10-04 13:03:14,140 [INFO] ServerAccessManage:509 - Download File STMicroelectronics.X-CUBE-SMBUS.pdsc
2025-10-04 13:03:15,570 [ERROR] ServerAccessManage:1212 - Problem, file not found on Server
2025-10-04 13:03:16,244 [INFO] ServerAccessManage:452 - Complete download http(s) 200
2025-10-04 13:03:16,244 [INFO] ServerAccessManage:509 - Download File STMicroelectronics.X-CUBE-ST60.pdsc
2025-10-04 13:03:17,786 [INFO] ServerAccessManage:452 - Complete download http(s) 200
2025-10-04 13:03:17,787 [INFO] ServerAccessManage:509 - Download File STMicroelectronics.X-CUBE-ST67W61.pdsc
2025-10-04 13:03:18,488 [INFO] ServerAccessManage:452 - Complete download http(s) 200
2025-10-04 13:03:18,489 [INFO] ServerAccessManage:509 - Download File STMicroelectronics.X-CUBE-STSE01.pdsc
2025-10-04 13:03:18,790 [INFO] ServerAccessManage:452 - Complete download http(s) 200
2025-10-04 13:03:18,791 [INFO] ServerAccessManage:509 - Download File STMicroelectronics.X-CUBE-PM33A1.pdsc
2025-10-04 13:03:20,182 [INFO] ServerAccessManage:452 - Complete download http(s) 200
2025-10-04 13:03:20,183 [INFO] ServerAccessManage:509 - Download File STMicroelectronics.X-CUBE-TCPP.pdsc
2025-10-04 13:03:22,297 [INFO] ServerAccessManage:452 - Complete download http(s) 200
2025-10-04 13:03:22,298 [INFO] ServerAccessManage:509 - Download File STMicroelectronics.X-CUBE-TOF1.pdsc
2025-10-04 13:03:29,606 [ERROR] ServerAccessManage:1212 - Problem, file not found on Server
2025-10-04 13:03:30,432 [INFO] ServerAccessManage:452 - Complete download http(s) 200
2025-10-04 13:03:30,432 [INFO] ServerAccessManage:509 - Download File STMicroelectronics.X-CUBE-TOUCHGFX.pdsc
2025-10-04 13:03:31,400 [INFO] ServerAccessManage:452 - Complete download http(s) 200
2025-10-04 13:03:31,400 [INFO] ServerAccessManage:509 - Download File STMicroelectronics.X-CUBE-ALGOBUILD.pdsc
2025-10-04 13:03:36,293 [INFO] ServerAccessManage:452 - Complete download http(s) 200
2025-10-04 13:03:36,293 [INFO] ServerAccessManage:509 - Download File STMicroelectronics.X-CUBE-AZRTOS-H7.pdsc
2025-10-04 13:03:44,248 [INFO] ServerAccessManage:452 - Complete download http(s) 200
2025-10-04 13:03:44,248 [INFO] ServerAccessManage:509 - Download File STMicroelectronics.X-CUBE-AZRTOS-H7RS.pdsc
2025-10-04 13:03:45,778 [INFO] ServerAccessManage:452 - Complete download http(s) 200
2025-10-04 13:03:45,778 [INFO] ServerAccessManage:509 - Download File STMicroelectronics.X-CUBE-AZRTOS-F4.pdsc
2025-10-04 13:03:48,516 [INFO] ServerAccessManage:452 - Complete download http(s) 200
2025-10-04 13:03:48,516 [INFO] ServerAccessManage:509 - Download File STMicroelectronics.X-CUBE-AZRTOS-F7.pdsc
2025-10-04 13:03:50,728 [INFO] ServerAccessManage:452 - Complete download http(s) 200
2025-10-04 13:03:50,728 [INFO] ServerAccessManage:509 - Download File STMicroelectronics.X-CUBE-AZRTOS-L4.pdsc
2025-10-04 13:03:52,817 [INFO] ServerAccessManage:452 - Complete download http(s) 200
2025-10-04 13:03:52,817 [INFO] ServerAccessManage:509 - Download File STMicroelectronics.X-CUBE-AZRTOS-L5.pdsc
2025-10-04 13:03:55,713 [INFO] ServerAccessManage:452 - Complete download http(s) 200
2025-10-04 13:03:55,713 [INFO] ServerAccessManage:509 - Download File STMicroelectronics.X-CUBE-AZRTOS-G0.pdsc
2025-10-04 13:03:57,752 [INFO] ServerAccessManage:452 - Complete download http(s) 200
2025-10-04 13:03:57,752 [INFO] ServerAccessManage:509 - Download File STMicroelectronics.X-CUBE-AZRTOS-G4.pdsc
2025-10-04 13:03:59,911 [INFO] ServerAccessManage:452 - Complete download http(s) 200
2025-10-04 13:03:59,911 [INFO] ServerAccessManage:509 - Download File STMicroelectronics.X-CUBE-AZRTOS-WB.pdsc
2025-10-04 13:04:02,492 [INFO] ServerAccessManage:452 - Complete download http(s) 200
2025-10-04 13:04:02,493 [INFO] ServerAccessManage:509 - Download File STMicroelectronics.X-CUBE-AZRTOS-WL.pdsc
2025-10-04 13:04:04,673 [INFO] ServerAccessManage:452 - Complete download http(s) 200
2025-10-04 13:04:04,674 [INFO] ServerAccessManage:509 - Download File STMicroelectronics.X-CUBE-WB05N.pdsc
2025-10-04 13:04:06,206 [INFO] ServerAccessManage:452 - Complete download http(s) 200
2025-10-04 13:04:06,207 [INFO] ServerAccessManage:509 - Download File wolfSSL.I-CUBE-wolfSSL.pdsc
2025-10-04 13:04:10,391 [ERROR] ServerAccessManage:1212 - Problem, file not found on Server
2025-10-04 13:04:10,611 [ERROR] ServerAccessManage:1212 - Problem, file not found on Server
2025-10-04 13:04:10,830 [ERROR] ServerAccessManage:1212 - Problem, file not found on Server
2025-10-04 13:04:11,001 [INFO] ServerAccessManage:452 - Complete download http(s) 200
2025-10-04 13:04:11,001 [INFO] ServerAccessManage:509 - Download File wolfSSL.I-CUBE-wolfMQTT.pdsc
2025-10-04 13:04:11,896 [ERROR] ServerAccessManage:1212 - Problem, file not found on Server
2025-10-04 13:04:12,059 [INFO] ServerAccessManage:452 - Complete download http(s) 200
2025-10-04 13:04:12,059 [INFO] ServerAccessManage:509 - Download File wolfSSL.I-CUBE-wolfTPM.pdsc
2025-10-04 13:04:13,234 [INFO] ServerAccessManage:452 - Complete download http(s) 200
2025-10-04 13:04:13,236 [INFO] ServerAccessManage:509 - Download File wolfSSL.I-CUBE-wolfSSH.pdsc
2025-10-04 13:04:15,581 [INFO] ServerAccessManage:452 - Complete download http(s) 200
2025-10-04 13:04:15,581 [INFO] ServerAccessManage:509 - Download File RealThread.X-CUBE-RT-Thread_Nano.pdsc
2025-10-04 13:04:17,658 [INFO] ServerAccessManage:452 - Complete download http(s) 200
2025-10-04 13:04:17,659 [INFO] ServerAccessManage:509 - Download File SEGGER.I-CUBE-embOS.pdsc
2025-10-04 13:04:20,447 [INFO] ServerAccessManage:452 - Complete download http(s) 200
2025-10-04 13:04:20,447 [INFO] ServerAccessManage:509 - Download File emotas.I-CUBE-CANOPEN.pdsc
2025-10-04 13:04:22,608 [INFO] ServerAccessManage:452 - Complete download http(s) 200
2025-10-04 13:04:22,608 [INFO] ServerAccessManage:509 - Download File WES.I-CUBE-Cesium.pdsc
2025-10-04 13:04:23,687 [ERROR] ServerAccessManage:1212 - Problem, file not found on Server
2025-10-04 13:04:23,948 [ERROR] ServerAccessManage:1212 - Problem, file not found on Server
2025-10-04 13:04:25,091 [INFO] ServerAccessManage:452 - Complete download http(s) 200
2025-10-04 13:04:25,092 [INFO] ServerAccessManage:509 - Download File ITTIA_DB.I-CUBE-ITTIADB.pdsc
2025-10-04 13:30:08,854 [INFO] WebApp:194 - Connection lost
2025-10-04 13:30:09,421 [INFO] WebApp:191 - Connection restablished
2025-10-04 13:30:09,893 [INFO] ServerAccessManage:452 - Complete download http(s) 200
2025-10-04 13:30:09,893 [INFO] ServerAccessManage:509 - Download File Infineon.AIROC-Wi-Fi-Bluetooth-STM32.pdsc
2025-10-04 13:30:10,703 [INFO] WebApp:194 - Connection lost
2025-10-04 13:30:10,849 [INFO] WebApp:191 - Connection restablished
2025-10-04 13:30:16,023 [INFO] ServerAccessManage:452 - Complete download http(s) 200
2025-10-04 13:30:16,023 [INFO] ServerAccessManage:509 - Download File Cesanta.I-CUBE-Mongoose.pdsc
2025-10-04 13:30:20,025 [INFO] ServerAccessManage:452 - Complete download http(s) 200
2025-10-04 13:30:20,026 [INFO] ServerAccessManage:509 - Download File EmbeddedOffice.I-CUBE-FS-RTOS.pdsc
2025-10-04 13:30:21,274 [INFO] ServerAccessManage:452 - Complete download http(s) 200
2025-10-04 13:30:21,274 [INFO] ServerAccessManage:509 - Download File quantropi.X-CUBE-qispace-sdk-base.pdsc
2025-10-04 13:30:21,779 [WARN] Engine:547 - Do no try to populate pack already in database: STMicroelectronics.FP-ATR-ASTRA1.2.0.2
2025-10-04 13:30:21,781 [WARN] Engine:547 - Do no try to populate pack already in database: STMicroelectronics.FP-ATR-SIGFOX1.3.2.0
2025-10-04 13:30:21,784 [WARN] Engine:547 - Do no try to populate pack already in database: STMicroelectronics.FP-SNS-STBOX1.2.1.0
2025-10-04 13:30:21,787 [WARN] Engine:547 - Do no try to populate pack already in database: STMicroelectronics.FP-SNS-FLIGHT1.5.1.0
2025-10-04 13:30:21,789 [WARN] Engine:547 - Do no try to populate pack already in database: STMicroelectronics.FP-SNS-MOTENV1.5.0.0
2025-10-04 13:30:21,794 [WARN] Engine:547 - Do no try to populate pack already in database: STMicroelectronics.FP-SNS-MOTENVWB1.1.4.0
2025-10-04 13:30:21,795 [WARN] Engine:547 - Do no try to populate pack already in database: STMicroelectronics.FP-SNS-SMARTAG2.1.2.0
2025-10-04 13:30:21,801 [WARN] Engine:547 - Do no try to populate pack already in database: STMicroelectronics.FP-SNS-STAIOTCFT.1.0.0
2025-10-04 13:30:21,803 [WARN] Engine:547 - Do no try to populate pack already in database: STMicroelectronics.X-CUBE-AI.10.2.0
2025-10-04 13:30:21,805 [WARN] Engine:547 - Do no try to populate pack already in database: STMicroelectronics.X-CUBE-ALS.1.0.2
2025-10-04 13:30:21,806 [WARN] Engine:547 - Do no try to populate pack already in database: STMicroelectronics.X-CUBE-BLE1.7.1.0
2025-10-04 13:30:21,809 [WARN] Engine:547 - Do no try to populate pack already in database: STMicroelectronics.X-CUBE-BLE2.3.3.0
2025-10-04 13:30:21,812 [WARN] Engine:547 - Do no try to populate pack already in database: STMicroelectronics.X-CUBE-BLEMGR.4.1.0
2025-10-04 13:30:21,819 [WARN] Engine:547 - Do no try to populate pack already in database: STMicroelectronics.X-CUBE-DISPLAY.3.0.0
2025-10-04 13:30:21,825 [WARN] Engine:547 - Do no try to populate pack already in database: STMicroelectronics.X-CUBE-DPower.1.3.0
2025-10-04 13:30:21,828 [WARN] Engine:547 - Do no try to populate pack already in database: STMicroelectronics.X-CUBE-EEPRMA1.5.2.0
2025-10-04 13:30:21,835 [WARN] Engine:547 - Do no try to populate pack already in database: STMicroelectronics.X-CUBE-FREERTOS.1.3.1
2025-10-04 13:30:21,838 [WARN] Engine:547 - Do no try to populate pack already in database: STMicroelectronics.X-CUBE-GNSS1.7.0.1
2025-10-04 13:30:21,840 [WARN] Engine:547 - Do no try to populate pack already in database: STMicroelectronics.X-CUBE-ISPU.2.1.0
2025-10-04 13:30:21,869 [WARN] Engine:547 - Do no try to populate pack already in database: STMicroelectronics.X-CUBE-IPS.3.1.0
2025-10-04 13:30:21,883 [WARN] Engine:547 - Do no try to populate pack already in database: STMicroelectronics.X-CUBE-MEMS1.11.3.0
2025-10-04 13:30:21,888 [WARN] Engine:547 - Do no try to populate pack already in database: STMicroelectronics.X-CUBE-NFC4.3.0.0
2025-10-04 13:30:21,893 [WARN] Engine:547 - Do no try to populate pack already in database: STMicroelectronics.X-CUBE-NFC6.3.1.0
2025-10-04 13:30:21,899 [WARN] Engine:547 - Do no try to populate pack already in database: STMicroelectronics.X-CUBE-NFC7.2.0.0
2025-10-04 13:30:21,902 [WARN] Engine:547 - Do no try to populate pack already in database: STMicroelectronics.X-CUBE-NFC9.1.0.0
2025-10-04 13:30:21,904 [WARN] Engine:547 - Do no try to populate pack already in database: STMicroelectronics.X-CUBE-NFC10.1.0.0
2025-10-04 13:30:21,908 [WARN] Engine:547 - Do no try to populate pack already in database: STMicroelectronics.X-CUBE-NFC12.1.0.0
2025-10-04 13:30:21,911 [WARN] Engine:547 - Do no try to populate pack already in database: STMicroelectronics.X-CUBE-SFXS2LP1.4.0.0
2025-10-04 13:30:21,926 [WARN] Engine:547 - Do no try to populate pack already in database: STMicroelectronics.X-CUBE-SAFEA1.1.2.2
2025-10-04 13:30:21,930 [WARN] Engine:547 - Do no try to populate pack already in database: STMicroelectronics.X-CUBE-SUBG2.5.0.0
2025-10-04 13:30:21,938 [WARN] Engine:547 - Do no try to populate pack already in database: STMicroelectronics.X-CUBE-SMBUS.2.1.0
2025-10-04 13:30:21,944 [WARN] Engine:547 - Do no try to populate pack already in database: STMicroelectronics.X-CUBE-ST60.1.0.0
2025-10-04 13:30:21,947 [WARN] Engine:547 - Do no try to populate pack already in database: STMicroelectronics.X-CUBE-ST67W61.1.0.0
2025-10-04 13:30:21,971 [WARN] Engine:547 - Do no try to populate pack already in database: STMicroelectronics.X-CUBE-STSE01.1.0.0
2025-10-04 13:30:21,973 [WARN] Engine:547 - Do no try to populate pack already in database: STMicroelectronics.X-CUBE-PM33A1.1.0.0
2025-10-04 13:30:21,978 [WARN] Engine:547 - Do no try to populate pack already in database: STMicroelectronics.X-CUBE-TCPP.4.2.0
2025-10-04 13:30:21,986 [WARN] Engine:547 - Do no try to populate pack already in database: STMicroelectronics.X-CUBE-TOF1.3.4.3
2025-10-04 13:30:22,006 [WARN] Engine:547 - Do no try to populate pack already in database: STMicroelectronics.X-CUBE-TOUCHGFX.4.26.0
2025-10-04 13:30:22,011 [WARN] Engine:547 - Do no try to populate pack already in database: STMicroelectronics.X-CUBE-ALGOBUILD.1.4.0
2025-10-04 13:30:22,021 [WARN] Engine:547 - Do no try to populate pack already in database: STMicroelectronics.X-CUBE-AZRTOS-H7.3.4.0
2025-10-04 13:30:22,028 [WARN] Engine:547 - Do no try to populate pack already in database: STMicroelectronics.X-CUBE-AZRTOS-H7RS.1.1.0
2025-10-04 13:30:22,104 [WARN] Engine:547 - Do no try to populate pack already in database: STMicroelectronics.X-CUBE-AZRTOS-F4.1.1.0
2025-10-04 13:30:22,124 [WARN] Engine:547 - Do no try to populate pack already in database: STMicroelectronics.X-CUBE-AZRTOS-F7.1.1.0
2025-10-04 13:30:22,131 [WARN] Engine:547 - Do no try to populate pack already in database: STMicroelectronics.X-CUBE-AZRTOS-L4.2.0.0
2025-10-04 13:30:22,140 [WARN] Engine:547 - Do no try to populate pack already in database: STMicroelectronics.X-CUBE-AZRTOS-L5.2.0.0
2025-10-04 13:30:22,147 [WARN] Engine:547 - Do no try to populate pack already in database: STMicroelectronics.X-CUBE-AZRTOS-G0.1.1.0
2025-10-04 13:30:22,153 [WARN] Engine:547 - Do no try to populate pack already in database: STMicroelectronics.X-CUBE-AZRTOS-G4.2.0.0
2025-10-04 13:30:22,159 [WARN] Engine:547 - Do no try to populate pack already in database: STMicroelectronics.X-CUBE-AZRTOS-WB.2.0.0
2025-10-04 13:30:22,164 [WARN] Engine:547 - Do no try to populate pack already in database: STMicroelectronics.X-CUBE-AZRTOS-WL.2.0.0
2025-10-04 13:30:22,170 [WARN] Engine:547 - Do no try to populate pack already in database: STMicroelectronics.X-CUBE-WB05N.2.0.0
2025-10-04 13:30:22,172 [WARN] Engine:547 - Do no try to populate pack already in database: wolfSSL.I-CUBE-wolfSSL.5.8.2
2025-10-04 13:30:22,174 [WARN] Engine:547 - Do no try to populate pack already in database: wolfSSL.I-CUBE-wolfMQTT.1.19.2
2025-10-04 13:30:22,175 [WARN] Engine:547 - Do no try to populate pack already in database: wolfSSL.I-CUBE-wolfTPM.3.8.0
2025-10-04 13:30:22,176 [WARN] Engine:547 - Do no try to populate pack already in database: wolfSSL.I-CUBE-wolfSSH.1.4.20
2025-10-04 13:30:22,177 [WARN] Engine:547 - Do no try to populate pack already in database: RealThread.X-CUBE-RT-Thread_Nano.4.1.1
2025-10-04 13:30:22,186 [WARN] Engine:547 - Do no try to populate pack already in database: SEGGER.I-CUBE-embOS.1.3.1
2025-10-04 13:30:22,187 [WARN] Engine:547 - Do no try to populate pack already in database: emotas.I-CUBE-CANOPEN.1.3.0
2025-10-04 13:30:22,192 [WARN] Engine:547 - Do no try to populate pack already in database: WES.I-CUBE-Cesium.1.4.0
2025-10-04 13:30:22,196 [WARN] Engine:547 - Do no try to populate pack already in database: ITTIA_DB.I-CUBE-ITTIADB.8.9.0
2025-10-04 13:30:22,201 [WARN] Engine:547 - Do no try to populate pack already in database: Infineon.AIROC-Wi-Fi-Bluetooth-STM32.1.7.1
2025-10-04 13:30:22,205 [WARN] PackLoader:240 - Cannot read IP mode file for Cesanta.I-CUBE-Mongoose.7.19.0
2025-10-04 13:30:22,207 [WARN] Engine:547 - Do no try to populate pack already in database: EmbeddedOffice.I-CUBE-FS-RTOS.1.0.1
2025-10-04 13:30:22,209 [WARN] Engine:547 - Do no try to populate pack already in database: quantropi.X-CUBE-qispace-sdk-base.2.1.0
2025-10-04 13:30:22,209 [INFO] PopulateThirdPartyThread:66 - Ending populate Thread
2025-10-04 13:30:22,215 [INFO] ThirdParty:1030 - CMSIS Pack Vendor :STMicroelectronics X-CUBE-PM33A1 1.0.0
2025-10-04 13:30:22,216 [INFO] ThirdParty:1030 - CMSIS Pack Vendor :STMicroelectronics USBPD 4.1
2025-10-04 13:30:22,216 [INFO] ThirdParty:1030 - CMSIS Pack Vendor :STMicroelectronics X-CUBE-NFC9 1.0.0
2025-10-04 13:30:22,216 [INFO] ThirdParty:1030 - CMSIS Pack Vendor :STMicroelectronics USB_HOST 2.0.0
2025-10-04 13:30:22,216 [INFO] ThirdParty:1030 - CMSIS Pack Vendor :STMicroelectronics FP-SNS-MOTENVWB1 1.4.0
2025-10-04 13:30:22,216 [INFO] ThirdParty:1030 - CMSIS Pack Vendor :STMicroelectronics X-CUBE-AZRTOS-F4 1.1.0
2025-10-04 13:30:22,216 [INFO] ThirdParty:1030 - CMSIS Pack Vendor :STMicroelectronics LIBJPEG 8.0.0
2025-10-04 13:30:22,216 [INFO] ThirdParty:1030 - CMSIS Pack Vendor :STMicroelectronics FP-ATR-ASTRA1 2.0.2
2025-10-04 13:30:22,216 [INFO] ThirdParty:1030 - CMSIS Pack Vendor :wolfSSL I-CUBE-wolfSSL 5.8.2
2025-10-04 13:30:22,216 [INFO] ThirdParty:1030 - CMSIS Pack Vendor :STMicroelectronics X-CUBE-BLE1 7.1.0
2025-10-04 13:30:22,216 [INFO] ThirdParty:1030 - CMSIS Pack Vendor :Avnet-IotConnect X-CUBE-IoTC-DA16k-PMOD 1.0.0
2025-10-04 13:30:22,216 [INFO] ThirdParty:1030 - CMSIS Pack Vendor :STMicroelectronics X-CUBE-SMBUS 2.1.0
2025-10-04 13:30:22,216 [INFO] ThirdParty:1030 - CMSIS Pack Vendor :wolfSSL I-CUBE-wolfMQTT 1.19.2
2025-10-04 13:30:22,217 [INFO] ThirdParty:1030 - CMSIS Pack Vendor :STMicroelectronics USB_DEVICE 3.0.0
2025-10-04 13:30:22,217 [INFO] ThirdParty:1030 - CMSIS Pack Vendor :STMicroelectronics X-CUBE-ISPU 2.1.0
2025-10-04 13:30:22,217 [INFO] ThirdParty:1030 - CMSIS Pack Vendor :STMicroelectronics X-CUBE-EEPRMA1 5.2.0
2025-10-04 13:30:22,217 [INFO] ThirdParty:1030 - CMSIS Pack Vendor :STMicroelectronics X-CUBE-BLEMGR 4.1.0
2025-10-04 13:30:22,217 [INFO] ThirdParty:1030 - CMSIS Pack Vendor :STMicroelectronics X-CUBE-AZRTOS-WB 2.0.0
2025-10-04 13:30:22,217 [INFO] ThirdParty:1030 - CMSIS Pack Vendor :STMicroelectronics X-CUBE-ST60 1.0.0
2025-10-04 13:30:22,217 [INFO] ThirdParty:1030 - CMSIS Pack Vendor :STMicroelectronics X-CUBE-GNSS1 7.0.1
2025-10-04 13:30:22,217 [INFO] ThirdParty:1030 - CMSIS Pack Vendor :STMicroelectronics X-CUBE-NFC12 1.0.0
2025-10-04 13:30:22,217 [INFO] ThirdParty:1030 - CMSIS Pack Vendor :STMicroelectronics X-CUBE-AZRTOS-F7 1.1.0
2025-10-04 13:30:22,217 [INFO] ThirdParty:1030 - CMSIS Pack Vendor :STMicroelectronics X-CUBE-AZRTOS-L5 2.0.0
2025-10-04 13:30:22,217 [INFO] ThirdParty:1030 - CMSIS Pack Vendor :STMicroelectronics X-CUBE-TOUCHGFX 4.25.0
2025-10-04 13:30:22,217 [INFO] ThirdParty:1030 - CMSIS Pack Vendor :STMicroelectronics USB_DEVICE 2.0.0
2025-10-04 13:30:22,218 [INFO] ThirdParty:1030 - CMSIS Pack Vendor :STMicroelectronics X-CUBE-NFC6 3.1.0
2025-10-04 13:30:22,218 [INFO] ThirdParty:1030 - CMSIS Pack Vendor :quantropi X-CUBE-qispace-sdk-base 2.1.0
2025-10-04 13:30:22,218 [INFO] ThirdParty:1030 - CMSIS Pack Vendor :Cesanta I-CUBE-Mongoose 7.19.0
2025-10-04 13:30:22,218 [INFO] ThirdParty:1030 - CMSIS Pack Vendor :STMicroelectronics FreeRTOS 0.0.1
2025-10-04 13:30:22,218 [INFO] ThirdParty:1030 - CMSIS Pack Vendor :STMicroelectronics X-CUBE-AZRTOS-G0 1.1.0
2025-10-04 13:30:22,218 [INFO] ThirdParty:1030 - CMSIS Pack Vendor :STMicroelectronics X-CUBE-SAFEA1 1.2.2
2025-10-04 13:30:22,218 [INFO] ThirdParty:1030 - CMSIS Pack Vendor :STMicroelectronics X-CUBE-NFC4 3.0.0
2025-10-04 13:30:22,219 [INFO] ThirdParty:1030 - CMSIS Pack Vendor :STMicroelectronics X-CUBE-SUBG2 5.0.0
2025-10-04 13:30:22,219 [INFO] ThirdParty:1030 - CMSIS Pack Vendor :STMicroelectronics X-CUBE-AZRTOS-H7RS 1.1.0
2025-10-04 13:30:22,219 [INFO] ThirdParty:1030 - CMSIS Pack Vendor :STMicroelectronics STM32_WPAN 1.0.0
2025-10-04 13:30:22,219 [INFO] ThirdParty:1030 - CMSIS Pack Vendor :EmbeddedOffice I-CUBE-FS-RTOS 1.0.1
2025-10-04 13:30:22,219 [INFO] ThirdParty:1030 - CMSIS Pack Vendor :STMicroelectronics lwIP 2.0.3
2025-10-04 13:30:22,219 [INFO] ThirdParty:1030 - CMSIS Pack Vendor :WES I-CUBE-Cesium 1.4.0
2025-10-04 13:30:22,219 [INFO] ThirdParty:1030 - CMSIS Pack Vendor :Cesanta I-CUBE-Mongoose 7.13.0
2025-10-04 13:30:22,219 [INFO] ThirdParty:1030 - CMSIS Pack Vendor :STMicroelectronics USB_HOST 1.0.0
2025-10-04 13:30:22,219 [INFO] ThirdParty:1030 - CMSIS Pack Vendor :Infineon AIROC-Wi-Fi-Bluetooth-STM32 1.7.1
2025-10-04 13:30:22,219 [INFO] ThirdParty:1030 - CMSIS Pack Vendor :STMicroelectronics X-CUBE-AZRTOS-G4 2.0.0
2025-10-04 13:30:22,219 [INFO] ThirdParty:1030 - CMSIS Pack Vendor :STMicroelectronics X-CUBE-WB05N 2.0.0
2025-10-04 13:30:22,219 [INFO] ThirdParty:1030 - CMSIS Pack Vendor :STMicroelectronics PDM2PCM 3.1.0
2025-10-04 13:30:22,219 [INFO] ThirdParty:1030 - CMSIS Pack Vendor :STMicroelectronics PDM2PCM 3.3.0
2025-10-04 13:30:22,219 [INFO] ThirdParty:1030 - CMSIS Pack Vendor :wolfSSL I-CUBE-wolfTPM 3.8.0
2025-10-04 13:30:22,219 [INFO] ThirdParty:1030 - CMSIS Pack Vendor :STMicroelectronics X-CUBE-AZRTOS-H7 3.4.0
2025-10-04 13:30:22,219 [INFO] ThirdParty:1030 - CMSIS Pack Vendor :STMicroelectronics X-CUBE-DISPLAY 3.0.0
2025-10-04 13:30:22,219 [INFO] ThirdParty:1030 - CMSIS Pack Vendor :wolfSSL I-CUBE-wolfSSH 1.4.20
2025-10-04 13:30:22,219 [INFO] ThirdParty:1030 - CMSIS Pack Vendor :STMicroelectronics X-CUBE-NFC7 2.0.0
2025-10-04 13:30:22,219 [INFO] ThirdParty:1030 - CMSIS Pack Vendor :STMicroelectronics X-CUBE-TCPP 4.2.0
2025-10-04 13:30:22,219 [INFO] ThirdParty:1030 - CMSIS Pack Vendor :RealThread X-CUBE-RT-Thread_Nano 4.1.1
2025-10-04 13:30:22,219 [INFO] ThirdParty:1030 - CMSIS Pack Vendor :STMicroelectronics FP-ATR-SIGFOX1 3.2.0
2025-10-04 13:30:22,219 [INFO] ThirdParty:1030 - CMSIS Pack Vendor :STMicroelectronics X-CUBE-NFC10 1.0.0
2025-10-04 13:30:22,219 [INFO] ThirdParty:1030 - CMSIS Pack Vendor :STMicroelectronics X-CUBE-FREERTOS 1.3.1
2025-10-04 13:30:22,219 [INFO] ThirdParty:1030 - CMSIS Pack Vendor :STMicroelectronics HAL Drivers 0.0.0
2025-10-04 13:30:22,220 [INFO] ThirdParty:1030 - CMSIS Pack Vendor :STMicroelectronics MBEDTLS 2.16.2
2025-10-04 13:30:22,220 [INFO] ThirdParty:1030 - CMSIS Pack Vendor :STMicroelectronics X-CUBE-IPS 3.1.0
2025-10-04 13:30:22,220 [INFO] ThirdParty:1030 - CMSIS Pack Vendor :STMicroelectronics X-CUBE-ALS 1.0.2
2025-10-04 13:30:22,220 [INFO] ThirdParty:1030 - CMSIS Pack Vendor :emotas I-CUBE-CANOPEN 1.3.0
2025-10-04 13:30:22,220 [INFO] ThirdParty:1030 - CMSIS Pack Vendor :STMicroelectronics MBEDTLS 2.14.1
2025-10-04 13:30:22,220 [INFO] ThirdParty:1030 - CMSIS Pack Vendor :ITTIA_DB I-CUBE-ITTIADB 8.9.0
2025-10-04 13:30:22,220 [INFO] ThirdParty:1030 - CMSIS Pack Vendor :STMicroelectronics X-CUBE-TOUCHGFX 4.26.0
2025-10-04 13:30:22,220 [INFO] ThirdParty:1030 - CMSIS Pack Vendor :STMicroelectronics X-CUBE-STSE01 1.0.0
2025-10-04 13:30:22,220 [INFO] ThirdParty:1030 - CMSIS Pack Vendor :portGmbH I-Cube-SoM-uGOAL 1.1.0
2025-10-04 13:30:22,220 [INFO] ThirdParty:1030 - CMSIS Pack Vendor :STMicroelectronics X-CUBE-ST67W61 1.0.0
2025-10-04 13:30:22,220 [INFO] ThirdParty:1030 - CMSIS Pack Vendor :STMicroelectronics FP-SNS-STBOX1 2.1.0
2025-10-04 13:30:22,220 [INFO] ThirdParty:1030 - CMSIS Pack Vendor :STMicroelectronics X-CUBE-AI 10.2.0
2025-10-04 13:30:22,220 [INFO] ThirdParty:1030 - CMSIS Pack Vendor :STMicroelectronics FP-SNS-STAIOTCFT 1.0.0
2025-10-04 13:30:22,221 [INFO] ThirdParty:1030 - CMSIS Pack Vendor :STMicroelectronics ThreadX 1.0.0
2025-10-04 13:30:22,221 [INFO] ThirdParty:1030 - CMSIS Pack Vendor :STMicroelectronics FP-SNS-SMARTAG2 1.2.0
2025-10-04 13:30:22,221 [INFO] ThirdParty:1030 - CMSIS Pack Vendor :STMicroelectronics FP-SNS-FLIGHT1 5.1.0
2025-10-04 13:30:22,222 [INFO] ThirdParty:1030 - CMSIS Pack Vendor :STMicroelectronics X-CUBE-AZRTOS-WL 2.0.0
2025-10-04 13:30:22,222 [INFO] ThirdParty:1030 - CMSIS Pack Vendor :SEGGER I-CUBE-embOS 1.3.1
2025-10-04 13:30:22,222 [INFO] ThirdParty:1030 - CMSIS Pack Vendor :STMicroelectronics X-CUBE-ALGOBUILD 1.4.0
2025-10-04 13:30:22,222 [INFO] ThirdParty:1030 - CMSIS Pack Vendor :STMicroelectronics X-CUBE-DPower 1.3.0
2025-10-04 13:30:22,222 [INFO] ThirdParty:1030 - CMSIS Pack Vendor :STMicroelectronics X-CUBE-MEMS1 11.3.0
2025-10-04 13:30:22,222 [INFO] ThirdParty:1030 - CMSIS Pack Vendor :STMicroelectronics FP-SNS-MOTENV1 5.0.0
2025-10-04 13:30:22,222 [INFO] ThirdParty:1030 - CMSIS Pack Vendor :STMicroelectronics USB_DEVICE 1.0.0
2025-10-04 13:30:22,222 [INFO] ThirdParty:1030 - CMSIS Pack Vendor :STMicroelectronics X-CUBE-AZRTOS-L4 2.0.0
2025-10-04 13:30:22,222 [INFO] ThirdParty:1030 - CMSIS Pack Vendor :STMicroelectronics ThreadX 0.0.2
2025-10-04 13:30:22,222 [INFO] ThirdParty:1030 - CMSIS Pack Vendor :STMicroelectronics lwIP 2.1.2
2025-10-04 13:30:22,222 [INFO] ThirdParty:1030 - CMSIS Pack Vendor :STMicroelectronics X-CUBE-SFXS2LP1 4.0.0
2025-10-04 13:30:22,222 [INFO] ThirdParty:1030 - CMSIS Pack Vendor :STMicroelectronics X-CUBE-BLE2 3.3.0
2025-10-04 13:30:22,222 [INFO] ThirdParty:1030 - CMSIS Pack Vendor :STMicroelectronics X-CUBE-TOF1 3.4.3
2025-10-04 13:30:22,222 [INFO] ThirdParty:1030 - CMSIS Pack Vendor :STMicroelectronics PDM2PCM 3.2.0
2025-10-04 13:30:22,223 [INFO] LoadServerUpdatesThread:375 - End of LoadServerUpdate Thread
2025-10-04 13:30:22,321 [INFO] CheckServerUpdateThread:120 - End of CheckServer Thread
2025-10-04 13:32:01,940 [ERROR] LogOutputStream:75 - [STDERR_REDIRECT] 
2025-10-04 13:32:01,941 [ERROR] LogOutputStream:75 - [STDERR_REDIRECT] 
